utt_id	sec	frames	sample_tokens	transcript
19-198-0000	1.965	25	218	NORTHANGER ABBEY
19-198-0008	2.860	36	311	SHE HAD A THIN AWKWARD FIGURE
19-198-0037	4.240	53	449	SHE MUST SEEK THEM ABROAD INVITED HER TO GO WITH THEM
19-227-0063	8.485	107	900	IN WHAT POINTS HIS OWN CONJECTURES MIGHT ASSIST HIM AND WHAT PORTION MUST YET REMAIN TO BE TOLD IN A LETTER FROM JAMES
19-227-0070	8.420	106	896	AND BELIEVING THAT HEART TO BE HIS OWN WHICH HE HAD BEEN DIRECTED TO GAIN NO UNWORTHY RETRACTION OF A TACIT CONSENT
26-495-0003	9.035	113	951	SPREAD RUMOURS AND REPORTS OF THINGS AND TO IMPROVE THEM BY THE INVENTION OF MEN AS I HAVE LIVED TO SEE PRACTISED SINCE
26-495-0007	4.105	52	439	OR RATHER AT THE UPPER END OF DRURY LANE
26-495-0017	4.200	53	448	SAINT BRIDE'S ZERO SAINT JAMES'S EIGHT
26-495-0018	3.955	50	424	SAINT BRIDE'S SIX SAINT JAMES'S NINE
26-495-0019	2.065	26	226	SAINT JAMES'S SEVEN
26-495-0020	2.190	28	242	SAINT BRIDE'S EIGHT
26-495-0030	3.490	44	375	BUT THIS WAS ALL KNAVERY AND COLLUSION
26-495-0031	5.490	69	588	YET THERE WAS FOURTEEN OF THE SPOTTED FEVER AS WELL AS FOURTEEN OF THE PLAGUE
26-495-0047	5.355	67	564	TO NOTE WHAT BECAME OF ME I HAD TWO IMPORTANT THINGS BEFORE ME
26-495-0080	4.475	56	476	AND AT THAT JUNCTURE I HAPPENED TO STOP TURNING OVER THE BOOK
26-495-0085	8.570	108	901	AND IT WAS MEET HE SHOULD DO WITH ME AS SHOULD SEEM GOOD TO HIM WITH THIS RESOLUTION I WENT TO BED
26-495-0086	7.210	91	769	THE WOMAN BEING TAKEN ILL WITH WHOM I HAD INTENDED TO ENTRUST MY HOUSE AND ALL MY AFFAIRS
26-495-0088	4.490	57	488	FOR IF ANY ONE COMPLAINED IT WAS IMMEDIATELY SAID HE HAD THE PLAGUE
26-496-0006	3.390	43	365	AND OF THE LAST THE BILL ITSELF SAID
26-496-0014	5.505	69	582	BUT THEY WALKED IN THE MIDDLE OF THE GREAT STREET NEITHER ON ONE SIDE
26-496-0015	7.820	98	819	BECAUSE AS I SUPPOSE THEY WOULD NOT MINGLE WITH ANYBODY THAT CAME OUT OF HOUSES OR
26-496-0026	2.390	30	258	MANUFACTURERS AND THE LIKE
27-123349-0001	2.970	38	329	BUT HE WAS PLACED UNDER THE CONTROL OF A COMMITTEE
27-123349-0009	5.065	64	544	ALL THAT WAS REQUIRED OF HIM WAS TO PROMISE THAT HE WOULD NOT ASSUME THE REGAL TITLE
27-123349-0010	2.995	38	327	IT WAS DETERMINED THAT TWO ENGLISHMEN
27-123349-0013	8.295	104	877	RICHMOND WAS ASSURED OF THE SUPPORT OF BARONS EACH OF WHOM COULD BRING AN ARMY OF FEUDAL RETAINERS INTO THE FIELD
27-123349-0021	9.495	119	1007	LOCKE WAS TRAVELLING ON THE CONTINENT FOR HIS HEALTH WHEN HE LEARNED THAT HE HAD BEEN DEPRIVED OF HIS HOME AND OF HIS BREAD WITHOUT A TRIAL OR EVEN A NOTICE
27-123349-0024	7.325	92	777	ALL THE CLANS HOSTILE TO THE NAME OF CAMPBELL WERE SET IN MOTION JOHN MURRAY MARQUESS OF ATHOL
27-123349-0025	3.440	43	367	AND AT THE HEAD OF A GREAT BODY OF HIS FOLLOWERS
27-123349-0030	4.295	54	462	WERE AT THIS TIME MOST DESIROUS THAT THE HOSPITALITY OF THEIR COUNTRY
27-123349-0042	6.700	84	708	THEN INSTEAD OF APPLYING AS HE SHOULD HAVE DONE TO THE STATES GENERAL WHO SATE CLOSE TO HIS OWN DOOR
27-123349-0058	5.205	66	559	A CHIEF OBJECT OF THE EXPEDITION WAS DECLARED TO BE THE ENTIRE SUPPRESSION
27-124992-0002	5.990	75	636	SWORE BY HIS THRONE AND KINGDOM THAT HE WOULD REVENGE HIMSELF OF ALL THOSE COUNTRIES
27-124992-0003	3.095	39	335	THE TWO AND TWENTIETH DAY OF THE FIRST MONTH
27-124992-0004	3.315	42	360	AND ALL THE GOVERNORS AND HIS OFFICERS OF WAR
27-124992-0005	3.800	48	411	NABUCHODONOSOR THE KING CALLED HOLOFERNES
27-124992-0006	3.145	40	343	GO OUT AGAINST ALL THE KINGDOMS OF THE WEST
27-124992-0008	6.935	87	736	WITH ALL PROVISIONS SUFFICIENT FOR THE ARMIES IN ABUNDANCE AND HERDS OF OXEN AND FLOCKS OF SHEEP
27-124992-0009	3.345	42	359	WITH THE CHARIOTS AND HORSEMEN AND ARCHERS
27-124992-0010	2.695	34	295	HE CAME TO THE GREAT MOUNTAINS OF ANGE
27-124992-0011	2.720	34	293	AND HE WENT UP TO ALL THEIR CASTLES
27-124992-0012	2.875	36	311	AND PILLAGED ALL THE CHILDREN OF THARSIS
27-124992-0013	3.070	39	335	WHO WERE OVER AGAINST THE FACE OF THE DESERT
27-124992-0014	4.965	63	538	AND HE FORCED ALL THE STATELY CITIES THAT WERE THERE FROM THE TORRENT OF MAMBRE
27-124992-0015	4.355	55	469	AND STRIPPED THEM OF ALL THEIR RICHES AND ALL THAT RESISTED HIM
27-124992-0016	2.510	32	276	AND HE SET ALL THE CORN ON FIRE
27-124992-0017	2.690	34	288	JUDITH CHAPTER THREE
27-124992-0018	2.895	37	318	HE DESTROYETH THEIR CITIES AND THEIR GODS
27-124992-0019	4.025	51	432	MESOPOTAMIA AND SYRIA SOBAL AND LIBYA
27-124992-0020	3.570	45	384	AND BE SUBJECT TO THEE THAN TO DIE AND TO PERISH
27-124992-0021	8.630	108	908	ALL MOUNTAINS AND HILLS AND FIELDS AND HERDS OF OXEN AND FLOCKS OF SHEEP AND GOATS AND HORSES AND CAMELS
27-124992-0022	3.190	40	339	AND MADE HIMSELF MASTER OF EVERY CITY
27-124992-0023	5.730	72	613	THAT THE INHABITANTS OF ALL THE CITIES BOTH PRINCES AND NOBLES AS WELL AS THE PEOPLE
27-124992-0024	5.730	72	610	THAT HE ONLY MIGHT BE CALLED GOD BY THOSE NATIONS WHICH COULD BE BROUGHT UNDER HIM
27-124992-0025	3.300	42	359	AND ALL APAMEA AND ALL MESOPOTAMIA
27-124992-0026	2.050	26	229	AND STAYED THERE FOR THIRTY DAYS
27-124992-0027	2.775	35	296	JUDITH CHAPTER FOUR
27-124992-0028	4.055	51	439	LEST HE SHOULD DO THE SAME TO JERUSALEM AND TO THE TEMPLE OF THE LORD
27-124992-0029	3.165	40	346	WROTE TO ALL THAT WERE OVER AGAINST ESDRELON
27-124992-0031	3.735	47	403	AND THEY HUMBLED THEIR SOULS IN FASTINGS AND PRAYERS
27-124992-0032	4.660	59	504	AND THEY CAUSED THE LITTLE CHILDREN TO LIE PROSTRATE BEFORE THE TEMPLE OF THE LORD
27-124992-0033	8.635	108	912	THAT THEIR CHILDREN MIGHT NOT BE MADE A PREY AND THEIR WIVES CARRIED OFF AND THEIR CITIES DESTROYED AND THEIR HOLY THINGS PROFANED
27-124992-0034	3.000	38	328	KNOW YE THAT THE LORD WILL HEAR YOUR PRAYERS
27-124992-0036	2.765	35	297	JUDITH CHAPTER FIVE
27-124992-0037	3.640	46	397	THAT THE CHILDREN OF ISRAEL PREPARED THEMSELVES TO RESIST
27-124992-0038	7.940	100	835	OR WHAT ARE THEIR CITIES AND OF WHAT SORT AND HOW GREAT ALSO WHAT IS THEIR POWER OR WHAT IS THEIR MULTITUDE
27-124992-0039	3.785	48	410	HAVE DESPISED US AND HAVE NOT COME OUT TO MEET US
27-124992-0042	9.100	114	966	AND MADE SLAVES OF THEM TO LABOUR IN CLAY AND BRICK IN THE BUILDING OF HIS CITIES THEY CRIED TO THEIR LORD AND HE STRUCK THE WHOLE LAND OF EGYPT
27-124992-0043	4.825	61	522	AND THE PLAGUE HAD CEASED FROM THEM AND THEY HAD A MIND TO TAKE THEM AGAIN
27-124992-0044	4.330	55	471	SO THAT THE WATERS WERE MADE TO STAND FIRM AS A WALL ON EITHER SIDE
27-124992-0045	2.835	36	314	THEY WERE SO OVERWHELMED WITH THE WATERS
27-124992-0046	2.340	30	259	IN WHICH NEVER MAN COULD DWELL
27-124992-0047	6.495	82	699	AND OF THE HETHITES AND OF THE HEVITES AND OF THE AMORRHITES AND ALL THE MIGHTY ONES IN HESEBON
27-124992-0049	4.655	59	505	FROM THE DIFFERENT PLACES WHEREIN THEY WERE SCATTERED THEY ARE COME TOGETHER
27-124992-0050	8.305	104	882	IF THERE BE ANY INIQUITY OF THEIRS IN THE SIGHT OF THEIR GOD LET US GO UP TO THEM BECAUSE THEIR GOD WILL SURELY DELIVER THEM TO THEE
27-124992-0051	3.820	48	410	WE CANNOT RESIST THEM BECAUSE THEIR GOD WILL DEFEND THEM
27-124992-0052	6.280	79	674	WHEN ACHIOR HAD CEASED TO SPEAK THESE WORDS ALL THE GREAT MEN OF HOLOFERNES WERE ANGRY
27-124992-0053	4.100	52	438	AND HIS ARMIES MEN UNARMED AND WITHOUT FORCE
27-124992-0054	4.775	60	512	LET US GO UP INTO THE MOUNTAINS AND WHEN THE BRAVEST OF THEM SHALL BE TAKEN
27-124992-0055	7.455	94	777	AND BESIDES HIM THERE IS NO OTHER JUDITH CHAPTER SIX
27-124992-0056	5.240	66	565	WHEN THEY HAD LEFT OFF SPEAKING THAT HOLOFERNES BEING IN A VIOLENT PASSION
27-124992-0057	3.520	44	378	THAT THE NATION OF ISRAEL IS DEFENDED BY THEIR GOD
27-124992-0058	4.395	55	470	THEN THOU ALSO SHALT DIE WITH THEM BY THE SWORD OF THE ASSYRIANS
27-124992-0059	8.950	112	945	AND THEN THE SWORD OF MY SOLDIERS SHALL PASS THROUGH THY SIDES AND THOU SHALT BE STABBED AND FALL AMONG THE WOUNDED OF ISRAEL
27-124992-0060	6.450	81	685	LET NOT THY COUNTENANCE SINK AND LET THE PALENESS THAT IS IN THY FACE DEPART FROM THEE
27-124992-0061	9.015	113	949	BEHOLD FROM THIS HOUR THOU SHALT BE ASSOCIATED TO THEIR PEOPLE THAT WHEN THEY SHALL RECEIVE THE PUNISHMENT THEY DESERVE FROM MY SWORD
27-124992-0062	2.190	28	245	AND TO LEAD HIM TO BETHULIA
27-124992-0063	3.470	44	380	WENT THROUGH THE PLAINS BUT WHEN THEY CAME NEAR THE MOUNTAINS
27-124992-0064	2.320	29	253	AND SO LEFT HIM BOUND WITH ROPES
27-124992-0065	3.520	44	378	AND SETTING HIM IN THE MIDST OF THE PEOPLE ASKED HIM
27-124992-0066	5.725	72	615	AND IN THE PRESENCE OF ALL THE PEOPLE ALL THAT HE HAD SAID BEING ASKED BY HOLOFERNES
27-124992-0068	7.290	92	776	ALL THE PEOPLE FELL UPON THEIR FACES ADORING THE LORD AND ALL OF THEM TOGETHER MOURNING AND WEEPING
27-124992-0070	5.770	73	619	THE GOD OF OUR FATHERS WHOSE POWER THOU HAST SET FORTH WILL MAKE THIS RETURN TO THEE
27-124992-0071	7.925	100	838	LET GOD BE WITH THEE ALSO IN THE MIDST OF US THAT AS IT SHALL PLEASE THEE SO THOU WITH ALL THINE
27-124992-0072	4.465	56	475	AFTER THE ASSEMBLY WAS BROKEN UP RECEIVED HIM INTO HIS HOUSE
27-124992-0073	2.270	29	254	AND THEY REFRESHED THEMSELVES TOGETHER
27-124992-0074	6.790	85	717	AND THEY PRAYED ALL THE NIGHT LONG WITHIN THE CHURCH DESIRING HELP OF THE GOD OF ISRAEL
27-124992-0076	6.455	81	689	AND TWO AND TWENTY THOUSAND HORSEMEN BESIDES THE PREPARATIONS OF THOSE MEN WHO HAD BEEN TAKEN
27-124992-0077	8.980	113	950	AND THEY CAME BY THE HILLSIDE TO THE TOP WHICH LOOKETH TOWARD DOTHAIN FROM THE PLACE WHICH IS CALLED BELMA UNTO CHELMON
27-124992-0078	4.620	58	496	WHEN THEY SAW THE MULTITUDE OF THEM PROSTRATED THEMSELVES UPON THE GROUND
32-4137-0009	6.535	82	700	THEIR GREY HAIR AND WHISKERS AT ONCE PRONOUNCED THEM TO BE ABOVE THE AGES SET DOWN IN THE TRADER'S ADVERTISEMENT
32-4137-0011	4.590	58	495	DIS NIGGER IS NO COUNTEFIT HE IS DE GENEWINE ARTEKIL
32-4137-0012	8.665	109	925	HAD A SET OF TEETH WHICH FOR WHITENESS AND BEAUTY COULD NOT BE SURPASSED HIS EYES LARGE LIPS THICK AND HAIR SHORT AND WOOLLY
32-4137-0017	8.680	109	930	BUT WHEN YOU GET IN DE MARKET AN ANYBODY AXE YOU HOW OLD YOU IS AN YOU TELL EM FORTY FIVE MARSER WILL TIE YOU UP AN GIB YOU DE WHIP LIKE SMOKE
32-4137-0018	5.160	65	557	WELL DEN I GUESS I WILL ONLY BE THIRTY WHEN DEY AXE ME REPLIED THE CHATTEL
32-4137-0021	7.820	98	819	YOU IS NOW TWENTY THREE YEARS OLD AN NO MORE DUS YOU HEAR DAT YES RESPONDED TOBY
32-4137-0027	9.475	119	1007	AT THIS MOMENT THE ENGINEER OF THE PATRIOT WAS SEEN TO FASTEN DOWN THE SAFETY VALVE SO THAT NO STEAM SHOULD ESCAPE THIS WAS INDEED A DANGEROUS RESORT
32-4137-0028	5.640	71	603	THE PATRIOT STOPPED TO TAKE IN PASSENGERS AND STILL NO STEAM WAS PERMITTED TO ESCAPE
32-4137-0030	3.825	48	415	BY THIS TIME THE BOAT HAD LANDED AND THE COLUMBIA THE OTHER BOAT
32-4137-0031	3.105	39	336	THE KILLED AND SCALDED NINETEEN IN NUMBER
32-4137-0034	6.215	78	665	I WILL SEE YOU AND FIVE HUNDRED DOLLARS BETTER SAID SMITH AS HIS SERVANT JERRY APPROACHED THE TABLE
32-4137-0037	9.105	114	967	YOU WILL NOT FORGET THAT YOU BELONG TO ME SAID JOHNSON AS THE YOUNG SLAVE WAS STEPPING FROM THE TABLE TO A CHAIR NO SIR REPLIED THE CHATTEL
32-4137-0041	4.130	52	445	WHO DO YOU BELONG TO SAID A GENTLEMAN TO AN OLD BLACK MAN
32-4137-0043	8.660	109	926	HE GOES TO BED AT NIGHT THE PROPERTY OF THE MAN WITH WHOM HE HAS LIVED FOR YEARS AND GETS UP IN THE MORNING THE SLAVE OF SOME ONE WHOM HE HAS NEVER SEEN BEFORE
32-4137-0053	6.360	80	682	ALL WENT ON WELL THE REMAINDER OF THE NIGHT AND THE NEXT DAY AT TEN O'CLOCK THE BOAT ARRIVED AT NEW ORLEANS
32-4137-0058	3.955	50	427	SHALL YET ASSAIL AND REND DISSIMULATION'S VEIL
32-21625-0008	5.270	66	564	DOWN TO THE BOTTOM OF A POND AND SLIP INSIDE A DOOR WHICH LED TO A WINDING HALL
32-21631-0016	7.580	95	808	HE WAS AFRAID THAT IF HE SAID ANOTHER WORD MISTER CROW WOULD GROW ANGRY AND FLY AWAY WITHOUT TELLING HIM ANY MORE NEWS
32-21631-0019	7.530	95	807	SO I SHALL NOT TELL YOU THE REST UNTIL NEXT SATURDAY YOU SEE YOU HAVE A FEW THINGS TO LEARN ABOUT TAKING A NEWSPAPER
32-21634-0009	4.005	51	439	THERE WAS MISTER CROW SITTING UPON ONE OF THE FALLEN TREES
32-21634-0013	7.585	95	807	AND AS FOR BROWNIE HE WAS SO FRIGHTENED THAT HE DROPPED HIS BASKET RIGHT IN THE WATER I MEAN SAID MISTER CROW
32-21634-0014	9.010	113	952	YOU DON'T SEEM TO HAVE UNDERSTOOD THAT SIGN IN THE FIRST PLACE IT WAS NOT FARMER GREEN BUT HIS SON JOHNNIE WHO NAILED IT TO THE TREE
32-21634-0016	8.910	112	955	THE SIGN DOESN'T MEAN THAT HUNTING AND FISHING ARE TO BE STOPPED IT MEANS THAT NO ONE BUT JOHNNIE GREEN IS GOING TO HUNT AND FISH IN THIS NEIGHBORHOOD
32-21634-0017	2.970	38	331	AND INSTEAD OF HUNTING AND FISHING BEING STOPPED
32-21634-0019	8.480	106	898	BUT NOBODY CARED TO GO AND THE WHOLE VILLAGE SEEMED GREATLY DISAPPOINTED UNTIL GRANDADDY BEAVER MADE A SHORT SPEECH
39-121914-0001	3.685	47	401	VERY FOND OF BOTH DAUGHTERS BUT PARTICULARLY OF EMMA
39-121914-0009	2.485	32	278	HOW SHE HAD DEVOTED ALL HER POWERS
39-121914-0015	6.750	85	713	FOR HAVING BEEN A VALETUDINARIAN ALL HIS LIFE WITHOUT ACTIVITY OF MIND OR BODY
39-121914-0017	6.545	82	692	BEING SETTLED IN LONDON ONLY SIXTEEN MILES OFF WAS MUCH BEYOND HER DAILY REACH
39-121914-0018	6.065	76	643	THROUGH AT HARTFIELD BEFORE CHRISTMAS BROUGHT THE NEXT VISIT FROM ISABELLA AND HER HUSBAND
39-121914-0025	3.125	40	342	YOU KNOW WE HAVE SETTLED ALL THAT ALREADY
39-121914-0027	2.970	38	330	I AM SURE SHE WILL BE AN EXCELLENT SERVANT
39-121914-0033	6.085	77	653	I WISH YOU MAY NOT CATCH COLD DIRTY SIR LOOK AT MY SHOES NOT A SPECK ON THEM
39-121914-0037	6.490	82	694	I AM AFRAID I AM SOMETIMES VERY FANCIFUL AND TROUBLESOME MY DEAREST PAPA
39-121914-0047	8.240	103	876	IF YOU HAVE BEEN ENDEAVOURING FOR THE LAST FOUR YEARS TO BRING ABOUT THIS MARRIAGE A WORTHY EMPLOYMENT FOR A YOUNG LADY'S MIND
39-121914-0055	2.615	33	287	ASK HIM TO COME AND DINE WITH US SOME DAY
39-121914-0056	4.315	54	461	I DARE SAY MISTER KNIGHTLEY WILL BE SO KIND AS TO MEET HIM
39-121915-0003	9.280	116	976	MISS CHURCHILL HOWEVER BEING OF AGE AND WITH THE FULL COMMAND OF HER FORTUNE THOUGH HER FORTUNE BORE NO PROPORTION TO THE FAMILY ESTATE
39-121915-0004	4.980	63	537	AND IT TOOK PLACE TO THE INFINITE MORTIFICATION OF MISTER AND MISSUS CHURCHILL
39-121915-0007	3.735	47	401	NOR FROM MISSING THE LUXURIES OF HER FORMER HOME
39-121915-0019	7.265	91	773	MISTER FRANK CHURCHILL WAS ONE OF THE BOASTS OF HIGHBURY AND A LIVELY CURIOSITY TO SEE HIM PREVAILED
39-121915-0020	8.365	105	884	BUT NEVER ACHIEVED NOW UPON HIS FATHER'S MARRIAGE IT WAS VERY GENERALLY PROPOSED AS A MOST PROPER ATTENTION
39-121915-0023	6.035	76	649	I SUPPOSE YOU HAVE HEARD OF THE HANDSOME LETTER MISTER FRANK CHURCHILL HAS WRITTEN TO MISSUS WESTON
39-121915-0026	3.440	43	368	BUT DEAR EMMA WAS OF NO FEEBLE CHARACTER
39-121915-0029	6.435	81	686	AND SO APPARENT THAT EMMA WELL AS SHE KNEW HER FATHER WAS SOMETIMES TAKEN BY SURPRIZE
39-121915-0033	6.405	81	691	BUT STILL THE CAKE WAS EATEN AND THERE WAS NO REST FOR HIS BENEVOLENT NERVES TILL IT WAS ALL GONE
39-121916-0025	2.305	29	254	HE LOVED TO HAVE THE CLOTH LAID
39-121916-0026	4.275	54	465	AND WHILE HIS HOSPITALITY WOULD HAVE WELCOMED HIS VISITORS TO EVERY THING
39-121916-0028	8.210	103	867	MISSUS BATES LET ME PROPOSE YOUR VENTURING ON ONE OF THESE EGGS AN EGG BOILED VERY SOFT IS NOT UNWHOLESOME
39-121916-0031	5.405	68	576	AND ON THE PRESENT EVENING HAD PARTICULAR PLEASURE IN SENDING THEM AWAY HAPPY
40-222-0026	8.795	110	928	I SHALL NOT ENTER INTO PARTICULARS THEY WOULD ONLY PAIN YOU MORE YOU WILL SOON HEAR ENOUGH FROM ANOTHER QUARTER TO KNOW WHERE LIES THE BLAME
40-222-0030	6.475	81	684	TILL THE VERY LAST IF I REASONED WITH HER SHE DECLARED HERSELF AS MUCH ATTACHED TO ME AS EVER
40-222-0033	4.220	53	449	DEAREST CATHERINE BEWARE HOW YOU GIVE YOUR HEART
40-222-0057	5.365	68	579	INCONCEIVABLE HENRY FREDERICK TOO WHO ALWAYS WORE HIS HEART SO PROUDLY
40-222-0067	5.080	64	541	THAT I AM NEVER TO HEAR FROM HER PERHAPS NEVER TO SEE HER AGAIN
40-222-0068	7.690	97	818	WHAT IS MOST TO THE CREDIT OF HUMAN NATURE SUCH FEELINGS OUGHT TO BE INVESTIGATED THAT THEY MAY KNOW THEMSELVES
40-121026-0007	4.950	62	534	WHICH HE COULD JUST RECOLLECT HAVING VISITED DURING A VOYAGE MADE IN HIS EARLIEST YOUTH
40-121026-0009	4.375	55	470	SERVING AS A SAFE DEPOSITORY OF THE ARTICLES MENTIONED TO DANTES
40-121026-0010	4.480	56	478	ASKED THE ABBE OH YOUR GREAT WORK ON THE MONARCHY OF ITALY
40-121026-0012	3.475	44	378	AS WELL AS MAKE OUT THE SENSE IT BEING IN ITALIAN
40-121026-0015	5.290	67	568	NOW LET ME BEHOLD THE CURIOUS PENS WITH WHICH YOU HAVE WRITTEN YOUR WORK LOOK
40-121026-0019	7.850	99	842	AS THE WORKS OF THE SAVAGES IN THE SOUTH SEAS FROM WHENCE THEY HAD BEEN BROUGHT BY THE DIFFERENT TRADING VESSELS AS FOR THE INK
40-121026-0022	2.330	30	260	I FURNISHED MYSELF WITH A LIGHT
40-121026-0028	6.570	83	705	SO THAT I HAVE BEEN ABLE TO FINISH MY WORK HERE AND WAS IT NOT DISCOVERED THAT YOUR SHEETS WERE UNHEMMED
40-121026-0040	6.375	80	680	I WOULD FAIN FIX THE SOURCE OF IT ON MAN THAT I MAY NO LONGER VENT REPROACHES UPON HEAVEN
60-121082-0001	8.675	109	925	WAS THE FIRST TO GIVE THE SIGNAL OF DEPARTURE HE OFFERED A SEAT IN HIS LANDAU TO MADAME DANGLARS THAT SHE MIGHT BE UNDER THE CARE OF HIS WIFE
60-121082-0002	8.805	111	935	AS FOR M DANGLARS ABSORBED IN AN INTERESTING CONVERSATION WITH M CAVALCANTI HE PAID NO ATTENTION TO ANYTHING THAT WAS PASSING
60-121082-0013	8.550	107	898	BY DECLARING IN WHAT LAKE THE BEST LAMPREYS WERE CAUGHT THEN HE HAD EATEN SOME WITHOUT SAYING A WORD MORE
60-121082-0042	8.565	108	898	LET ME ASK YOU WHY YOU DECEIVED ME HOW HAVE I DECEIVED YOU HOW DO YOU ASK
60-121082-0044	6.150	77	643	YOU ARE SPECULATING UPON ME WHAT FINE WORDS HE USES
60-121082-0047	9.035	113	931	COME COME WHAT THEN PATIENCE PATIENCE I AM PATIENT BUT GO ON
60-121082-0049	4.860	61	515	I CHOSE MY OPPORTUNITY THAT I MIGHT NOT COMPROMISE YOU
60-121082-0051	8.550	107	901	YOU ARE NATURALLY AS SLIPPERY AS AN EEL IF I HAD MISSED YOU TO NIGHT I MIGHT NOT HAVE HAD ANOTHER CHANCE
60-121082-0061	8.635	108	898	WHAT AN APPETITE YOU USED TO HAVE IS IT AS GOOD NOW OH YES REPLIED ANDREA LAUGHING
60-121082-0063	7.715	97	809	OH BE EASY I HAVE NO DESIGN UPON YOUR COUNT AND YOU SHALL HAVE HIM ALL TO YOURSELF BUT
60-121082-0064	5.280	66	549	YOU MUST PAY FOR IT YOU UNDERSTAND WELL
60-121082-0072	5.090	64	533	THE MAN WHOSE HOUSE YOU HAVE JUST LEFT YES
60-121082-0073	8.195	103	864	SINCE HE HOLDS THE MONEY CHEST WELL I WILL MENTION YOU TO HIM MEANWHILE WHAT ARE YOU GOING TO DO
60-121082-0077	3.785	48	406	DO YOU THINK SO M BOSSUET AND YOU
60-121082-0079	8.260	104	872	AND NOW THAT YOU HAVE ALL YOU WANT AND THAT WE UNDERSTAND EACH OTHER JUMP DOWN FROM THE TILBURY AND DISAPPEAR
60-121082-0085	4.480	56	475	WHERE IT BEGAN PLAYING WITH A PISTOL BUT MEANWHILE
60-121082-0089	5.550	70	594	BUT HOW WILL YOU PASS THROUGH THE BARRIER WITHOUT EXCITING SUSPICION IT SEEMS TO ME
60-121082-0091	7.840	98	824	HE ASSUMED THE CARELESS ATTITUDE OF A SERVANT WHOSE MASTER DRIVES HIMSELF BUT TELL ME SAID ANDREA
60-121082-0092	8.375	105	888	IT IS SO WINDY THAT YOUR HAT CAN EASILY APPEAR TO HAVE BLOWN OFF COME COME ENOUGH OF THIS SAID CAVALCANTI
60-121082-0094	2.410	31	265	WELL SAID ANDREA
60-121082-0096	7.730	97	806	AND RUNNING INTO A COURT HE DISAPPEARED ALAS SAID ANDREA SIGHING
78-368-0006	8.670	109	922	I COULD FEEL THE BLOOD TRICKLING IN MY VEINS AND TINGLING IN THE EXTREMITIES OF MY LIMBS THIS STATE LASTED BUT FOR AN INSTANT
78-368-0007	7.710	97	813	GREAT GOD WHY DID I NOT THEN EXPIRE WHY AM I HERE TO RELATE THE DESTRUCTION OF THE BEST HOPE
78-368-0016	8.835	111	922	NETS WERE CAST BUT IN VAIN AFTER PASSING SEVERAL HOURS WE RETURNED HOPELESS
78-368-0020	8.340	105	877	AND JOINED MY SAD TEARS TO THEIRS ALL THIS TIME NO DISTINCT IDEA PRESENTED ITSELF TO MY MIND
78-368-0025	5.740	72	610	HOWEVER IT WAS HARDLY MORNING AND I MIGHT REASONABLY HOPE TO ARRIVE BY NIGHT
78-368-0031	3.145	40	348	SOMETIMES INDEED I DREAMT THAT I WANDERED
78-368-0034	6.230	78	663	AND DESIRED AND ARDENTLY PRAYED THAT I MIGHT HAVE HIM WITHIN MY GRASP TO WREAK A GREAT
78-368-0038	3.960	50	425	MY MANNER AS I THUS ADDRESSED HIM WAS IMPRESSIVE
78-368-0042	3.575	45	384	FROM THE EXECUTION OF THOSE FUNCTIONS ON THIS OCCASION
78-368-0044	7.870	99	842	WHO CAN FOLLOW AN ANIMAL WHICH CAN TRAVERSE THE SEA OF ICE AND INHABIT CAVES AND DENS WHERE NO MAN WOULD VENTURE TO INTRUDE
78-368-0050	9.395	118	991	BUT ALL THAT I CAN SAY WILL BE OF LITTLE AVAIL MY REVENGE IS OF NO MOMENT TO YOU YET WHILE I ALLOW IT TO BE A VICE
78-368-0053	4.300	54	461	HOW IGNORANT ART THOU IN THY PRIDE OF WISDOM CEASE
78-369-0003	8.770	110	928	ALL THE HARDSHIPS WHICH TRAVELLERS IN DESERTS AND BARBAROUS COUNTRIES ARE WONT TO MEET HOW I HAVE LIVED I HARDLY KNOW
78-369-0020	8.910	112	938	THAT RESTORED AND INSPIRITED ME THE FARE WAS INDEED COARSE SUCH AS THE PEASANTS OF THE COUNTRY ATE
78-369-0048	7.710	97	814	WHICH THREATENED MY DESTRUCTION BUT AGAIN THE FROST CAME AND MADE THE PATHS OF THE SEA SECURE
78-369-0057	7.695	97	825	AND I WAS LEFT DRIFTING ON A SCATTERED PIECE OF ICE THAT WAS CONTINUALLY LESSENING AND THUS PREPARING FOR ME A HIDEOUS DEATH
78-369-0058	8.730	110	931	SEVERAL OF MY DOGS DIED AND I MYSELF WAS ABOUT TO SINK UNDER THE ACCUMULATION OF DISTRESS WHEN I SAW YOUR VESSEL RIDING AT ANCHOR
83-3054-0000	4.525	57	484	A WOMAN'S LIFE SAVED THE CAUSE OF HER FALLING INTO THE SEA
83-3054-0019	7.895	99	832	HE FOUND THIS GENTLE CREATURE WAITING HIS ARRIVAL AND LEARNED THE MEANS BY WHICH SHE CAME INTO THE WORLD AGAIN
83-9960-0005	2.860	36	311	THINK THAT THE LARK REALLY IS YOUR DAUGHTER
83-9960-0019	3.650	46	390	SHE PAUSED CHOKING THEN WENT ON
83-9960-0022	2.820	36	311	IT'S NOTHING BUT A BIG CARRIAGE GATE
83-9960-0024	4.925	62	522	WAS SAFE WHILE HIS EXASPERATED WIFE VOCIFERATED
83-9960-0026	6.440	81	684	FINALLY HE SAID TO THE PRISONER WITH A SLOW AND SINGULARLY FEROCIOUS TONE
83-9960-0032	7.955	100	845	ARE TO JEWELLERS WORK WHAT THE METAPHORS OF SLANG ARE TO POETRY THERE ARE BENVENUTO CELLINIS IN THE GALLEYS
83-9960-0036	4.640	58	491	HE POSSESSES LIBERTY IT WAS A LARGE SOU OF THIS SORT
83-9960-0040	8.245	104	877	AT THE SAME MOMENT HE EXTENDED HIS ARM AND LAID THE GLOWING CHISEL WHICH HE HELD IN HIS LEFT HAND BY ITS WOODEN HANDLE
83-9960-0053	5.930	75	628	ASKED THE THENARDIER WOMAN WE HAVEN'T THE TIME THROUGH WHAT
83-9960-0056	7.885	99	832	WITH WRITTEN NAMES THROWN INTO A HAT WOULD YOU LIKE MY HAT CRIED A VOICE ON THE THRESHOLD
83-11691-0001	8.415	106	894	BUT FOR THE MOMENT I CANNOT SEE BEYOND THE SADNESS OF IT THAT TO A PRINCE OF THE ROYAL HOUSE OF ARABY
83-11691-0003	5.875	74	626	CORONEL CAME BACK FROM HIS STROLL IN THE SAME CASUAL WAY IN WHICH HE HAD STARTED
83-11691-0009	5.865	74	621	I'M I'M CORONEL HERE I AM SAID UDO PATHETICALLY
83-11691-0013	3.905	49	412	REALLY FRANKLY HE ASKED
83-11691-0018	4.030	51	432	AND WHERE ONE DOES NOT LAUGH ONE MAY COME TO LOVE
83-11691-0019	7.285	92	774	STRIKING I HAVEN'T SEEN IT YOU SEE TO ONE WHO DIDN'T KNOW YOUR ROYAL HIGHNESS
83-11691-0020	3.955	50	423	RABBIT HE SOBBED SO UNDIGNIFIED
83-11691-0021	7.565	95	796	HE ADDED BITTERLY HOW DID IT HAPPEN I DON'T KNOW CORONEL I JUST WENT TO SLEEP
83-11691-0023	7.435	93	789	I WAS VERY POLITE TO HER DON'T YOU REMEMBER MY SAYING TO YOU BE POLITE TO HER BECAUSE SHE'S PROBABLY A FAIRY
83-11691-0030	3.385	43	366	HE MURMURED TO HIMSELF OBVIOUSLY
83-11691-0031	2.450	31	268	GOOD BYE YOUR ROYAL HIGHNESS
83-11691-0037	3.240	41	348	HE MIGHT GO BACK TO ARABY
83-11691-0041	4.765	60	507	SHE WOULD FIND HIM STROKABLE AND THE LION IN HIM
83-11691-0042	2.890	37	316	SHE WOULD FIND THAT INSPIRING
87-121553-0001	9.495	119	1014	WHEN JUNO TO HER HANDMAID GIVES COMMAND THE ONE WITHOUT BORN OF THE ONE WITHIN LIKE TO THE SPEAKING OF THAT VAGRANT ONE WHOM LOVE CONSUMED AS DOTH THE SUN THE VAPOURS
87-121553-0018	8.875	111	944	I AM AS I AM WONT TWILL NOT BE FROM CASAL NOR ACQUASPARTA FROM WHENCE COME SUCH UNTO THE WRITTEN WORD THAT ONE AVOIDS IT AND THE OTHER NARROWS
87-121553-0020	8.890	112	950	AND PETER MANGIADOR AND PETER OF SPAIN WHO DOWN BELOW IN VOLUMES TWELVE IS SHINING NATHAN THE SEER AND METROPOLITAN CHRYSOSTOM
87-121553-0023	7.395	93	794	THAT IN THE POINT BEGINNETH OF THE AXIS ROUND ABOUT WHICH THE PRIMAL WHEEL REVOLVES TO HAVE FASHIONED OF THEMSELVES TWO SIGNS IN HEAVEN
87-121553-0026	8.280	104	885	THEN BROKE THE SILENCE OF THOSE SAINTS CONCORDANT THE LIGHT IN WHICH THE ADMIRABLE LIFE OF GOD'S OWN MENDICANT WAS TOLD TO ME AND SAID
87-121553-0034	5.260	66	561	NOW IF NO FARTHER FORTH I SHOULD PROCEED THEN IN WHAT WAY WAS HE WITHOUT A PEER
87-121553-0077	3.775	48	413	WHICH SURPASSED SHALL IN ITS DOWNFALL BE AS IN ITS RISE
87-121553-0089	7.005	88	753	FROM UTTERING OF THE AVE TILL THE BIRTH IN WHICH MY MOTHER WHO IS NOW A SAINT OF ME WAS LIGHTENED WHO HAD BEEN HER BURDEN
87-121553-0092	9.235	116	982	AND HIM OF SIGNA WHO HAS SHARP EYES FOR TRICKERY ALREADY HAD NOT THE FOLK WHICH MOST OF ALL THE WORLD DEGENERATES BEEN A STEP DAME UNTO CAESAR
87-121553-0107	7.675	96	816	WITH ALL THESE FAMILIES AND OTHERS WITH THEM FLORENCE BEHELD I IN SO GREAT REPOSE THAT NO OCCASION HAD SHE WHENCE TO WEEP
89-218-0004	6.285	79	674	AND FORGETTING EVERYTHING ELSE SHE STOOD GAZING ON IT IN MOTIONLESS WONDER WHILE THESE THOUGHTS CROSSED HER
89-218-0014	9.065	114	968	ENTERED THE ROOM AND TO THE RISING SHAME OF HAVING HARBOURED FOR SOME MINUTES AN ABSURD EXPECTATION WAS THEN ADDED THE SHAME OF BEING CAUGHT IN SO IDLE A SEARCH
89-218-0015	4.120	52	452	SAID MISS TILNEY AS CATHERINE HASTILY CLOSED IT AND TURNED AWAY TO THE GLASS
89-218-0019	5.980	75	641	WHO WAS ABSOLUTELY OUT OF BREATH FROM HASTE WHEN THERE WAS NOT THE LEAST OCCASION FOR HURRY IN THE WORLD
89-218-0024	6.700	84	716	THE GENERAL'S GOOD HUMOUR INCREASED WHY AS HE HAD SUCH ROOMS HE THOUGHT IT WOULD BE SIMPLE NOT TO MAKE USE OF THEM
89-218-0041	8.370	105	894	THE WIND ROARED DOWN THE CHIMNEY THE RAIN BEAT IN TORRENTS AGAINST THE WINDOWS AND EVERYTHING SEEMED TO SPEAK THE AWFULNESS OF HER SITUATION
89-218-0049	3.980	50	430	SHE SEIZED WITH AN UNSTEADY HAND THE PRECIOUS MANUSCRIPT
89-218-0057	9.495	119	1014	AS IF BY THE ATTEMPT OF SOMEBODY TO ENTER HOLLOW MURMURS SEEMED TO CREEP ALONG THE GALLERY AND MORE THAN ONCE HER BLOOD WAS CHILLED BY THE SOUND OF DISTANT MOANS
89-219-0005	7.735	97	824	TO SUPPOSE THAT A MANUSCRIPT OF MANY GENERATIONS BACK COULD HAVE REMAINED UNDISCOVERED IN A ROOM SUCH AS THAT SO MODERN SO HABITABLE
89-219-0008	2.555	32	280	AND YET UNEQUAL TO AN ABSOLUTE FALSEHOOD
89-219-0009	5.145	65	555	BUT WE HAVE A CHARMING MORNING AFTER IT SHE ADDED DESIRING TO GET RID OF THE SUBJECT
89-219-0010	3.160	40	344	AND HOW MIGHT YOU LEARN BY ACCIDENT OR ARGUMENT
89-219-0012	7.025	88	753	BUT I DO NOT WANT ANY SUCH PURSUIT TO GET ME OUT OF DOORS THE PLEASURE OF WALKING AND BREATHING FRESH AIR IS ENOUGH FOR ME
89-219-0013	2.335	30	261	MAMMA SAYS I AM NEVER WITHIN
89-219-0028	9.275	116	985	THE WEATHER WAS AT PRESENT FAVOURABLE AND AT THIS TIME OF YEAR THE UNCERTAINTY WAS VERY GREAT OF ITS CONTINUING SO WHICH WOULD SHE PREFER HE WAS EQUALLY AT HER SERVICE
89-219-0031	4.640	58	497	NEITHER HER FATHER NOR MISTER ALLEN DID SO IT WAS CERTAINLY VERY PROVOKING
89-219-0035	7.860	99	839	THE GENERAL LISTENED WITH ASSENTING GRATITUDE AND IT SEEMED AS IF HIS OWN ESTIMATION OF NORTHANGER HAD WAITED UNFIXED TILL THAT HOUR
89-219-0038	5.830	73	626	AS HE SOON FORCED HER TO TELL HIM IN WORDS THAT SHE HAD NEVER SEEN ANY GARDENS AT ALL EQUAL TO THEM BEFORE
89-219-0040	6.655	84	712	OR IF HE DID NOT HIS FRIENDS AND CHILDREN DID THERE WERE GREAT VEXATIONS HOWEVER ATTENDING SUCH A GARDEN AS HIS
89-219-0041	5.050	64	547	WITH A TRIUMPHANT SMILE OF SELF SATISFACTION THE GENERAL WISHED HE COULD DO THE SAME
89-219-0045	8.485	107	905	BUT WHERE ARE YOU GOING ELEANOR WHY DO YOU CHOOSE THAT COLD DAMP PATH TO IT MISS MORLAND WILL GET WET OUR BEST WAY IS ACROSS THE PARK
89-219-0046	3.490	44	380	SAID MISS TILNEY THAT I ALWAYS THINK IT THE BEST AND NEAREST WAY
89-219-0049	4.050	51	445	AND CATHERINE WAS SHOCKED TO FIND HOW MUCH HER SPIRITS WERE RELIEVED BY THE SEPARATION
89-219-0055	4.250	54	463	A MOTHER WOULD HAVE BEEN ALWAYS PRESENT A MOTHER WOULD HAVE BEEN A CONSTANT FRIEND
89-219-0056	4.985	63	543	WAS SHE A VERY CHARMING WOMAN WAS SHE HANDSOME WAS THERE ANY PICTURE OF HER IN THE ABBEY
89-219-0057	7.690	97	819	WAS IT FROM DEJECTION OF SPIRITS WERE QUESTIONS NOW EAGERLY POURED FORTH THE FIRST THREE RECEIVED A READY AFFIRMATIVE
89-219-0059	3.740	47	411	SOON AFTER HER DEATH I OBTAINED IT FOR MY OWN AND HUNG IT IN MY BED CHAMBER
103-1240-0015	3.810	48	423	IF HE'D RUN OUT OF TURNIP SEED HE WOULDN'T DRESS UP AND TAKE THE BUGGY TO GO FOR MORE
103-1240-0026	8.335	105	888	AND HERE SHE SAT NOW KNITTING AND THE TABLE BEHIND HER WAS LAID FOR SUPPER MISSUS RACHEL BEFORE SHE HAD FAIRLY CLOSED THE DOOR
103-1240-0038	7.155	90	778	MISSUS ALEXANDER SPENCER WAS UP HERE ONE DAY BEFORE CHRISTMAS AND SHE SAID SHE WAS GOING TO GET A LITTLE GIRL FROM THE ASYLUM OVER IN HOPETON IN THE SPRING
103-1240-0057	6.855	86	735	MY BUT I PITY HIM THAT'S WHAT SO SAID MISSUS RACHEL TO THE WILD ROSE BUSHES OUT OF THE FULNESS OF HER HEART
103-1241-0018	9.435	118	1016	I SUPPOSE YOU ARE MISTER MATTHEW CUTHBERT OF GREEN GABLES SHE SAID IN A PECULIARLY CLEAR SWEET VOICE I'M VERY GLAD TO SEE YOU I WAS BEGINNING TO BE AFRAID YOU WEREN'T COMING FOR ME
103-1241-0019	3.025	38	335	I HAD MADE UP MY MIND THAT IF YOU DIDN'T COME FOR ME TO NIGHT
103-1241-0025	4.830	61	532	IT'S WORSE THAN ANYTHING YOU COULD IMAGINE MISSUS SPENCER SAID IT WAS WICKED OF ME TO TALK LIKE THAT
103-1241-0043	5.730	72	620	AND ALTHOUGH HE FOUND IT RATHER DIFFICULT FOR HIS SLOWER INTELLIGENCE TO KEEP UP WITH HER BRISK MENTAL PROCESSES
118-47824-0002	3.965	50	434	ALL THAT REMAINED WAS TO LEARN HOW HE HAD ACCOMPLISHED THE APPARENT MIRACLES
118-47824-0013	4.570	58	494	HAVE I ANY RIGHT DON'T GRAHAM SAID I'LL BE WITH YOU AGAIN TO NIGHT
118-47824-0015	3.045	39	337	THE MANAGER TOOK MY ADVICE BUT MARIA'S STILL MISSING
118-47824-0020	7.545	95	813	OVERCOAT I'VE NEARLY FROZEN DRIVING FROM SMITHTOWN BEFORE EITHER MAN COULD GROPE FOR A SUITABLE GREETING HE FACED BOBBY
118-47824-0021	2.985	38	329	FACT IS BOBBY I LEFT NEW YORK TOO SUDDENLY
118-47824-0022	2.945	37	324	YOU SEE I SPENT A GOOD DEAL IN SMITHTOWN YESTERDAY
118-47824-0023	5.015	63	537	GRAHAM INTERRUPTED WITH A FLAT DEMAND FOR AN EXPLANATION HOW DID YOU GET AWAY
118-47824-0025	4.300	54	466	BOBBY HANDED HIM A BANKNOTE HE DIDN'T MISS GRAHAM'S MEANING GLANCE
118-47824-0026	2.440	31	269	PAY HIM WILL YOU JENKINS THANKS
118-47824-0028	6.725	85	725	COMPELLED HIM TO REMAIN FOR THE PRESENT IN THE MOURNFUL TRAGIC HOUSE THEREFORE HE WOULD CRUSH HIS JUSTIFIABLE ANGER
118-47824-0030	2.745	35	303	GRAHAM ON THE OTHER HAND WAS ILL AT EASE
118-47824-0031	9.365	118	1000	FOR HIM YESTERDAY'S INCIDENT WAS NOT SO LIGHTLY TO BE PASSED OVER EVENTUALLY HIS CURIOSITY CONQUERED THE WORDS CAME NEVERTHELESS WITH SOME DIFFICULTY
118-47824-0032	3.745	47	413	WE TOOK IT FOR GRANTED YOU WOULD FIND IT NECESSARY TO STAY IN SMITHTOWN FOR A WHILE
118-47824-0035	1.990	25	225	I DON'T MIND I'M GLAD YOU'RE OUT OF IT
118-47824-0036	4.990	63	538	YOUR PRESENCE IN THE PRIVATE STAIRCASE WAS THE LAST STRAW YOU WILL FORGIVE US CARLOS
118-47824-0037	8.730	110	929	HE SMOKED WITH A VAST CONTENTMENT THAT'S BETTER NOTHING TO FORGIVE BOBBY LET US CALL IT A MISUNDERSTANDING GRAHAM MOVED CLOSER
118-47824-0040	3.225	41	361	BUT I MUST SAY I DIDN'T THINK YOU'D USE YOUR FREEDOM TO COME TO US
118-47824-0044	8.200	103	882	THAT MIGHT MAKE MEN WALK UNCONSCIOUSLY TO ACCOMPLISH THE ENDS OF AN UNSCRUPULOUS BRAIN THE DISTRICT ATTORNEY APPEARED AS MUCH AT SEA AS THE OTHERS
118-47824-0045	8.805	111	949	AND GLANCING AT BOBBY HE ASKED WITH A HOLLOW SCORN YOU'VE NO OBJECTION TO THE GENTLEMAN VISITING YOU FOR THE PRESENT IF HE WISHES BOBBY ANSWERED
118-47824-0046	4.810	61	525	ROBINSON JERKED HIS HEAD TOWARD THE WINDOW I'VE BEEN WATCHING THE PREPARATIONS OUT THERE
118-47824-0056	5.015	63	543	IF THE OLD MAN IN HIS SELFISHNESS HAD PAUSED TO GAZE BEYOND THE INEVITABLE FACT OF DEATH
118-47824-0060	2.765	35	306	SUCH A FIGURE WAS APPROPRIATE TO THE CEDARS
118-47824-0061	9.040	113	967	HE EMERGED FROM THE FOREST AND SAW AGAIN THE LEISURELY WEAVING OF THE SMOKE SHROUD ABOVE THE HOUSE THEN HIS EYES WERE DRAWN BY THE RESTLESS MOVEMENTS OF A PAIR OF HORSES
118-47824-0065	3.300	42	365	HE SPOKE WITH PRONOUNCED DELIBERATION STARTLING BOBBY
118-47824-0071	2.955	37	320	MIGHT HAVE MOVED SPASMODICALLY I MEAN
118-47824-0072	7.850	99	848	AND THE DISAPPEARANCE OF THE EVIDENCE BOBBY DEFENDED HIMSELF IF IT HAD BEEN STOLEN EARLIER THE COAT POCKET MIGHT HAVE RETAINED ITS BULGING SHAPE
118-47824-0073	2.475	31	270	BUT I WAS THERE AND YOU WEREN'T
118-47824-0082	7.960	100	851	GRAHAM SUMMONED KATHERINE ONE OF THE BLACK CLOTHED MEN OPENED THE DOOR OF SILAS BLACKBURN'S ROOM HE STEPPED ASIDE BECKONING
118-47824-0084	8.760	110	929	SCRATCHED AND WITH BROKEN HANDLES THE CLOSED COLONIAL DESK THE MISERLY RAG CARPET ALL SEEMED MUTELY ASKING AS BOBBY DID
118-47824-0085	3.310	42	361	FROM THE CHEST OF DRAWERS TWO CANDLES THE ONLY LIGHT
118-47824-0086	4.275	54	463	SO FOR THE SECOND TIME THE LIVING MET THE DEAD AND THE LAW WATCHED HOPEFULLY
118-121721-0000	3.595	45	387	A STITCH IN TIME SAVES EMBARRASSING EXPOSURE
118-121721-0004	5.700	72	607	BARS THINGS FOUND IN HARBORS HOTELS FENCES PRISONS COURTS AND MUSIC
118-121721-0007	5.580	70	599	A STRIP OF SAND SKIRTED BY WATER COVERED WITH LADY KILLERS IN SUMMER LIFE SAVERS IN WINTER
118-121721-0009	6.580	83	698	BIRTH AN AID TO LIFE DISCOVERED BY WOMAN HIGHER PREFERRED BICYCLE SKIRT
118-121721-0014	3.190	40	344	FROM A SENSE OF SHAME ANGER OR OTHER CAUSE
118-121721-0015	5.410	68	583	MUSCULAR FILAMENTS OF THE FACIAL CAPILLARIES WHEREBY BEING DIVESTED OF THEIR ELASTICITY
118-121721-0019	2.945	37	322	MONEY BORN OF POOR BUT DISHONEST PARENTS
118-121721-0021	9.190	115	971	HUMAN BLOCK KNOWN AS THE CRANIUM AND KEPT BY THE SARAH SISTERS SARAH BRUM AND SARAH BELUM ASSISTED BY MEDULLA OBLONGATA
118-121721-0022	3.935	50	431	AND WHITE AND FURNISHED WITH LIGHT AND HEAT HOT OR COLD WATER IF DESIRED
118-121721-0023	4.105	52	449	USUALLY OCCUPIED BY THE INTELLECT BROTHERS THOUGHTS AND IDEAS
118-121721-0027	3.275	41	354	BY STANDER ONE WHO IS INJURED IN A STREET FIGHT
118-124588-0003	8.480	106	901	SQUIRE HARRINGTON WENT DOWN TO TOWN AND MADE INQUIRIES AT THE BANK WHERE HE ASCERTAINED THAT THE STORY TOLD BY SAVAREEN TO OLD JONATHAN PERRY
118-124588-0005	7.205	91	779	AND WAS ABLE TO FIX THE TIME AT WHICH HE HAD STARTED FOR HOME HE HAD RIDDEN FROM THE DOOR OF THE PEACOCK AT ABOUT A QUARTER TO EIGHT
118-124588-0007	6.385	80	684	OR AT THE VERY OUTSIDE TWO HUNDRED YARDS FURTHER OR HE MUST INEVITABLY HAVE BEEN ENCOUNTERED BY LAPIERRE
118-124588-0011	9.330	117	994	AND DEPOSITED ON A DRY PATCH OF GROUND NEAR THE EDGE OF THE MORASS A LITTLE FURTHER IN THE INTERIOR THEY CAME UPON A MAN'S COAT MADE OF DARK BROWN STUFF
118-124588-0017	9.185	115	980	LAPIERRE GAVE UP ALL HIS TIME TO THE SEARCH AND LEFT THE ROYAL OAK TO THE CARE OF ITS LANDLADY THE LOCAL CONSTABULARY BESTIRRED THEMSELVES AS THEY HAD NEVER DONE BEFORE
118-124588-0021	6.550	82	702	ADVERTISEMENTS SETTING FORTH THE MAIN FACTS WERE INSERTED IN THE PRINCIPAL NEWSPAPERS OF TORONTO HAMILTON AND LONDON
125-121124-0002	6.930	87	737	HE SLEEPS INDEED AND THIS IS THE MORE STRANGE SINCE THE LEAST CONTRADICTION KEEPS HIM AWAKE ALL NIGHT
125-121124-0003	3.715	47	405	AND THEY BOTH RETURNED THOUGHTFULLY TO THE PROCUREUR'S STUDY
125-121124-0005	6.690	84	709	OH WORK WORK MY PASSION MY JOY MY DELIGHT IT IS FOR THEE TO ALLEVIATE MY SORROWS
125-121124-0007	8.670	109	918	SHALL YOU BE PRESENT IN THE RECEPTION ROOM NO I HAVE A COUSIN WHO HAS UNDERTAKEN THIS SAD OFFICE I SHALL WORK DOCTOR
125-121124-0008	7.035	88	744	EVERYTHING AND INDEED NO SOONER HAD THE DOCTOR LEFT THE ROOM THAN HE WAS AGAIN ABSORBED IN STUDY
125-121124-0012	4.530	57	485	AND SOME OF OUR OLD FRIENDS MADE THEIR APPEARANCE WE MEAN DEBRAY
125-121124-0013	5.410	68	579	ACCOMPANIED BY ALL THE LEADING MEN OF THE DAY AT THE BAR IN LITERATURE OR THE ARMY
125-121124-0015	8.335	105	886	AND WHO DID NOT EXACT A MOURNFUL FACE OR FORCE TEARS AS WOULD HAVE BEEN THE CASE WITH A FATHER A BROTHER OR A LOVER
125-121124-0018	5.465	69	586	THE DAY WITH THE WIFE OF THE WORTHY GENTLEMAN WHO IS RECEIVING US WHO IS HE
125-121124-0020	3.270	41	352	IT HAS BEEN MENTIONED BUT THE ARTICLE IS NOT MINE
125-121124-0021	5.670	71	602	HE WOULD HAVE INTERESTED HIMSELF SOMEWHAT MORE ABOUT IT STILL SAID CHATEAU RENAUD
125-121124-0022	6.185	78	665	BUT WHOM ARE YOU SEEKING DEBRAY I AM SEEKING THE COUNT OF MONTE CRISTO SAID THE YOUNG MAN
125-121124-0025	7.975	100	842	AND ADVANCED TO MEET HIM WITH A SAD THOUGH AFFABLE SMILE WELL SAID HE EXTENDING HIS HAND TO MONTE CRISTO
125-121124-0037	5.690	72	613	IF YOU WISHED TO DEMOLISH THEM YOU COULD NOT AND IF IT WERE POSSIBLE YOU WOULD NOT DARE
125-121124-0040	5.705	72	611	OR NEAPOLITAN BONDS SAID MONTE CRISTO NO SAID DANGLARS SMILING
125-121124-0047	3.800	48	415	AND MONTE CRISTO PLACED THE BONDS IN HIS POCKET WITH ONE HAND
125-121124-0048	3.155	40	349	IF A THUNDERBOLT HAD FALLEN AT THE BANKER'S FEET
125-121124-0057	6.380	80	681	I NEVER JOKE WITH BANKERS SAID MONTE CRISTO IN A FREEZING MANNER WHICH REPELLED IMPERTINENCE
125-121124-0058	5.960	75	638	I THINK I ARRIVED JUST IN TIME TO OBTAIN YOUR SIGNATURES OR THEY WOULD HAVE BEEN DISPUTED WITH ME
125-121124-0060	5.015	63	536	AT THE DOOR HE FOUND HIS CARRIAGE AND WAS IMMEDIATELY DRIVEN TO THE BANK
125-121124-0062	8.790	110	930	THE CHARITIES PRESENT THEMSELVES TO YOU THROUGH ME THE WIDOWS AND ORPHANS DEPUTE ME TO RECEIVE ALMS TO THE AMOUNT OF FIVE MILLIONS FROM YOU
125-121124-0063	5.775	73	615	BUT DID YOU RECEIVE MY LETTER YESTERDAY YES I HAVE BROUGHT MY RECEIPT
125-121124-0064	3.385	43	363	YOU DID SEE HIM I THINK YES WELL
125-121124-0067	2.430	31	273	AND WHO BOWED TO ME AS THOUGH HE KNEW ME
125-121124-0068	5.255	66	556	FIVE MILLIONS HERE IS HIS RECEIPT BELIEVE YOUR OWN EYES
125-121124-0073	5.200	65	552	FOR WHAT REASON BECAUSE THEY WOULD NOT SPEND MONEY SO GUILTILY ACQUIRED
125-121124-0075	4.850	61	524	FROM TWELVE TO THIRTEEN HUNDRED THOUSAND FRANCS BUT TO RETURN TO OUR MILLIONS
125-121124-0077	4.380	55	471	NOW I THINK OF IT YOU CAN DO BETTER SAID DANGLARS HOW DO YOU MEAN
125-121124-0078	4.535	57	493	TAKE IT TO ROTHSCHILD'S OR LAFITTE'S AND THEY WILL TAKE IT OFF YOUR HANDS AT ONCE
125-121124-0083	6.415	81	682	LISTEN WHEN ONE BEARS AN IRREPROACHABLE NAME AS I DO ONE IS RATHER SENSITIVE
125-121124-0084	4.080	51	438	THEY ARE GONE TO SEEK A VERY STRICT CONVENT IN ITALY OR SPAIN
125-121124-0085	3.170	40	345	AFTER EXPRESSING ACUTE SYMPATHY WITH THE FATHER
125-121124-0086	3.715	47	400	WITH AN ENERGY OF ACTION THOSE CAN ALONE UNDERSTAND
125-121124-0088	3.770	48	412	BURNED SEVERAL PAPERS LEFT OTHERS EXPOSED TO VIEW
125-121342-0015	7.255	91	775	IT WAS SOME DISGUST THAT MEN HAD FOR WOMEN WHO WERE TIRED AND POOR IT WAS DIRTIER THAN ANY BATTLE FIELD HE HAD SEEN
125-121342-0023	4.485	57	483	THAT I HAVE ABOUT TWENTY FOUR DOLLARS TO MY NAME QUESTION
125-121342-0024	2.150	27	239	I CAN'T IMAGINE NOT BEING ABLE TO
125-121342-0025	4.390	55	466	REALLY THEY ARE THE ONLY THINGS I CAN DO QUESTION BE DEFINITE
125-121342-0027	5.295	67	565	NO I AM MERELY AFRAID OF BEING POOR QUESTION VERY AFRAID
125-121342-0028	2.810	36	307	JUST PASSIVELY AFRAID QUESTION
125-121342-0029	4.185	53	445	DON'T ASK ME QUESTION DON'T YOU CARE
125-121342-0030	6.965	88	736	RATHER I DON'T WANT TO COMMIT MORAL SUICIDE QUESTION HAVE YOU NO INTERESTS LEFT
125-121342-0034	7.105	89	748	ALL OF THEM I'M BEGINNING TO WARM MYSELF AT OTHER PEOPLE'S VIRTUE QUESTION ARE YOU CORRUPT
125-121342-0035	7.885	99	834	I THINK SO I'M NOT SURE I'M NOT SURE ABOUT GOOD AND EVIL AT ALL ANY MORE QUESTION IS THAT A BAD SIGN IN ITSELF
125-121342-0036	5.590	70	588	NOT NECESSARILY QUESTION WHAT WOULD BE THE TEST OF CORRUPTION
125-121342-0037	8.700	109	926	BECOMING REALLY INSINCERE CALLING MYSELF NOT SUCH A BAD FELLOW THINKING I REGRETTED MY LOST YOUTH WHEN I ONLY ENVY THE DELIGHTS OF LOSING IT
125-121342-0038	8.385	105	893	THEY DON'T THEY JUST WANT THE FUN OF EATING IT ALL OVER AGAIN THE MATRON DOESN'T WANT TO REPEAT HER GIRLHOOD SHE WANTS TO REPEAT HER HONEYMOON
125-121342-0042	6.035	76	647	IF IT WASN'T APPENDICITIS INFLUENZA MAYBE WHAT ONE HUNDRED AND TWENTIETH STREET
125-121342-0046	7.700	97	826	SAYNE WHAT THE DEVIL NECK HURTS DARNED UNCOMFORTABLE SEAT NO DESIRE TO SLEEP WITH JILL WHAT COULD ALEC SEE IN HER
150-126107-0023	9.050	114	957	HE TURNED TOWARDS THE PRINCESS AND SAID HOW AM I TO PUT YOU IN THAT IS YOUR BUSINESS SHE ANSWERED QUITE SNAPPISHLY
150-132655-0000	4.405	56	483	BUT THE EXTREME IMPERTINENCE OF THE BARON DETERMINED HIM TO CONCLUDE THE MATCH
150-132655-0007	5.880	74	628	I WANT TO KNOW WHICH IS WORSE TO BE RAVISHED A HUNDRED TIMES BY NEGRO PIRATES
150-132655-0008	7.830	98	820	IN SHORT TO GO THROUGH ALL THE MISERIES WE HAVE UNDERGONE OR TO STAY HERE AND HAVE NOTHING TO DO
150-132655-0011	6.720	84	716	THEY HAD SOON SQUANDERED THEIR THREE THOUSAND PIASTRES PARTED WERE RECONCILED QUARRELLED AGAIN
150-132655-0012	8.130	102	866	THAT YOUR PRESENTS WOULD SOON BE DISSIPATED AND ONLY MAKE THEM THE MORE MISERABLE YOU HAVE ROLLED IN MILLIONS OF MONEY YOU AND CACAMBO
150-132655-0026	3.775	48	413	KING NADAB THE SON OF JEROBOAM WAS KILLED BY BAASA
150-132655-0027	7.260	91	774	ATHALIAH BY JEHOIADA THE KINGS JEHOIAKIM JECONIAH AND ZEDEKIAH WERE LED INTO CAPTIVITY
150-132655-0031	2.295	29	259	BUT SHE BECAME AN EXCELLENT PASTRY COOK
150-132655-0032	2.360	30	261	THE OLD WOMAN LOOKED AFTER THE LINEN
150-132655-0033	3.715	47	404	FOR HE MADE A GOOD JOINER AND BECAME A VERY HONEST MAN
150-132655-0034	4.225	53	455	THERE IS A CONCATENATION OF EVENTS IN THIS BEST OF ALL POSSIBLE WORLDS
163-122947-0000	4.030	51	426	CHAPTER SEVEN OUR VIRTUES
163-122947-0006	2.985	38	322	NOW WITH RED LIGHT NOW WITH GREEN
163-122947-0008	8.015	101	848	AND ARE SELDOM UNEQUIVOCAL AND THERE ARE OFTEN CASES ALSO IN WHICH OUR ACTIONS ARE MOTLEY COLOURED
163-122947-0012	4.605	58	490	MORAL SERMONS AND GOODY GOODNESS WON'T CHIME
163-122947-0014	4.335	55	463	FOR THEY GET THE BETTER EVEN OF THEIR BLUNDERS
163-122947-0015	9.105	114	943	JUST AS THOUGH IN SHORT THEY BETRAY SOMETHING THEREBY FLAUBERT FOR INSTANCE
163-122947-0022	3.800	48	409	IS PRECISELY THE SPIRITUALISING OF JUSTICE
163-122947-0023	8.165	103	855	GRADATIONS OF RANK IN THE WORLD EVEN AMONG THINGS AND NOT ONLY AMONG MEN
163-122947-0082	7.855	99	823	THESE ARE MEN WITHOUT DUTY WE HAVE ALWAYS FOOLS AND APPEARANCES AGAINST US
163-122947-0098	2.895	37	318	I MEAN AFTER COMFORT AND FASHION
196-122152-0013	5.475	69	589	HE DID NOT STRIKE HIM AGAIN HE STOOD BENDING OVER HIM AND SPEAKING ANGRILY BUT QUITE LOW
196-122152-0022	2.330	30	261	THE MAGISTRATE HAD SWAYED FORWARD
196-122159-0025	9.455	119	1009	A LITTLE VICIOUSLY I FEAR DON'T YOU SEE WHAT I MEAN BY THE SOLIDARITY OF THE CRAFT I WAS AGGRIEVED AGAINST HIM AS THOUGH HE HAD CHEATED ME
196-122159-0032	7.580	95	793	NO THE PROPER THING WAS TO FACE IT OUT ALONE FOR MYSELF WAIT FOR ANOTHER CHANCE
198-209-0005	6.270	79	675	AND AS SHE RETIRED DOWN THE STREET COULD NOT WITHHOLD ONE GLANCE AT THE DRAWING ROOM WINDOWS IN EXPECTATION OF SEEING HER THERE
198-209-0009	6.845	86	729	FOR SHE SOON RECOLLECTED IN THE FIRST PLACE THAT SHE WAS WITHOUT ANY EXCUSE FOR STAYING AT HOME AND IN THE SECOND
198-209-0013	3.530	45	391	HIS NOTICE WAS NEVER WITHDRAWN FROM THE STAGE DURING TWO WHOLE SCENES
198-209-0017	5.810	73	623	AND PERHAPS HE MIGHT BE NOW COMING ROUND TO THEIR BOX SHE WAS RIGHT IN A FEW MINUTES HE APPEARED
198-209-0025	7.520	94	799	AND HE BEING HURRIED FOR TIME AND NOT CARING TO HAVE IT PUT OFF MADE A POINT OF HER BEING DENIED THAT WAS ALL I DO ASSURE YOU
198-209-0030	6.550	82	696	SHE WAS UPON THE WHOLE LEFT ONE OF THE HAPPIEST CREATURES IN THE WORLD WHILE TALKING TO EACH OTHER
198-209-0031	2.745	35	304	WAS ENGAGED IN CONVERSATION WITH GENERAL TILNEY
198-209-0033	6.265	79	670	AS SHE POINTED THEM OUT TO HER COMPANION HE KNEW NOTHING ABOUT IT BUT HIS FATHER LIKE EVERY MILITARY MAN
198-209-0038	4.965	63	534	LOWERING HIS VOICE WELL DONE GENERAL SAID I I AM QUITE OF YOUR MIND
198-126831-0003	5.355	67	575	CECILY AND SARA RAY FOUND A SWEET NEW KNITTED LACE PATTERN IN AN OLD MAGAZINE
198-126831-0011	8.390	105	887	FELICITY TRIED AND HAD THE MOST GRATIFYING LUCK WITH A NEW AND COMPLICATED CAKE RECIPE A GORGEOUS COMPOUND
198-126831-0020	2.430	31	267	ONE BITTER DAY WHEN THEY SEEK IT
198-126831-0030	7.570	95	807	THERE WE STOOD IN A HUDDLED DEMORALIZED GROUP OH WHAT AN EERIE PLACE THAT ORCHARD WAS WHAT SHADOWS WHAT NOISES
198-126831-0032	8.545	107	908	SOMEBODY KILLED OR SOMETHING LIKE THAT YOU KNOW NOTHING LIKE THAT EVER HAPPENED IN OUR FAMILY THE KINGS HAVE ALWAYS BEEN RESPECTABLE PERHAPS IT IS EMILY
198-126831-0037	7.930	100	860	DON'T CRIED CECILY HYSTERICALLY DON'T YOU GO ON DON'T YOU SAY ANOTHER WORD I CAN'T BEAR IT DON'T YOU THE STORY GIRL DIDN'T BUT SHE HAD SAID ENOUGH
198-126831-0038	7.790	98	833	ALL AT ONCE SOMETHING LEAPED FROM THE BOUGH OF A TREE AND ALIGHTED BEFORE US WE SPLIT THE AIR WITH A SIMULTANEOUS SHRIEK
198-126831-0039	4.980	63	540	HE STRUGGLED OUT OF MY CLASP AND DISAPPEARED OVER THE LONG GRASSES WITH SOUNDLESS LEAPS
198-126831-0043	7.260	91	782	WE RAN TO THE ORCHARD GATE AND SWARMED ACROSS THE YARD JUST AS UNCLE ROGER ALIGHTED AT THE FRONT DOOR HE STARED AT US IN THE MOONLIGHT
198-126831-0045	7.405	93	789	UNCLE ROGER UNLOCKED AND FLUNG OPEN THE FRONT DOOR AS HE DID SO CLEAR AND SWEET RANG OUT TEN BELL LIKE CHIMES
198-126831-0046	6.805	86	733	WE HAD TO WAIT UNTIL UNCLE ROGER STOPPED LAUGHING BEFORE WE HEARD THE EXPLANATION WE THOUGHT HE NEVER WOULD STOP
198-126831-0047	7.015	88	753	AND NOW IT HAS ALMOST FRIGHTENED YOU POOR LITTLE MONKEYS TO DEATH WE HEARD UNCLE ROGER CHUCKLING ALL THE WAY TO THE BARN
198-126831-0048	4.985	63	543	I WAS SO FRIGHTENED I WOULDN'T MIND IF HE'D LAUGH ONCE AND HAVE IT DONE WITH IT
198-126831-0050	7.725	97	828	IT'S ALL PETER'S FAULT SAID FELICITY I DO THINK HE MIGHT HAVE HAD MORE SENSE THAN TO TAKE A CLOCK STRIKING FOR A BELL RINGING
198-126831-0051	2.180	28	245	IT DON'T SOUND A BIT LIKE OTHER CLOCKS
198-126831-0052	8.585	108	921	I WOULDN'T HAVE SAID THE STORY GIRL HONESTLY I THOUGHT IT WAS A BELL WHEN I HEARD IT AND THE DOOR OPEN TOO LET US BE FAIR FELICITY
198-126831-0053	5.910	74	641	BUT IT WAS OVER TWO HOURS SINCE WE HAD EATEN THE COOKIES AND FELICITY SUGGESTED THAT A SAUCERFUL APIECE
198-129977-0000	8.060	101	854	ELINOR SAW WITH GREAT UNEASINESS THE LOW SPIRITS OF HER FRIEND HIS VISIT AFFORDED HER BUT A VERY PARTIAL SATISFACTION
198-129977-0004	2.375	30	261	AS YOU ARE NOT YET READY FOR BREAKFAST
198-129977-0005	7.160	90	765	THIS WAS A SUBJECT WHICH ENSURED MARIANNE'S ATTENTION AND SHE WAS BEGINNING TO DESCRIBE HER OWN ADMIRATION OF THESE SCENES
198-129977-0008	2.870	36	317	THE HILLS ARE STEEP THE WOODS SEEM FULL OF FINE TIMBER
198-129977-0009	8.500	107	913	I CAN EASILY BELIEVE IT TO BE FULL OF ROCKS AND PROMONTORIES GREY MOSS AND BRUSH WOOD BUT THESE ARE ALL LOST ON ME I KNOW NOTHING OF THE PICTURESQUE
198-129977-0015	8.935	112	957	I DO NOT LIKE RUINED TATTERED COTTAGES I AM NOT FOND OF NETTLES OR THISTLES OR HEATH BLOSSOMS I HAVE MORE PLEASURE IN A SNUG FARM HOUSE THAN A WATCH TOWER
198-129977-0016	4.780	60	511	MARIANNE LOOKED WITH AMAZEMENT AT EDWARD WITH COMPASSION AT HER SISTER
198-129977-0029	7.105	89	762	AND WHO IS WILLOUGHBY SAID HE IN A LOW VOICE TO MISS DASHWOOD BY WHOM HE WAS SITTING SHE GAVE HIM A BRIEF REPLY
198-129977-0032	2.275	29	253	HOPE I AM SURE YOU WILL LIKE HIM
200-124139-0007	5.960	75	630	CERTAINLY NOT TO WALK THREE MILES OR FOUR MILES OR FIVE MILES
200-124139-0013	9.115	114	964	BUT HIS SISTERS GAVE IT THEIR HEARTY ASSENT AND INDULGED THEIR MIRTH FOR SOME TIME AT THE EXPENSE OF THEIR DEAR FRIEND'S VULGAR RELATIONS
200-124139-0020	3.045	39	332	IT HAS BEEN THE WORK OF MANY GENERATIONS
200-124139-0021	2.690	34	290	CHARLES WHEN YOU BUILD YOUR HOUSE
200-124139-0028	9.430	118	994	OBSERVED ELIZABETH YOU MUST COMPREHEND A GREAT DEAL IN YOUR IDEA OF AN ACCOMPLISHED WOMAN YES I DO COMPREHEND A GREAT DEAL IN IT
200-124140-0010	8.220	103	867	I DID NOT KNOW BEFORE CONTINUED BINGLEY IMMEDIATELY THAT YOU WERE A STUDIER OF CHARACTER IT MUST BE AN AMUSING STUDY
200-124140-0012	3.000	38	324	BUT PEOPLE THEMSELVES ALTER SO MUCH
200-124140-0023	6.330	80	669	NOT THAT I THINK CHARLOTTE SO VERY PLAIN BUT THEN SHE IS OUR PARTICULAR FRIEND
200-124140-0033	2.710	34	297	AND ABRUPTLY REMINDED HIM OF HIS PROMISE
200-124140-0035	7.310	92	776	BUT YOU WOULD NOT WISH TO BE DANCING WHEN SHE IS ILL LYDIA DECLARED HERSELF SATISFIED
200-124140-0038	7.005	88	748	COULD NOT BE PREVAILED ON TO JOIN IN THEIR CENSURE OF HER IN SPITE OF ALL MISS BINGLEY'S WITTICISMS ON
200-126784-0011	3.435	43	361	RUN MASSA HARRY RUN
200-126784-0013	4.275	54	461	WHERE THE FAMILY WERE ALREADY COLLECTED IN THE GREATEST CONSTERNATION
200-126784-0034	3.805	48	414	HIS COUNTENANCE GRADUALLY LIGHTING INTO A SMILE OF PLEASURE
200-126784-0037	5.800	73	621	THE SUSPENSE OF THE PARTY WITHIN WHO WERE ALL HIGHLY INTERESTED WITNESSES OF THIS SCENE
201-122255-0000	4.930	62	531	THEN UP GOT LITTLE JOHN AND TAKING THE BAG OF GOLD WHICH HE THRUST INTO HIS BOSOM
201-122255-0003	7.730	97	831	LOOKING UP INTO THE BLUE SKY ACROSS WHICH BRIGHT CLOUDS WERE SAILING LIKE SILVER BOATS AND SWALLOWS SKIMMING IN CIRCLING FLIGHT QUOTH HE
201-122255-0008	3.125	40	347	BESIDES ALL THIS HE DEARLY LOVED THE LONGBOW
201-122255-0012	8.960	112	961	MAYHAP I MAY CHANCE TO CATCH A SIGHT OF THE DAINTY BROWN DARLINGS THUS EARLY IN THE MORN FOR THERE WAS NOTHING HE LOVED BETTER THAN TO LOOK UPON A TRIPPING HERD OF DEER
201-122255-0015	8.870	111	949	HEARING A RUSTLING OF THE BRANCHES LITTLE JOHN STOPPED AND PRESENTLY CAUGHT SIGHT OF THE BROWN COWHIDE CAP OF THE TANNER MOVING AMONG THE BUSHES I DO MUCH WONDER
201-122255-0017	9.285	117	998	BY MUCH ROVING IN THE FOREST LITTLE JOHN HAD COME TO LOOK UPON ALL THE DEER IN SHERWOOD AS BELONGING TO ROBIN HOOD AND HIS BAND AS MUCH AS TO GOOD KING HARRY NAY
201-122255-0021	9.140	115	982	FOR I WILL GIVE THEE SUCH A DRUBBING AS NE'ER HAST THOU HAD IN ALL THY LIFE BEFORE TAKE THY STAFF IN THY HAND FELLOW FOR I WILL NOT SMITE AN UNARMED MAN
201-122255-0026	8.145	102	873	AS THUS HE STRODE ALONG IN ANGER PUTTING TOGETHER THE WORDS HE WOULD USE TO CHIDE LITTLE JOHN HE HEARD OF A SUDDEN LOUD AND ANGRY VOICES
201-122255-0029	5.220	66	568	AT THE THOUGHT THAT PERHAPS HIS TRUSTY RIGHT HAND MAN WAS IN SOME DANGER OF HIS LIFE SO CAUTIOUSLY
201-122255-0033	5.130	65	557	NEVER HAD I THOUGHT TO SEE LITTLE JOHN SO EVENLY MATCHED IN ALL MY LIFE BELIKE THOUGH
201-122255-0036	8.685	109	935	SAID LITTLE JOHN SITTING UP AND FEELING HIS RIBS WHERE THE TANNER HAD CUDGELED HIM I MAKE MY VOW MY RIBS FEEL AS THOUGH EVERY ONE OF THEM WERE BROKEN IN TWAIN
201-122255-0038	9.175	115	978	HAND AND FOOT TO ANY MAN IN ALL MERRY ENGLAND I WAS SEEKING THEE TO CHIDE THEE FOR LEAVING MY BIDDING UNDONE BUT THOU HAST BEEN PAID ALL I OWED THEE
201-122255-0041	8.525	107	915	THIS POOR FELLOW WHOM THOU HAST SO BELABORED IS COUNTED THE BEST HAND AT THE QUARTERSTAFF IN ALL MERRY ENGLAND HIS NAME IS LITTLE JOHN AND MINE ROBIN HOOD
201-122255-0044	3.085	39	339	THERE ARE OTHER INNS THAT THOU KNOWEST YET HEREABOUTS
201-127786-0000	6.905	87	739	HAPPY AND FORTUNATE WERE THE TIMES WHEN THAT MOST DARING KNIGHT DON QUIXOTE OF LA MANCHA WAS SENT INTO THE WORLD
201-127786-0015	8.540	107	914	IT WOULD BE IDLE FOR ME NOW TO MAKE ANY FURTHER PRETENCE OF WHAT IF YOU WERE TO BELIEVE ME YOU WOULD BELIEVE MORE OUT OF COURTESY THAN FOR ANY OTHER REASON
201-127786-0020	6.585	83	708	AFTER AN EFFORT TO RESTRAIN SOME TEARS THAT CAME TO HER EYES IN A CLEAR AND STEADY VOICE BEGAN HER STORY THUS
201-127786-0023	2.205	28	243	THEY ARE IN SHORT PEASANTS
201-127786-0025	9.040	113	956	AND AS THEY HAVE NO OTHER CHILD TO MAKE THEIR HEIR AND ARE AFFECTIONATE PARENTS I WAS ONE OF THE MOST INDULGED DAUGHTERS THAT EVER PARENTS INDULGED
201-127786-0030	6.000	75	647	FOR THAT IS THE NAME OF THE YOUNGER SON OF THE DUKE I TOLD OF THE MOMENT THE SPEAKER MENTIONED THE NAME OF DON FERNANDO
201-127786-0031	8.180	103	870	FOR HE BEGAN TO SUSPECT WHO SHE WAS SHE HOWEVER WITHOUT NOTICING THE EXCITEMENT OF CARDENIO CONTINUING HER STORY WENT ON TO SAY
201-127786-0040	6.645	84	717	AND I BEGAN IN SOME DEGREE TO RECOVER MYSELF I SAID TO HIM WITH MORE COURAGE THAN I THOUGHT I COULD HAVE POSSESSED
201-127786-0043	7.190	90	760	AND THIS I SAY LEST YOU SHOULD SUPPOSE THAT ANY BUT MY LAWFUL HUSBAND SHALL EVER WIN ANYTHING OF ME IF THAT
201-127786-0044	9.260	116	985	BE THE ONLY SCRUPLE YOU FEEL FAIREST DOROTHEA FOR THAT IS THE NAME OF THIS UNHAPPY BEING SEE HERE I GIVE YOU MY HAND TO BE YOURS AND LET HEAVEN
201-127786-0045	7.730	97	824	BUT HE WAS UNWILLING TO INTERRUPT THE STORY AND WISHED TO HEAR THE END OF WHAT HE ALREADY ALL BUT KNEW SO HE MERELY SAID WHAT
201-127786-0048	5.465	69	588	I WOULD NOT LET THE OCCASION PASS SENORA REPLIED CARDENIO OF TELLING YOU WHAT I THINK
201-127786-0049	4.980	63	540	AND ONE OF HIS VASSALS I TOLD HIM NOT TO LET MY BEAUTY SUCH AS IT WAS BLIND HIM
201-127786-0052	6.250	79	671	HAS LED TO MATE HIMSELF BELOW HIS RANK THEN SINCE I AM INTRODUCING NO NEW USAGE OR PRACTICE
201-127786-0055	7.675	96	815	CALLED DOWN UPON HIMSELF A THOUSAND CURSES HEREAFTER SHOULD HE FAIL TO KEEP HIS PROMISE SHED MORE TEARS REDOUBLED HIS SIGHS
201-127786-0061	2.475	31	272	WHILE I WEARIED MYSELF WITH WATCHING FOR ONE
201-127786-0064	6.335	80	683	IT WAS SAID TOO THAT HER NAME WAS LUSCINDA AND THAT AT THE BETROTHAL SOME STRANGE THINGS HAD HAPPENED
201-127786-0065	7.040	88	747	DOROTHEA HOWEVER DID NOT INTERRUPT HER STORY BUT WENT ON IN THESE WORDS THIS SAD INTELLIGENCE REACHED MY EARS
201-127786-0066	4.200	53	457	AND WHOM I ENTREATED TO ACCOMPANY ME TO THE CITY WHERE I HEARD MY ENEMY WAS
201-127786-0068	4.660	59	511	AND THAT ON THE BRIDEGROOM APPROACHING TO UNLACE THE BOSOM OF HER DRESS TO GIVE HER AIR
201-127786-0081	8.115	102	869	BUT ALL MY CARE AND PAINS WERE UNAVAILING FOR MY MASTER MADE THE DISCOVERY THAT I WAS NOT A MAN AND HARBOURED THE SAME BASE DESIGNS AS MY SERVANT
211-122425-0000	4.585	58	503	DO YOU KNOW THAT HIS EMINENCE HAS BEEN MAKING FRESH COMPLAINTS AGAINST YOUR MUSKETEERS
211-122425-0002	8.330	105	888	I'LL BE THEIR WARRANTY AND THAT IS THAT THEIR SWORDS MAY NEVER LEAVE THEIR SCABBARDS BUT IN YOUR MAJESTY'S SERVICE BUT WHAT ARE THEY TO DO
211-122425-0003	5.470	69	589	WOULD NOT ONE SAY HE WAS SPEAKING OF A RELIGIOUS COMMUNITY IN TRUTH MY DEAR CAPTAIN
211-122425-0005	5.730	72	612	THE KING THEREFORE AROSE A MINUTE AFTER AND PUTTING THE MONEY WHICH LAY BEFORE HIM INTO HIS POCKET
211-122425-0006	2.830	36	310	LA VIEUVILLE SAID HE TAKE MY PLACE
211-122425-0009	6.995	88	741	AND WHO HAVE I DARE AFFIRM TO THE KING HIS SERVICE MUCH AT HEART THREE OF MY BEST SOLDIERS I SAY
211-122425-0012	7.495	94	806	BUT I LEAVE YOUR MAJESTY TO JUDGE WHAT FIVE ARMED MEN COULD POSSIBLY BE GOING TO DO IN SUCH A DESERTED PLACE AS THE NEIGHBORHOOD
211-122425-0015	8.815	111	941	BUT I WILL NOT SWEAR TO IT SIRE YOU KNOW HOW DIFFICULT IT IS TO DISCOVER THE TRUTH AND UNLESS A MAN BE ENDOWED WITH THAT ADMIRABLE INSTINCT
211-122425-0020	5.385	68	576	PLACING HIS HAND UPON HIS HIP SIRE RESUMED TREVILLE AS I TOLD YOU
211-122425-0024	3.975	50	429	HE WHO WOUNDED JUSSAC CRIED THE KING HE A BOY
211-122425-0029	7.820	98	831	BUT D'ARTAGNAN WITH HIS GASCON IMAGINATION SAW IN IT HIS FUTURE FORTUNE AND PASSED THE NIGHT IN GOLDEN DREAMS
211-122425-0032	6.035	76	647	ALTHOUGH HE PLAYED WITH HIS LEFT HAND HE FOUND THAT HIS WOUND WAS YET TOO RECENT TO ALLOW OF SUCH EXERTION
211-122425-0033	7.630	96	815	AND AS HE DECLARED HE WAS TOO IGNORANT OF THE GAME TO PLAY IT REGULARLY THEY ONLY CONTINUED GIVING BALLS TO ONE ANOTHER WITHOUT COUNTING
211-122425-0034	2.430	31	273	PASSED SO CLOSE TO D'ARTAGNAN'S FACE
211-122425-0036	5.555	70	599	DECLARING THAT HE WOULD NOT RESUME THE GAME UNTIL HE SHOULD BE PREPARED TO PLAY WITH THEM ON MORE EQUAL TERMS
211-122425-0037	4.455	56	483	LOOK AT ME AS LONG AS YOU LIKE MY LITTLE GENTLEMAN I HAVE SAID WHAT I HAVE SAID
211-122425-0038	7.325	92	775	YOU'RE IN THE WRONG THERE FOR IF YOU KNEW MY NAME PERHAPS YOU WOULD NOT BE SO PRESSING WHAT IS YOUR NAME
211-122425-0046	2.025	26	229	IN WHOSE SERVICE HE HAD A RELATIVE
211-122425-0051	2.765	35	307	TO THE RESCUE MUSKETEERS TO THE RESCUE
211-122425-0052	7.000	88	753	WHO HASTENED TO THE SUCCOR OF THEIR COMRADES THE MELEE BECAME GENERAL BUT STRENGTH WAS ON THE SIDE OF THE MUSKETEERS
211-122425-0054	8.905	112	948	EXCITEMENT WAS AT ITS HEIGHT AMONG THE MUSKETEERS AND THEIR ALLIES AND THEY EVEN BEGAN TO DELIBERATE WHETHER THEY SHOULD NOT SET FIRE TO THE HOTEL
211-122425-0057	4.140	52	446	WHO WAS WAITING FOR THEM ALREADY INFORMED OF THIS FRESH DISTURBANCE
211-122425-0058	4.060	51	441	AND LET US ENDEAVOR TO SEE THE KING BEFORE HE IS PREJUDICED BY THE CARDINAL
211-122425-0059	2.270	29	252	AND THE TWO WILL PASS OFF TOGETHER
211-122425-0064	2.875	36	309	EVERYONE TO RETURN HOME AND WAIT FOR NEWS
211-122425-0066	3.480	44	378	WHOSE RELATIVE AS WE ALREADY KNOW BERNAJOUX WAS
211-122425-0069	6.710	84	714	WE FANCY THAT WE HAVE EACH CAUSE TO COMPLAIN OF THE OTHER AND I AM COME TO ENDEAVOR TO CLEAR UP THIS AFFAIR
211-122425-0070	2.665	34	297	AND ALL THE FAULT IS WITH YOUR MUSKETEERS
211-122425-0071	3.350	42	361	NOT TO ACCEPT THE PROPOSAL I AM ABOUT TO MAKE TO YOU
211-122425-0072	3.565	45	390	IN ADDITION TO THE SWORD THRUST IN HIS ARM WHICH IS NOT DANGEROUS
211-122425-0073	2.225	28	245	OF WHICH THE DOCTOR SAYS BAD THINGS
211-122425-0074	4.965	63	533	PERFECTLY DOES HE TALK WITH DIFFICULTY BUT HE CAN SPEAK
211-122425-0075	5.995	75	639	LET US ADJURE HIM IN THE NAME OF THE GOD BEFORE WHOM HE MUST PERHAPS APPEAR TO SPEAK THE TRUTH
211-122425-0078	5.700	72	614	RETURNED TO HIS HOTEL AND IMMEDIATELY SENT WORD TO THE FOUR FRIENDS THAT HE AWAITED THEIR COMPANY AT DINNER
211-122425-0079	2.430	31	274	THAT HIS EMINENCE'S GUARDSMEN HAD RECEIVED
211-122425-0080	6.580	83	706	NOT ONLY AS GOOD COMRADES BUT AS MEN WHO HAD SO OFTEN HAD THEIR TURN THAT THEY COULD VERY WELL AFFORD HIM HIS
211-122425-0081	5.280	66	565	HIS EYES THEREFORE WERE FIXED IN A SORT OF AGONY UPON THE DOOR THROUGH WHICH THE KING MUST ENTER
211-122442-0000	7.945	100	851	HE FOUND THE DOOR OF HIS PASSAGE OPEN SPRANG UP THE STAIRS AND KNOCKED SOFTLY IN A MANNER AGREED UPON BETWEEN HIM AND HIS LACKEY
211-122442-0001	9.335	117	988	WHOM HE HAD SENT HOME TWO HOURS BEFORE FROM THE HOTEL DE VILLE TELLING HIM TO SIT UP FOR HIM OPENED THE DOOR FOR HIM THE READER MAY ASK
211-122442-0004	5.645	71	597	I FOUND A LETTER ON THE GREEN TABLE COVER IN YOUR BEDROOM AND WHERE IS THAT LETTER
211-122442-0006	7.345	92	783	THERE IS CERTAINLY SOME MAGIC UNDERNEATH MEANWHILE THE YOUNG MAN HAD DARTED IN TO HIS CHAMBER AND OPENED THE LETTER
211-122442-0007	7.195	90	767	THERE ARE MANY THANKS TO BE OFFERED TO YOU AND TO BE TRANSMITTED TO YOU BE THIS EVENING ABOUT TEN O'CLOCK AT SAINT CLOUD
211-122442-0009	9.245	116	981	HIS HEART SWELLED BY THE INTOXICATION OF JOY FELT READY TO DISSOLVE AWAY AT THE VERY GATE OF THAT TERRESTRIAL PARADISE CALLED LOVE
211-122442-0010	3.820	48	412	DID I NOT GUESS TRULY IS IT NOT SOME BAD AFFAIR
211-122442-0011	9.020	113	952	EXACTLY BUT IT IS NOT THE LESS TRUE THAT LETTERS WHICH COME IN THIS WAY INTO SHUT UP HOUSES FALL FROM HEAVEN MY FRIEND FALL FROM HEAVEN
211-122442-0012	3.485	44	378	MY DEAR PLANCHET I AM THE HAPPIEST OF MEN
211-122442-0014	4.295	54	462	AT LENGTH HE WENT TO BED FELL ASLEEP AND HAD GOLDEN DREAMS
211-122442-0016	8.025	101	857	WE ARE GOING AGAIN IT APPEARS TO HAVE OUR HIDES PIERCED IN ALL SORTS OF WAYS YOU WILL TAKE YOUR MUSKETOON AND YOUR PISTOLS
211-122442-0017	2.995	38	327	AH LIKE THE CHARMING JOURNEY THE OTHER DAY
211-122442-0018	5.250	66	564	I PREFER TRAVELING ALONE TO HAVING A COMPANION WHO ENTERTAINS THE LEAST FEAR
211-122442-0019	4.910	62	524	WELL THEN I COUNT ON YOU AT THE APPOINTED HOUR I SHALL BE READY
211-122442-0023	4.780	60	512	THE CONVERSATION NATURALLY FELL UPON THE INCARCERATION OF THE POOR MAN
211-122442-0026	4.910	62	529	IN A TINE OF PERFECT GOOD FELLOWSHIP WHAT HAS BECOME OF YOU ALL THESE DAYS
211-122442-0027	3.160	40	349	BRUSH OFF YOUR BOOTS YESTERDAY FROM THE PAVEMENT OF PARIS
211-122442-0028	3.870	49	418	FAR FROM HERE OH LORD NO ABOUT FORTY LEAGUES ONLY
211-122442-0029	4.045	51	434	WHERE MY FRIENDS STILL REMAIN AND YOU HAVE RETURNED HAVE YOU NOT
211-122442-0030	6.955	87	736	AS I SEE THERE IS NO CONCEALING ANYTHING FROM YOU YES I WAS EXPECTED AND VERY IMPATIENTLY I ACKNOWLEDGE
211-122442-0031	4.270	54	466	AND WE ARE GOING TO BE RECOMPENSED FOR OUR DILIGENCE CONTINUED THE MERCER
211-122442-0035	4.310	54	469	THAT D'ARTAGNAN COULD NOT HELP PERCEIVING IT AND ASKED HIM WHAT WAS THE MATTER
211-122442-0039	2.375	30	263	HE CERTAINLY WOULD NOT HAVE REMARKED IT
211-122442-0042	2.735	35	304	NOW LET US TALK ABOUT YOURSELF MY YOUNG FRIEND
211-122442-0046	6.170	78	660	ARE THERE NOT SOME LATIN VERSES UPON THAT SUBJECT STOP YES DOUBTLESS REPLIED D'ARTAGNAN
211-122442-0047	2.685	34	296	BEWARE OF THE ENEMY WHO MAKES YOU PRESENTS
211-122442-0048	3.535	45	386	WHY IT IS INDEED A TRUE ROYAL JEWEL
211-122442-0050	8.335	105	889	HER MAJESTY DID ME THE HONOR TO GRANT ME THAT FAVOR AND THAT IN THE PRESENCE OF WITNESSES IMPRUDENT THRICE IMPRUDENT
211-122442-0052	3.515	44	379	NO BUT THANKS TO THIS DIAMOND REPLIED THE YOUNG MAN
211-122442-0053	4.095	52	447	SHALL I GIVE YOU COUNSEL GOOD COUNSEL THE COUNSEL OF A FRIEND
211-122442-0057	2.235	28	246	THE DEVIL SAID D'ARTAGNAN
211-122442-0064	2.345	30	262	YOU ARE ACQUAINTED WITH THE SCRIPTURES
211-122442-0065	4.860	61	518	FOR THAT VERY EVENING BUT WE ARE BOUND TO SAY TO THE CREDIT OF OUR HERO
211-122442-0066	3.875	49	423	DID NOT INSPIRE HIM WITH THE LEAST SUSPICION OF HIS PRETTY HOSTESS
211-122442-0067	2.330	30	261	WHAT HAS BECOME OF YOUR THREE COMPANIONS
211-122442-0068	2.425	31	270	DETAINED BY AN ACCUSATION OF COINING
211-122442-0069	2.375	30	260	AND HOW THE DEVIL DID YOU ESCAPE
211-122442-0070	3.235	41	355	THEY MERIT RICHLY THAT PIECE OF ATTENTION ON YOUR PART
211-122442-0071	3.865	49	418	AH YOUNG MAN YOUNG MAN SOME FLIRTATION OR OTHER
211-122442-0072	9.440	118	991	IT IS WOMAN WHO HAS RUINED US STILL RUINS US AND WILL RUIN US AS LONG AS THE WORLD STANDS TAKE MY ADVICE AND SET OUT THIS EVENING
211-122442-0073	9.465	119	1001	AH THAT'S QUITE ANOTHER THING BUT PROMISE ME IF YOU SHOULD NOT BE KILLED TONIGHT THAT YOU WILL GO TOMORROW I PROMISE IT DO YOU NEED MONEY
211-122442-0075	6.900	87	740	NEITHER OF THEM HAD RETURNED THEIR LACKEYS LIKEWISE WERE ABSENT AND NOTHING HAD BEEN HEARD OF EITHER THE ONE OR THE OTHER
211-122442-0076	6.715	84	717	AS HE PASSED THE HOTEL DES GARDES HE TOOK A GLANCE IN TO THE STABLES THREE OF THE FOUR HORSES HAD ALREADY ARRIVED
211-122442-0077	3.360	42	363	WAS BUSY GROOMING THEM AND HAD ALREADY FINISHED TWO
211-122442-0078	4.490	57	488	HOW GLAD I AM TO SEE YOU WHY SO PLANCHET ASKED THE YOUNG MAN
211-122442-0079	6.040	76	646	BUT WHY THIS QUESTION BECAUSE WHILE YOU WERE TALKING WITH HIM I WATCHED YOU WITHOUT LISTENING TO YOU
211-122442-0081	4.155	52	442	AND YOU FOUND IT TRAITOROUS MONSIEUR INDEED
211-122442-0082	3.905	49	422	SHUT HIS DOOR AND SET OFF AT A QUICK PACE IN AN OPPOSITE DIRECTION
211-122442-0083	3.675	46	397	HEAVED A PROFOUND SIGH AND SET TO WORK TO GROOM THE THIRD HORSE
226-131532-0032	4.905	62	527	WHAT QUARRELLING MARKHAM CRIED THE LATTER ADDRESSING HIMSELF TO ME
226-131532-0034	3.710	47	400	WITH A LOOK THAT PLAINLY SAID WHAT THIS TO ME
226-131533-0012	8.235	103	866	UNLESS I HEARD IT FROM HER OWN LIPS I SHOULD AS SOON BELIEVE SUCH THINGS OF YOU ROSE OH GILBERT WELL
226-131533-0036	8.640	108	904	I MUST SEE HER TOO AND SPEAK TO HER THAT WAS CERTAIN BUT WHAT TO SAY OR HOW TO ACT I HAD NO DEFINITE IDEA
229-130880-0002	7.460	94	796	REENTERING THE LOUNGE I FIRST NOTED THE BEARINGS OF CEYLON ON WHICH ANTIQUITY LAVISHED SO MANY DIFFERENT NAMES
229-130880-0005	5.190	65	558	IS FAMOUS FOR ITS PEARL FISHERIES WOULD YOU BE INTERESTED PROFESSOR ARONNAX
229-130880-0006	7.300	92	781	CERTAINLY CAPTAIN FINE IT'S EASILY DONE ONLY WHEN WE SEE THE FISHERIES WE'LL SEE NO FISHERMEN
229-130880-0007	2.495	32	279	AND WE'LL ARRIVE THERE LATE TONIGHT
229-130880-0009	5.750	72	608	I FOUND IT BY THE NINTH PARALLEL OFF THE NORTHWESTERN SHORES OF CEYLON
229-130880-0014	5.170	65	544	THAT SUCH PRIMITIVE METHODS ARE STILL ALL THAT THEY USE ALL
229-130880-0015	6.060	76	643	ALTHOUGH THESE FISHERIES BELONG TO THE MOST INDUSTRIALIZED PEOPLE IN THE WORLD THE ENGLISH
229-130880-0017	9.470	119	1003	THE ENGLISHMAN PERCIVAL MADE MUCH OF A KAFFIR WHO STAYED UNDER FIVE MINUTES WITHOUT COMING UP TO THE SURFACE BUT I FIND THAT HARD TO BELIEVE
229-130880-0018	7.810	98	832	I KNOW THAT SOME DIVERS CAN LAST UP TO FIFTY SEVEN SECONDS AND HIGHLY SKILLFUL ONES TO EIGHTY SEVEN BUT SUCH MEN ARE RARE
229-130880-0021	9.160	115	969	AND ONE THAT EXISTS ONLY TO GRATIFY THE WHIMS OF FASHION BUT TELL ME CAPTAIN HOW MANY OYSTERS CAN A BOAT FISH UP IN A WORKDAY
229-130880-0024	9.420	118	993	ONLY ONE PENNY TO THOSE POOR PEOPLE WHO MAKE THEIR EMPLOYERS RICH THAT'S ATROCIOUS ON THAT NOTE PROFESSOR CAPTAIN NEMO TOLD ME
229-130880-0031	7.595	95	801	HUNTING OTTERS IN UNDERWATER FORESTS AS WE DID IN THE FORESTS OF CRESPO ISLAND IS AN ACCEPTABLE ACTIVITY
229-130880-0035	6.840	86	728	AND HOW I RESENTED THE OFFHAND MANNER IN WHICH THE CAPTAIN HAD EXTENDED HIS DEPLORABLE INVITATION
229-130880-0043	7.405	93	778	DANGEROUS NED LAND REPLIED A SIMPLE TRIP TO AN OYSTERBANK ASSUREDLY
229-130880-0046	3.320	42	355	ALL RIGHT SIT DOWN MY FRIENDS
229-130880-0048	7.020	88	740	FOR ORIENTALS IT'S A DROP OF SOLIDIFIED DEW FOR THE LADIES IT'S A JEWEL
229-130880-0058	4.495	57	484	THEY EVEN MENTION ONE OYSTER ABOUT WHICH I REMAIN DUBIOUS
229-130880-0072	7.405	93	788	BUT I DON'T THINK THESE FISHERIES BRING IN THE RETURNS THEY ONCE DID SIMILARLY THE CENTRAL AMERICAN FISHERIES
229-130880-0074	6.070	76	645	HAVEN'T CERTAIN FAMOUS PEARLS BEEN QUOTED AT EXTREMELY HIGH PRICES YES MY BOY
229-130880-0076	8.400	105	894	CONSEIL REPLIED BUT WHEN A LITTLE GLASS OF VINEGAR IS WORTH ONE MILLION FIVE HUNDRED THOUSAND FRANCS ITS TASTE IS A SMALL PRICE TO PAY
229-130880-0078	6.540	82	700	I EVEN BOUGHT A PEARL NECKLACE FOR MY FIANCEE KATE TENDER BUT SHE MARRIED SOMEBODY ELSE INSTEAD
229-130880-0079	4.720	59	507	BUT YOU CAN ABSOLUTELY TRUST ME ON THIS PROFESSOR ITS PEARLS WERE SO BIG
229-130880-0089	3.905	49	420	BY THE WAY GALLANT NED ARE YOU AFRAID OF SHARKS
233-134440-0021	8.680	109	915	WHO WORKED IN A MILLINERY SHOP KEPT BY MISSUS KATE MC HUGH THE YOUNG MAN WAS NOT IN LOVE WITH THE WOMAN
233-134440-0026	8.990	113	960	SOMETHING HE SAW LURKING IN THE STARING EYES TOLD HIM THAT THE MAN WHO HAD NOTHING TO SAY TO OTHERS HAD NEVERTHELESS SOMETHING TO SAY TO HIM
233-134440-0030	8.530	107	896	HE COMMANDED MY WIFE SHE IS DEAD YES SURELY I TELL YOU ALL WOMEN ARE DEAD MY MOTHER YOUR MOTHER
233-134440-0040	3.290	42	360	ALREADY YOU MAY BE HAVING DREAMS IN YOUR HEAD
233-134440-0046	4.285	54	460	WITH A SPADE I TURNED UP THE BLACK GROUND WHILE SHE RAN ABOUT
233-134440-0058	4.425	56	478	FIRST I HEARD VOICES AT THE DOOR THAT LED INTO A LITTLE HALLWAY
233-134440-0062	2.580	33	291	AND THEN THE NEIGHBORS CAME IN AND TOOK IT AWAY
233-155990-0000	2.115	27	236	THE PEACE OF RIGHTEOUSNESS
248-130644-0014	7.525	95	806	BUT WOULD MAKE THE VERY BEST OF THE CHANCES THAT LIFE OFFERED HER AND CONQUER CIRCUMSTANCES BY HER EXCEPTIONAL CLEVERNESS
248-130644-0027	9.210	116	976	HOW WAS THIS TO BE ACCOUNTED FOR THE ANSWER MAY SEEM TO LIE QUITE ON THE SURFACE IN HER BEAUTY A CERTAIN UNUSUALNESS ABOUT HER
248-130644-0036	3.390	43	369	WE CANNOT KILL AND NOT KILL IN THE SAME MOMENT
248-130652-0014	7.505	94	792	SILENCE FOR A COUPLE OF MINUTES THEN GRANDCOURT SAID WHAT MEN ARE INVITED HERE WITH THEIR WIVES
248-130652-0039	5.690	72	619	AND IF HIS PUDDINGS WERE ROLLED TOWARD HIM IN THE DUST HE TOOK THE INSIDE BITS AND FOUND THEM RELISHING
248-130697-0000	8.685	109	907	ALL THINGS ARE CHANGES NOT INTO NOTHING BUT INTO THAT WHICH IS NOT AT PRESENT MARCUS AURELIUS
248-130697-0033	4.605	58	497	YOU HAVE SAVED ME FROM WORSE SAID GWENDOLEN IN A SOBBING VOICE
248-130697-0036	4.295	54	463	BEHOLDING A POSSIBLE LIFE WHICH SHE HAD SINNED HERSELF AWAY FROM
250-140277-0016	6.180	78	656	PSYCHOLOGY AND THE LIFE OF THE SPIRIT TWO CONTEMPLATION AND SUGGESTION
250-142276-0007	6.230	78	657	MISSUS HALE IF SHE SPOKE TRUTH MIGHT HAVE ANSWERED WITH A READY MADE LIST
250-142276-0052	6.985	88	750	THE FULL ACCOUNT OF WHICH MARGARET HAD NEVER HEARD AND WHICH NOW SEEMED DOOMED TO BE BURIED IN SAD OBLIVION
250-142276-0053	8.020	101	845	WHEN SHE WAS WITH HER MOTHER HER FATHER SEEMED THE BEST PERSON TO APPLY TO FOR INFORMATION AND WHEN WITH HIM
250-142286-0000	8.690	109	904	CHAPTER TWELVE MORNING CALLS WELL I SUPPOSE WE MUST FRIENDS IN COUNCIL
250-142286-0004	8.405	106	894	THE LAST TIME YOU WERE OUT IN A CAB YOU CAME HOME WITH A HEADACHE FROM THE JOLTING I NEVER COMPLAINED OF IT I'M SURE NO
250-142286-0011	4.680	59	502	WITH WHAT ASKED MISSUS THORNTON HER BROW SLIGHTLY CONTRACTING
250-142286-0012	8.800	110	930	MISSUS THORNTON DID NOT SPEAK BUT SHE LAID HER WORK ON THE TABLE AND SEEMED TO THINK IT WILL BE A LONG WAY FOR HER TO WALK BACK AT NIGHT
250-142286-0014	2.385	30	262	IT WILL DO YOU GOOD INSTEAD OF HARM
250-142286-0024	7.965	100	848	MARGARET'S MANNER HAD AN EXTRA TINGE OF COLDNESS IN IT WHEN SHE NEXT SPOKE YOU HAVE GOOD CONCERTS HERE I BELIEVE
250-142286-0025	2.085	27	238	TOO CROWDED THAT IS THE WORST
250-142286-0030	8.505	107	904	THEN SHE FELT THAT BY CONCEALING HER UTTER INDIFFERENCE TO ALL SUCH PLACES SHE WAS HARDLY SPEAKING WITH TRUTH SO SHE WENT ON
250-142286-0032	7.040	88	743	SHE WILL DO YOU NO GOOD I SEE THE MOTHER LOOKS VERY ILL AND SEEMS A NICE QUIET KIND OF PERSON
254-12312-0000	4.795	60	510	POOR MORTALS WHO WAIT FOR A HAPPY DAY CHEER UP YOUR HEARTS
254-12312-0001	2.940	37	320	IF IT BE LAWFUL FIRMLY TO BELIEVE
254-12312-0004	2.395	30	260	SUCH WOES SUCH JARRINGS
254-12312-0005	6.765	85	717	THAT NEVER WERE IN HISTORY SUCH COILS SET DOWN AS YET SUCH TUMULTS AND GARBOILS
254-12312-0013	4.435	56	470	AND YET BEFORE THAT THEY BE CLEAN DISPERST
254-27760-0000	7.645	96	811	WHO HAD BEEN APPRENTICE TO THE SHOEMAKER ALIAKHIN FOR THREE MONTHS DID NOT GO TO BED THE NIGHT BEFORE CHRISTMAS
254-27760-0001	5.630	71	604	HAD GONE OUT TO AN EARLY CHURCH SERVICE TO PROCURE FROM HIS EMPLOYER'S CUPBOARD
254-27760-0003	3.415	43	367	HE WROTE I AM WRITING YOU A LETTER
254-27760-0004	3.830	48	411	AND VIVIDLY PICTURED TO HIMSELF HIS GRANDFATHER
254-27760-0005	7.690	97	820	ALWAYS SMILING AND BLEAR EYED ALL DAY HE SLEPT IN THE SERVANTS KITCHEN OR TRIFLED WITH THE COOKS
254-27760-0006	4.410	56	481	HOW TO SNEAK UP AND TAKE A BITE AT A LEG OR SLIP INTO THE LARDER
254-27760-0010	3.965	50	424	NOT A BREATH OF WIND CLEAR AND FROSTY
254-27760-0012	6.930	87	740	MY MASTER DRAGGED ME BY MY HAIR INTO THE YARD AND BELABOURED ME WITH A SHOE MAKER'S STIRRUP BECAUSE
254-27760-0013	6.375	80	680	I UNFORTUNATELY FELL ASLEEP AND DURING THE WEEK MY MISTRESS TOLD ME TO CLEAN A HERRING
254-27760-0019	6.565	83	703	AND IF THERE IS ANYTHING WRONG THEN FLOG ME LIKE THE GREY GOAT AND IF YOU REALLY THINK I SHAN'T FIND WORK
254-27760-0021	6.595	83	705	BUT I HAVE NO BOOTS AND I WAS AFRAID OF THE FROST AND WHEN I GROW UP I'LL LOOK AFTER YOU
254-27760-0022	5.550	70	597	THE CHILDREN DON'T COME ROUND AT CHRISTMAS WITH A STAR NO ONE IS ALLOWED TO SING IN THE CHOIR
254-127705-0004	8.135	102	857	TENAYA INQUIRED WHAT WAS THE OBJECT OF TAKING ALL THE INDIANS TO THE SAN JOAQUIN PLAIN MY PEOPLE
254-127705-0005	4.625	58	498	MY YOUNG MEN HAVE SOMETIMES TAKEN HORSES AND MULES FROM THE WHITES
254-127705-0006	4.420	56	479	MY YOUNG MEN BELIEVED THAT THE GOLD DIGGERS WERE OUR ENEMIES
254-127705-0021	3.130	40	343	ON THE EVENING OF THE THIRD DAY AFTER STARTING OUT
254-127705-0026	8.120	102	859	THROUGH AN INTERPRETER EXPRESSED HIS REGRET AT THE OCCURRENCE BUT NOT A WORD DID TENAYA UTTER IN REPLY LATER
254-127705-0027	3.535	45	388	BUT WAS CAUGHT AS HE WAS ABOUT TO SWIM ACROSS THE RIVER
254-127705-0037	7.560	95	802	DESCRIBED IT IN ARTICLES ILLUSTRATED BY A GOOD ARTIST WHO WAS TAKEN INTO THE VALLEY BY HIM FOR THAT PURPOSE
254-127705-0042	6.395	80	673	TO THE BORDER OF THE PARK EIGHT MILES BELOW THE VALLEY IT IS EIGHTY MILES LONG
254-145458-0005	8.965	113	945	LATER ONE HEARD THAT THIS UNDERGRADUATE FROM OVERSEAS HAD GONE UP AT AN AGE MORE ADVANCED THAN CUSTOMARY
254-145458-0010	9.300	117	979	OUR EFFORTS TO BE FUNNY IN THE SAKI MANNER HAVE NOT SURVIVED TO PROVE IT WHAT IS SAKI'S MANNER
254-145458-0013	2.475	31	267	WHICH SOME HAVE CLAIMED FOR HIM
289-121652-0004	7.675	96	814	ARE EVIDENTLY DRAWN FROM A VARIETY OF SOURCES WHILE THEY ARE TAKEN ALTOGETHER A HAPPY UNION OF RHYME WIT
289-121652-0010	6.415	81	686	AND LITTLE BOY BLUE IN SIXTEEN NINETY SEVEN CHARLES PERRAULT PUBLISHED IN FRANCE
289-121652-0014	8.715	109	922	WRITTEN ALSO VERGOOSE AND VERTIGOOSE WHO BELONGED TO A WEALTHY FAMILY HER ELDEST DAUGHTER ELIZABETH GOOSE OR VERTIGOOSE
289-121652-0023	9.165	115	977	BOSTON CHILDREN AT THAT DATE SAYS MISTER WHITMORE WERE FED UPON GOSPEL FOOD AND IT SEEMS EXTREMELY IMPROBABLE THAT AN EDITION COULD HAVE BEEN SOLD
289-121652-0033	9.375	118	994	THAT THEY HAVE BEEN RELEGATED TO OBLIVION WHILE THE REAL GEMS OF THE COLLECTION WILL DOUBTLESS LIVE AND GROW IN POPULAR FAVOR FOR MANY AGES
289-121652-0038	3.790	48	407	L FRANK BAUM CHICAGO ILLINOIS
289-121665-0041	6.035	76	649	WHAT ARE YOU DOING WITH THEM I THOUGHT THEY BELONGED TO MY SHEEP ANSWERED BO PEEP SORROWFULLY
289-121665-0045	8.475	106	890	SO NOW LITTLE ONE RUN AWAY HOME AND TRY TO BE MORE THOUGHTFUL IN THE FUTURE YOUR SHEEP WILL NEVER MISS THE TAILS
289-121665-0046	6.155	77	648	AND NOW LITTLE BO PEEP NO MORE DID WEEP MY TALE OF TAILS ENDS HERE
298-126790-0012	9.375	118	1015	BESIDES WHAT MIGHT HAVE BEEN IN THE DEERSKIN PURSE BUT HARVEY IS LITTLE BETTER NOW THAN A BEGGAR AND A BEGGAR MISS JEANETTE IS THE MOST AWFULLY DESPISABLE OF ALL EARTHLY CREATURES
298-126790-0034	4.885	62	535	FOR MY PART I AM CLEAR FOR DOCTORING THOUGH HARVEY SAYS I AM KILLING MYSELF WITH MEDICINES
298-126790-0037	2.740	35	304	AND AS SUCH WAS HIGHLY PLEASED WITH WHAT HE SAID
298-126791-0001	6.075	76	662	AND DOCTOR SITGREAVES REMOVED ALL FURTHER APPREHENSIONS BY CONFIDENTLY PRONOUNCING THAT HE WOULD BE A WELL MAN WITHIN A FORTNIGHT
298-126791-0002	5.280	66	565	HE BREAKFASTED IN HIS OWN ROOM AND NOTWITHSTANDING CERTAIN SIGNIFICANT SMILES OF THE MAN OF SCIENCE
298-126791-0005	8.140	102	873	THE TONGUE IS WELL AND THE PULSE BEGINS TO LOWER AGAIN AH THE BLEEDING DID YOU GOOD PHLEBOTOMY IS A SOVEREIGN SPECIFIC FOR SOUTHERN CONSTITUTIONS
298-126791-0009	7.655	96	823	HIS PATIENT SMILED AS HE GENTLY REPULSED HIS PHYSICIAN IN AN ATTEMPT TO UNDO THE BANDAGES AND WITH A RETURNING GLOW TO HIS CHEEKS INQUIRED
298-126791-0011	6.060	76	654	EVERYTHING IS AS YOU LEFT IT BUT IT GLIDED ABOUT THE ROOM WITH THE GRACE OF A FAIRY AND THE TENDERNESS OF AN ANGEL
298-126791-0025	2.670	34	298	THERE IS BUT LITTLE DANGER OF EXCEEDING THE TRUTH
298-126791-0030	8.430	106	908	AT LENGTH A SINGLE HORSE CHAISE WAS SEEN MAKING ITS WAY CAREFULLY AMONG THE STONES WHICH LAY SCATTERED OVER THE COUNTRY ROAD THAT WOUND THROUGH THE VALLEY AND APPROACHED THE COTTAGE
298-126791-0044	7.920	99	850	HE HAS SPENT THE NIGHT IN BRINGING ME A NURSE WHOSE PRESENCE ALONE IS ABLE TO RAISE ME FROM MY COUCH THE EXPRESSION OF THE LADY'S COUNTENANCE CHANGED
298-126791-0060	7.755	97	838	ORDERS WERE ACCORDINGLY GIVEN TO BE IN READINESS TO REJOIN THE TROOP AT THE FOUR CORNERS AS SOON AS HIS MASTER HAD SHARED IN THE BOUNTY OF THE APPROACHING BANQUET
298-126791-0061	4.160	52	450	AND BY HIS SYMPATHY SUCCEEDED IN RESTORING THE COLONEL TO HIS OWN GOOD GRACES
298-126791-0066	9.040	113	976	THEY WERE REPULSED YOU SAW IN THEIR ATTEMPT TO DRIVE US FROM THE WOOD AT LEAST THEY WOULD HAVE BEEN HAD THEY MADE AN ATTACK SAID THE CAPTAIN THROWING THE REST OF HIS CLOTHES WITHIN REACH OF THE COLONEL
302-123504-0011	8.060	101	854	BUT SO ALSO WAS THE APE WHOSE STRUGGLES WERE GROWING MOMENTARILY LESS SUDDENLY I CAME TO MYSELF
302-123504-0037	7.650	96	801	HELD IN ITS POOR UGLY CARCASS MORE LOVE MORE LOYALTY MORE GRATITUDE
302-123516-0003	8.300	104	874	HE WAS A HUGE FELLOW TERRIBLY SCARRED ABOUT THE FACE AND CHEST AND WITH ONE BROKEN TUSK AND A MISSING EAR
302-123516-0018	9.360	117	985	BREAKING AWAY FROM A CLINCH IT WAS THE ONE LITTLE OPENING THAT DAK KOVA NEEDED AND HURLING HIMSELF AT THE BODY OF HIS ADVERSARY
302-123516-0019	7.365	93	788	AND WITH A LAST POWERFUL EFFORT RIPPED THE YOUNG JEDDAK WIDE OPEN THE FULL LENGTH OF HIS BODY THE GREAT TUSK
302-123516-0024	4.700	59	503	THEY ARE A SMALLER HORDE THAN THE THARKS BUT MUCH MORE FEROCIOUS
302-123516-0030	7.150	90	761	SO WITH THE CUNNING OF A MADMAN I BACKED INTO THE FAR CORNER OF MY CELL WHEN NEXT I HEARD HIM APPROACHING
302-123516-0032	7.100	89	752	HE SLIPPED TO THE FLOOR STONE DEAD LAUGHING AND CHATTERING LIKE THE IDIOT I WAS FAST BECOMING
302-123516-0034	2.685	34	293	BACK INTO MY CORNER I CROUCHED
302-123523-0001	7.330	92	780	WHICH I NEGOTIATED EASILY WITHOUT ASSISTANCE ONCE INSIDE HOWEVER THE GATE GAVE ME CONSIDERABLE TROUBLE
302-123523-0021	3.755	47	405	THE THARKS WERE HAVING THEIR HANDS FULL IN THE CENTER OF THE ROOM
307-127535-0009	8.190	103	868	HE'S SEEN HIS SLICE OF LUCK HAS DICK AND YOU MAY LAY TO THAT BUT HERE THE LONG MAN WITH THE YELLOW EYES STRUCK IN
307-127535-0011	8.425	106	893	YOU'LL BE CAP'N NEXT I SHOULDN'T WONDER JUST OBLIGE ME WITH THAT TORCH AGAIN WILL YOU THIS PIPE DON'T DRAW
307-127535-0014	5.300	67	565	YOU LET THE ENEMY OUT O THIS HERE TRAP FOR NOTHING WHY DID THEY WANT OUT
307-127535-0015	3.980	50	429	THIRD YOU WOULDN'T LET US GO AT THEM UPON THE MARCH
307-127535-0017	3.615	46	395	WE'LL ALL SWING AND SUN DRY FOR YOUR BUNGLING
307-127535-0019	5.080	64	541	AND THE TREASURE IN THE HOLD OF HER BY THUNDER WELL WHO CROSSED ME
307-127535-0023	6.385	80	687	CRIED THE ACCUSED WIPING THE SWEAT FROM HIS BROW FOR HE HAD BEEN TALKING WITH A VEHEMENCE THAT SHOOK THE HOUSE
307-127535-0025	8.600	108	915	WE'RE THAT NEAR THE GIBBET THAT MY NECK'S STIFF WITH THINKING ON IT YOU'VE SEEN EM MAYBE HANGED IN CHAINS BIRDS ABOUT EM
307-127535-0027	8.155	102	860	NOW THAT'S ABOUT WHERE WE ARE EVERY MOTHER'S SON OF US THANKS TO HIM AND HANDS AND ANDERSON AND OTHER RUINATION FOOLS OF YOU
307-127535-0028	4.160	52	441	ARE WE A GOING TO WASTE A HOSTAGE NO NOT US
307-127535-0035	4.665	59	505	BUT CIVIL YOU CAN SPEAK AND SHALL GEORGE MERRY YOU MAY LAY TO THAT
307-127535-0038	5.675	71	597	A BIBLE WITH A BIT CUT OUT RETURNED SILVER DERISIVELY NOT IT
307-127535-0043	8.200	103	878	IT WAS LONG ERE I COULD CLOSE AN EYE AND HEAVEN KNOWS I HAD MATTER ENOUGH FOR THOUGHT IN THE MAN WHOM I HAD SLAIN THAT AFTERNOON
307-127535-0045	3.845	49	420	HE HIMSELF SLEPT PEACEFULLY AND SNORED ALOUD YET
307-127539-0000	7.375	93	782	THERE NEVER WAS SUCH AN OVERTURN IN THIS WORLD EACH OF THESE SIX MEN WAS AS THOUGH HE HAD BEEN STRUCK
307-127539-0002	2.240	28	244	HERE IS A NARROW CORNER AS
307-127539-0005	3.710	47	403	TWO GUINEAS ROARED MERRY SHAKING IT AT SILVER
307-127539-0010	4.025	51	436	AT LAST MERRY SEEMED TO THINK A SPEECH MIGHT HELP MATTERS
307-127539-0011	8.700	109	923	ONE'S THE OLD CRIPPLE THAT BROUGHT US ALL HERE AND BLUNDERED US DOWN TO THIS THE OTHER'S THAT CUB THAT I MEAN TO HAVE THE HEART OF NOW MATES
307-127539-0015	9.295	117	986	SOMETIMES PLUNGING THROUGH THE BUSHES TO THE CHEST I TELL YOU BUT SILVER WAS ANXIOUS TO KEEP UP WITH US THE WORK THAT MAN WENT THROUGH
307-127539-0018	2.725	35	302	WE WERE ALREADY BETWEEN THEM AND THE BOATS
307-127539-0025	6.700	84	708	AND KEEP A GUARD UPON THE MONEY AS FOR YOU JIM HE SAID IT WENT AGAINST MY HEART
307-127539-0027	8.735	110	928	HAD BEEN DISPATCHED IN FRONT TO DO HIS BEST ALONE THEN IT HAD OCCURRED TO HIM TO WORK UPON THE SUPERSTITIONS OF HIS FORMER SHIPMATES
307-127539-0028	7.465	94	792	NOT A THOUGHT REPLIED DOCTOR LIVESEY CHEERILY AND BY THIS TIME WE HAD REACHED THE GIGS
307-127540-0001	8.615	108	913	THEREFORE THE WORK WAS PUSHED ON BRISKLY GRAY AND BEN GUNN CAME AND WENT WITH THE BOAT WHILE THE REST DURING THEIR ABSENCES
307-127540-0002	8.945	112	946	TWO OF THE BARS SLUNG IN A ROPE'S END MADE A GOOD LOAD FOR A GROWN MAN ONE THAT HE WAS GLAD TO WALK SLOWLY WITH FOR MY PART
307-127540-0005	8.305	104	886	AT LAST I THINK IT WAS ON THE THIRD NIGHT THE DOCTOR AND I WERE STROLLING ON THE SHOULDER OF THE HILL WHERE IT OVERLOOKS THE LOWLANDS OF THE ISLE
307-127540-0018	7.405	93	794	LEAPT TO HIS FEET WITH A HOARSE CRY WHIPPED HIS MUSKET TO HIS SHOULDER AND SENT A SHOT WHISTLING OVER SILVER'S HEAD
307-127540-0025	7.980	100	841	SILVER WAS GONE THE MAROON HAD CONNIVED AT HIS ESCAPE IN A SHORE BOAT SOME HOURS AGO
307-127540-0032	8.155	102	857	OF SILVER WE HAVE HEARD NO MORE THAT FORMIDABLE SEAFARING MAN WITH ONE LEG HAS AT LAST GONE CLEAN OUT OF MY LIFE
307-127540-0034	6.950	87	737	AND THE ARMS STILL LIE FOR ALL THAT I KNOW WHERE FLINT BURIED THEM AND CERTAINLY THEY SHALL LIE THERE FOR ME
311-124404-0016	5.605	71	604	I ENDEAVORED TO DEMONSTRATE ALL THOSE ABOUT WHICH THERE COULD BE ANY ROOM FOR DOUBT
311-124404-0019	4.460	56	479	I EXPOUNDED AT CONSIDERABLE LENGTH WHAT THE NATURE OF THAT LIGHT MUST BE
311-124404-0027	2.835	36	308	AND FINALLY HOW FROM THESE ASHES
311-124404-0029	4.305	54	462	TO CONCLUDE THAT THIS WORLD HAD BEEN CREATED IN THE MANNER I DESCRIBED
311-124404-0033	6.875	86	724	FROM THE DESCRIPTION OF INANIMATE BODIES AND PLANTS I PASSED TO ANIMALS AND PARTICULARLY TO MAN
311-124404-0038	8.740	110	923	AS CONSEQUENCES OF THIS SUPPOSITION EXIST IN THIS BODY I FOUND PRECISELY ALL THOSE WHICH MAY EXIST IN US INDEPENDENTLY
311-124404-0041	5.050	64	548	WILL AFFORD THE MEANS OF READILY DETERMINING WHAT SHOULD BE THOUGHT OF ALL THE REST
311-124404-0042	7.305	92	780	TO TAKE THE TROUBLE OF GETTING DISSECTED IN THEIR PRESENCE THE HEART OF SOME LARGE ANIMAL POSSESSED OF LUNGS
311-124404-0045	6.655	84	709	PRESENTLY DISPERSE THEMSELVES ALL OVER THE LUNGS IN THE SECOND PLACE THE CAVITY IN THE LEFT SIDE
311-124404-0058	2.905	37	321	BECAUSE THE ORIFICES THROUGH WHICH THEY PASS ARE WIDE
311-124404-0062	3.835	48	410	AND THE SIX SMALL VALVES CLOSE AND THE FIVE OF THE HOLLOW
311-124404-0063	3.630	46	392	VENOUS ARTERY OPEN ANEW AND ALLOW A PASSAGE
311-124404-0064	7.985	100	847	WHICH CAUSE THE HEART AND THE ARTERIES AGAIN TO EXPAND AS BEFORE AND BECAUSE THE BLOOD WHICH THUS ENTERS INTO THE HEART PASSES
311-124404-0075	5.370	68	582	WHICH IS IN THE BODY MAY FLOW OUT OF IT IN A VERY SHORT TIME THROUGH A SINGLE ARTERY THAT HAS BEEN CUT
311-124404-0079	6.460	81	689	AND IF ATTENTION BE GIVEN IT WILL BE FOUND THAT THIS DIFFERENCE IS VERY MARKED ONLY IN THE NEIGHBORHOOD OF THE HEART
311-124404-0080	4.635	58	487	IN PARTS MORE REMOTE FROM IT IN THE NEXT PLACE
311-124404-0081	7.815	98	834	SUFFICIENTLY SHOWS THAT THE BLOOD IS IMPELLED AGAINST THEM WITH MORE FORCE THAN AGAINST THE VEINS AND WHY SHOULD THE LEFT CAVITY OF THE HEART
311-124404-0084	3.290	42	362	AND THAT IN CHILDREN WHO CANNOT USE THEM WHILE IN THE WOMB
311-124404-0085	8.350	105	890	WHEN IT IS CONSIDERED THAT IT IS DISTILLED BY PASSING AND REPASSING THROUGH THE HEART PERHAPS MORE THAN ONE OR TWO HUNDRED TIMES IN A DAY
311-124404-0089	8.210	103	869	IS THE GENERATION OF THE ANIMAL SPIRITS WHICH ARE LIKE A VERY SUBTLE WIND OR RATHER A VERY PURE AND VIVID FLAME WHICH
311-124404-0111	8.145	102	865	SHOULD NOT IN THIS BE EQUAL TO THE MOST STUPID INFANT OF ITS KIND OR AT LEAST TO ONE THAT WAS CRACK BRAINED UNLESS THE SOUL OF BRUTES
311-124404-0113	7.835	98	840	SINCE THEY ARE ENDOWED WITH MANY ORGANS ANALOGOUS TO OURS THEY COULD AS EASILY COMMUNICATE THEIR THOUGHTS TO US AS TO THEIR FELLOWS
311-124404-0119	6.175	78	666	THERE IS NONE THAT IS MORE POWERFUL IN LEADING FEEBLE MINDS ASTRAY FROM THE STRAIGHT PATH OF VIRTUE
311-124404-0121	4.380	55	468	BECAUSE NO OTHER CAUSES ARE OBSERVED CAPABLE OF DESTROYING IT
322-124146-0001	5.065	64	543	THAN SHE ENTERED THE BREAKFAST ROOM AND CONGRATULATED BOTH HIM AND HERSELF
322-124146-0004	9.385	118	1005	SHE WOULD HAVE BEEN GLAD TO BE EQUALLY SATISFIED THAT HER DAUGHTER HAD MEANT TO ENCOURAGE HIM BY PROTESTING AGAINST HIS PROPOSALS BUT SHE DARED NOT BELIEVE IT
322-124146-0005	4.345	55	466	SHE ADDED THAT LIZZY SHALL BE BROUGHT TO REASON
322-124146-0011	4.620	58	490	I HAVE NOT THE PLEASURE OF UNDERSTANDING YOU SAID HE
322-124146-0020	6.980	88	740	I AM GLAD YOU ARE COME FOR THERE IS SUCH FUN HERE WHAT DO YOU THINK HAS HAPPENED THIS MORNING
322-124146-0022	2.700	34	296	SHE ADDED IN A MELANCHOLY TONE
322-124146-0023	3.560	45	389	I HAVE NO PLEASURE IN TALKING TO UNDUTIFUL CHILDREN
322-124146-0024	6.990	88	742	WHO SUFFER AS I DO FROM NERVOUS COMPLAINTS CAN HAVE NO GREAT INCLINATION FOR TALKING
322-124146-0027	4.215	53	449	AND ON PERCEIVING WHOM SHE SAID TO THE GIRLS
322-124146-0032	9.070	114	949	WHO HAS BEEN SO FORTUNATE AS I HAVE BEEN IN EARLY PREFERMENT AND I TRUST I AM RESIGNED
322-124146-0034	7.990	100	842	WITHOUT HAVING PAID YOURSELF AND MISTER BENNET THE COMPLIMENT OF REQUESTING YOU TO INTERPOSE YOUR AUTHORITY IN MY BEHALF
322-124146-0036	8.860	111	930	I HAVE CERTAINLY MEANT WELL THROUGH THE WHOLE AFFAIR MY OBJECT HAS BEEN TO SECURE AN AMIABLE COMPANION FOR MYSELF
322-124146-0037	3.780	48	409	AND IF MY MANNER HAS BEEN AT ALL REPREHENSIBLE
322-124147-0005	6.735	85	716	AND ATTENDED THEM TO THEIR AUNT'S WHERE HIS REGRET AND VEXATION AND THE CONCERN OF EVERYBODY
322-124147-0018	2.795	35	300	I WILL HAVE NO RESERVES FROM YOU
322-124147-0020	3.400	43	368	IS HEIGHTENED INTO SOMETHING STILL MORE INTERESTING
322-124147-0023	4.920	62	527	IN INDULGING THE HOPE OF AN EVENT WHICH WILL SECURE THE HAPPINESS OF SO MANY
322-124147-0032	3.890	49	420	CAROLINE IS INCAPABLE OF WILFULLY DECEIVING ANYONE
322-124147-0065	9.335	117	978	AND MISSUS BENNET WITH GREAT POLITENESS AND CORDIALITY SAID HOW HAPPY THEY SHOULD BE TO SEE HIM AT LONGBOURN AGAIN
322-124147-0071	7.055	89	749	AS FOR MY FAIR COUSINS THOUGH MY ABSENCE MAY NOT BE LONG ENOUGH TO RENDER IT NECESSARY
322-124147-0072	8.680	109	909	NOT EXCEPTING MY COUSIN ELIZABETH WITH PROPER CIVILITIES THE LADIES THEN WITHDREW
322-124147-0075	2.895	37	316	SEEMED ALMOST AS FAR FROM POSSIBILITY
322-124147-0078	8.570	108	904	SHE SOON REGAINED HER COMPOSURE AND CALMLY REPLIED WHY SHOULD YOU BE SURPRISED MY DEAR ELIZA
328-129766-0000	2.315	29	254	AND SO MIGHT MARRY AGAIN WHEN HE WOULD
328-129766-0005	2.345	30	261	WHERE THOUGH IT WAS REMOTE FROM OUR PORT
328-129766-0010	4.595	58	495	I WAS ENTIRELY WITHOUT FRIENDS NAY EVEN SO MUCH AS WITHOUT ACQUAINTANCE
328-129766-0013	8.990	113	952	AS HAD BEEN MY CASE BEFORE THE BATH IS A PLACE OF GALLANTRY ENOUGH EXPENSIVE AND FULL OF SNARES I WENT THITHER INDEED
328-129766-0017	2.010	26	226	HOWEVER I SHOOK THEM OFF
328-129766-0020	5.845	74	634	FOR THOUGH I HAD CONTRACTED SOME ACQUAINTANCE WITH A GENTLEMAN WHO CAME TO THE BATH FOR HIS DIVERSION
328-129766-0025	6.765	85	719	THERE WAS NO MORE IN IT I HAD MANY MELANCHOLY HOURS AT THE BATH AFTER THE COMPANY WAS GONE
328-129766-0027	5.695	72	615	HERE I SAY I PASSED THE WINTER AS HEAVILY AS I HAD PASSED THE AUTUMN CHEERFULLY
328-129766-0029	6.745	85	720	AND AS I HAD REALLY WRITTEN BACK TO MY MOTHER IN PARTICULAR TO REPRESENT MY CONDITION AND THE GREAT LOSS I HAD RECEIVED
328-129766-0034	7.660	96	811	THE WINTER BEFORE AND HE CAME DOWN AGAIN WITH ANOTHER GENTLEMAN IN HIS COMPANY AND TWO SERVANTS AND LODGED IN THE SAME HOUSE
328-129766-0036	2.720	34	294	IF I MIGHT BELIEVE HIM WAS TO HIM
328-129766-0044	3.970	50	433	I TOLD HER I HAD NOT GIVEN HIM THE LEAST OCCASION TO THINK I WANTED IT
328-129766-0045	2.695	34	297	AND SHE DID SO AND MANAGED IT SO DEXTEROUSLY
328-129766-0046	7.240	91	765	AND SO I PUT OFF ALL ROOM FOR ANY OFFER FOR THE PRESENT HOWEVER IT WAS NOT LONG BEFORE HE ATTACKED ME AGAIN
328-129766-0052	2.585	33	290	MAKES A STORY OF HER OWN INVENTING AND COMES IN
328-129766-0054	7.665	96	818	BUT THE MAN YOU SENT TO BRISTOL YESTERDAY FOR MONEY IS COME BACK AND SAYS HE HAS BROUGHT NONE NOW I COULD BY NO MEANS LIKE HER PROJECT
328-129766-0055	7.535	95	807	WHICH INDEED HE DID NOT WANT AND I CLEARLY SAW THAT I SHOULD LOSE NOTHING BY BEING BACKWARD TO ASK SO I TOOK HER UP SHORT
328-129766-0059	7.640	96	819	BUT I SUPPOSED SHE WANTED WHAT I OWED HER WHICH WAS ABOUT EIGHT GUINEAS WHICH I HAD RESOLVED TO GIVE HER AND HAD ACCORDINGLY
328-129766-0063	7.820	98	829	I IMMEDIATELY PUT MY HAND INTO MY POCKET AND LAUGHING TO HIM PULLED IT OUT AND THERE WAS IN IT THREE GUINEAS AND A HALF
328-129766-0068	5.205	66	562	WHEN I HAD DONE SO HE MADE ME PUT THEM INTO MY LAP AND TOOK MY LITTLE DRAWER
328-129766-0070	3.120	39	334	AND IN A WORD PRESSED ME TO BUY BETTER
328-129766-0074	3.980	50	433	THE COMPANY BEGINNING TO WEAR AWAY AT THE BATH HE TALKED OF GOING AWAY
328-129766-0075	9.310	117	985	I WAS NOT VERY EASY IN THAT PROPOSAL NOT KNOWING WHAT POSTURE I WAS TO LIVE IN THERE OR HOW HE MIGHT USE ME BUT WHILE THIS WAS IN DEBATE
328-129766-0079	4.955	62	530	AND KEPT HIS BED FIVE WEEKS ALL WHICH TIME I NURSED HIM AND TENDED HIM MYSELF
328-129766-0090	4.980	63	537	TO HAVE NO LODGING IN THE INN BUT IN ONE LARGE CHAMBER WITH TWO BEDS IN IT
328-129766-0091	8.135	102	864	AND COMING INTO THAT ROOM SAID VERY FRANKLY TO HIM SIR IT IS NONE OF MY BUSINESS TO INQUIRE WHETHER THE LADY BE YOUR SPOUSE OR NO
328-129766-0098	6.915	87	742	THAT THOUGH I WAS TO HIM TO MOST AGREEABLE WOMAN IN THE WORLD YET BECAUSE HE LOVED ME HE COULD NOT INJURE ME
332-128985-0003	8.160	102	869	THAT HE WAS DESTINED TO BECOME A MOST REMARKABLE SEA ROBBER HE WAS OFFERED THE COMMAND OF A SHIP WITH A WELL ARMED CREW OF MARINE SAVAGES
332-128985-0009	4.145	52	440	THIS STORY HOWEVER I REGARD WITH A GREAT DEAL OF DOUBT
332-128985-0026	6.290	79	667	DIFFERING FROM THEM ONLY IN RESPECT TO INTENSITY AND FORCE BUT HE WAS A CLEVER MAN WITH IDEAS
332-128985-0027	4.745	60	514	HE WAS CRUISING ABOUT CAMPEACHY WITHOUT SEEING ANY CRAFT THAT WAS WORTH CAPTURING
332-128985-0029	5.745	72	616	AND HAD SENT THAT MILD MANNERED OBSERVER INTO THE HARBOR TO INVESTIGATE INTO THE STATE OF AFFAIRS
332-128985-0031	7.685	97	823	AND WITH A GOOD MANY MORE BROAD BACKED HAIRY MARINERS THAN WERE NECESSARY PULLING AT THE OARS THAN THEY GAVE THE ALARM
332-128985-0035	6.280	79	670	DURING THE TIME THAT PREPARATIONS WERE GOING ON FOR MAKING EXAMPLES OF THESE IMPERTINENT PIRATES
332-128985-0042	6.640	83	706	AND THE FIRST THING HE DID WAS TO BRING SOME WRITING MATERIALS TO ROC WHO THEREUPON BEGAN THE COMPOSITION OF A LETTER
332-128985-0043	6.405	81	695	WHEN HE WAS COMING INTO THE BAY ROC HAD NOTICED A LARGE FRENCH VESSEL THAT WAS LYING AT SOME DISTANCE FROM THE TOWN
332-128985-0067	8.635	108	926	THEY THOUGHT NO MORE OF THE OATHS THEY HAD TAKEN TO ABANDON PIRACY THAN THEY THOUGHT OF THE OATHS WHICH THEY HAD BEEN IN THE HABIT OF THROWING RIGHT AND LEFT
332-128985-0068	5.720	72	620	BUT AS SOON AS THEY COULD MANAGE IT THEY SAILED BACK TO THE WEST INDIES AND EVENTUALLY FOUND THEMSELVES IN JAMAICA
332-128985-0072	2.950	37	318	FROM THE ACTIVE PRACTICE OF HIS PROFESSION
332-128985-0082	5.595	70	593	COME ONE COME ALL THE BUSHY BROWED PIRATE OF THE DRAWN CUTLASS
332-128985-0088	4.090	52	444	AND AFTER THAT HE ENTIRELY DROPPED ROC FROM HIS CHRONICLES
374-180298-0019	8.305	104	879	WHOSE ONLY DEFECT IS THAT THEY HAVE NOT TWO HUNDRED THOUSAND FRANCS A YEAR I NEED NOT TELL YOU OF THOSE WHO CHEAT AT PLAY
374-180298-0026	2.960	37	320	IT WAS IMPOSSIBLE TO RESIST AN EXISTENCE
374-180298-0035	8.605	108	915	WHEN AN ADROIT GAMBLER WOULD HAVE LEFT IT SETTLING ONE THING AGAINST ANOTHER I FOUND MYSELF IN POSSESSION OF SOME TEN THOUSAND FRANCS
374-180298-0038	9.145	115	977	MARGUERITE WAS AWAKENED BY THE SUNLIGHT POURING INTO HER ROOM AND JUMPING OUT OF BED ASKED ME IF I WOULD TAKE HER INTO THE COUNTRY FOR THE WHOLE DAY
374-180298-0039	8.730	110	936	WE SENT FOR PRUDENCE AND ALL THREE SET OFF AFTER MARGUERITE HAD GIVEN NANINE ORDERS TO TELL THE DUKE THAT SHE HAD TAKEN ADVANTAGE OF THE FINE DAY
374-180298-0046	4.020	51	437	I HAVE TRAVELLED A GOOD DEAL AND SEEN MUCH GRANDER THINGS
374-180298-0059	9.470	119	1002	WELL TELL THE DUKE TO TAKE IT FOR YOU HE WOULD DO SO I AM SURE I'LL SEE ABOUT IT IF YOU LIKE MARGUERITE LOOKED AT ME
374-180298-0060	8.475	106	896	MY DREAM VANISHED AT THE LAST WORDS OF PRUDENCE AND BROUGHT ME BACK TO REALITY SO BRUTALLY THAT I WAS STILL STUNNED WITH THE FALL
374-180298-0065	6.215	78	655	WE LEFT THE HOUSE AND STARTED ON OUR RETURN TO PARIS TALKING OVER THE NEW PLAN
374-180299-0001	3.290	42	359	IN THE COURSE OF THE DAY I RECEIVED THIS NOTE
374-180299-0002	2.810	36	310	BE AT PRUDENCE'S TO NIGHT AT EIGHT
374-180299-0005	4.145	52	444	NO AT POINT DU JOUR WHERE WE HAD DINNER THE DUKE AND I
374-180299-0043	7.740	97	820	HE WOULD BRING HER BACK TO HIM BUT WHEN HE HAD PERCEIVED THE USELESSNESS OF THESE MEANS HE COULD HOLD OUT NO LONGER
403-216-0014	3.210	41	356	OR MISS THORPE'S ADMISSION OF THEM THAT GIVES THE PAIN
403-216-0017	4.695	59	496	YOU KNOW SHE MUST BE ATTACHED TO HIM I UNDERSTAND
403-126855-0000	1.895	24	208	THE SEVENTH CHAPTER
403-126855-0027	4.525	57	492	THEY'VE GOT THE CAPTAIN LOOSE AND HE'S COMING ON LIKE A DEER GET LIVELY
403-128339-0000	7.180	90	755	PUBLIC PROSECUTOR AND DETERMINED JURY SAT EVERY DAY THEIR LISTS WENT FORTH EVERY EVENING
403-128339-0002	8.850	111	931	CHARLES EVREMONDE CALLED DARNAY HAD REASON TO KNOW THE USAGE HE HAD SEEN HUNDREDS PASS AWAY SO
403-128339-0013	4.790	60	513	WHO WORE THEIR USUAL CLOTHES AND HAD NOT ASSUMED THE COARSE GARB
403-128339-0047	7.375	93	786	SO THAT HIS TEARS AND HER LIPS MIGHT COME TOGETHER UNSEEN A FEW OF THE PEOPLE FELL TO DANCING
403-128339-0048	7.025	88	750	AFTER GRASPING THE DOCTOR'S HAND AS HE STOOD VICTORIOUS AND PROUD BEFORE HIM AFTER GRASPING THE HAND OF MISTER LORRY
403-128339-0052	2.565	33	284	HE WAS PROUD OF HIS STRENGTH
405-130894-0011	7.075	89	755	WHICH WAS PROMPTLY ACCEPTED THE CANADIAN GOT INTO HIS UNDERWATER COSTUME AND WAS READY AS SOON AS HIS FELLOW WORKERS
405-130894-0014	2.600	33	284	MORE THAN FOUR HUNDRED METERS HIGH
405-130894-0018	9.160	115	974	THESE CHUNKS WEIGHED LESS THAN THE WATER AND BY AN UNUSUAL EFFECT OF SPECIFIC GRAVITY EACH CHUNK TOOK WING AS IT WERE TO THE ROOF OF THE TUNNEL
405-130894-0026	6.910	87	740	THERE WAS NO POINT IN DAMPENING THE ENERGY THEY WERE PUTTING INTO OUR ARDUOUS RESCUE WORK BUT WHEN I RETURNED ON BOARD
405-130894-0031	5.090	64	545	THERE WAS NO LACK OF OXYGEN ALL THIS WATER CONTAINED A CONSIDERABLE AMOUNT
405-130894-0033	6.590	83	697	AND SHAKE THEM CONTINUALLY BUT THIS SUBSTANCE WAS MISSING ON BOARD AND NOTHING ELSE COULD REPLACE IT
405-130894-0045	6.900	87	736	THAT AN INVOLUNTARY TERROR SWEEPS OVER ME AND MY LUNGS STILL SEEM SHORT OF AIR MEANWHILE
405-130894-0047	5.940	75	632	IT'S WORTH TRYING I SAID RESOLUTELY SO LET'S TRY IT PROFESSOR
405-130894-0050	8.390	105	885	BOILING HOT AT THE BODY OF THE PUMP THE STEAMING WATER WAS INJECTED INTO THE ICY WATER OUTSIDE AND AFTER THREE HOURS HAD PASSED
405-130894-0051	2.155	27	235	THAT WAS ONE DEGREE GAINED
405-130894-0053	3.730	47	406	THE INJECTIONS COULDN'T GET IT TO GO A SINGLE DEGREE HIGHER
405-130894-0077	3.810	48	410	HAD HE PERISHED HAD HIS COMPANIONS DIED WITH HIM
405-130894-0078	5.200	65	553	SEPARATING US FROM THE OPEN AIR WAS A MERE TRACT OF ICE COULD WE BREAK THROUGH IT
405-130895-0014	5.105	64	548	SOON WE HAD CLEARED THE ANTARCTIC CIRCLE PLUS THE PROMONTORY OF CAPE HORN
405-130895-0019	7.020	88	746	WHEN THE NAUTILUS ROSE TO THE SURFACE OF THE WAVES A FEW MINUTES BEFORE NOON WE RAISED LAND TO THE WEST
405-130895-0021	7.805	98	828	ITS COASTLINE LOOKED FLAT BUT HIGH MOUNTAINS ROSE IN THE DISTANCE I EVEN THOUGHT I GLIMPSED MT SARMIENTO
405-130895-0033	5.320	67	572	BETWEEN TWENTY AND TWENTY FIVE METERS AND WENT ALONG THE SOUTH AMERICAN COAST
405-130895-0034	2.285	29	253	DIDN'T PUT IN AN APPEARANCE
405-130895-0037	7.780	98	838	CAPTAIN NEMO HAD NO LIKING FOR THE NEIGHBORHOOD OF BRAZIL'S POPULOUS SHORES BECAUSE HE SHOT BY WITH DIZZYING SPEED
426-122819-0003	9.085	114	971	I DIDN'T LIKE MISSUS LYNDE AT FIRST EITHER BUT AS SOON AS I CAME TO UNDERSTAND HER I LEARNED TO MISSUS LYNDE MAY BE AN ACQUIRED TASTE WITH SOME FOLKS
426-122819-0015	3.525	45	393	HE'S PECULIAR ENOUGH ALL RIGHT THEN SAID MISTER HARRISON DRILY
426-122819-0025	8.295	104	889	AND THE MORTON HARRIS PAINT CANS WERE NUMBERED ACCORDING TO A COLOR CARD A PURCHASER CHOSE HIS SHADE ON THE CARD AND ORDERED BY THE ACCOMPANYING NUMBER
426-122819-0026	7.560	95	809	AND WHEN MISTER ROGER PYE SENT WORD TO THE IMPROVERS BY HIS SON JOHN ANDREW THAT HE WAS GOING TO TOWN AND WOULD GET THEIR PAINT FOR THEM
426-122819-0032	8.810	111	945	THE LUCKLESS IMPROVERS EXPECTED THAT AVONLEA WOULD BE MORE PREJUDICED THAN EVER AGAINST THEM BUT INSTEAD PUBLIC SYMPATHY VEERED AROUND IN THEIR FAVOR
426-122819-0036	5.795	73	629	FOLKS WILL BE ABLE TO SIT IN THE HALL AFTER THIS WITHOUT BEING LEAKED ON YOU'VE ACCOMPLISHED SO MUCH ANYHOW
426-122821-0005	7.665	96	818	BUT IF YOU WERE A WIDOW THERE'D BE NO DANGER OF EITHER THE MOST REMARKABLE WISH WAS SALLY BELL'S SHE WANTED A HONEYMOON
426-122821-0007	7.145	90	768	ELIZA BELL HAD SET FIRE TO HER AUNT'S CARDED ROLLS ASKED IF SHE MEANT TO DO IT SHE SAID NOT ALTOGETHER
426-122821-0020	8.940	112	959	AND ASKED HER TO TELL ME THE TRUTH ABOUT THE LETTER ANNETTA CRIED AND FESSED UP FREELY SHE SAID SHE HAD NEVER WRITTEN A LETTER AND SHE DIDN'T KNOW HOW TO OR WHAT TO SAY
426-122821-0021	8.540	107	910	I PUT TEACHER WHERE HE PUT LADY AND I PUT IN SOMETHING OF MY OWN WHEN I COULD THINK OF IT AND I CHANGED SOME WORDS I PUT DRESS IN PLACE OF MOOD
426-122822-0014	8.985	113	960	CHESTER SLOANE SPELLING ODORIFEROUS WITH TWO F'S WAS MADE TO FEEL THAT HE COULD NEVER LIVE DOWN THE DISGRACE OF IT EITHER IN THIS WORLD OR THAT WHICH IS TO COME
426-122822-0015	2.140	27	241	BUT THE KNOWLEDGE ONLY ANGERED HER FURTHER
426-122822-0035	5.975	75	638	NO BUT THE PYES ARE AN EXCEPTION TO EVERY KNOWN RULE THAT'S WHAT DECLARED MISSUS RACHEL WITH CONVICTION
441-128982-0025	8.005	101	861	THE ANIMALS MIGHT HOWL AROUND HIM AND GLARE AT HIM WITH THEIR SHINING EYES AND THE ALLIGATORS MIGHT LASH THE WATER INTO FOAM WITH THEIR GREAT TAILS
441-128982-0027	3.350	42	366	AND HE HAD NO WINE JARS NOW WITH WHICH TO BUOY HIMSELF UP
441-128982-0028	3.850	49	426	BUT A MAN IN HIS SITUATION WOULD NOT BE LIKELY TO GIVE UP READILY
441-128988-0000	4.035	51	432	CHAPTER THIRTEEN A RESURRECTED PIRATE
441-130108-0002	7.980	100	845	HE COULD SEE THE LOW LINE OF TRENCHES BUT FOR A SHORT DISTANCE A FEW IDLE FLAGS WERE PERCHED ON THE DIRT HILLS
441-130108-0012	9.290	117	989	HE PRESENTLY BEGAN A LONG AND INTRICATE DENUNCIATION OF THE COMMANDER OF THE FORCES MEBBE IT WA'N'T ALL HIS FAULT NOT ALL TOGETHER
441-130108-0016	5.820	73	614	IN HIS REPLY THE FRIEND'S VOICE WAS STERN A COURSE NOT HE SAID
441-130108-0018	8.070	101	856	AND I DON'T SEE ANY SENSE IN FIGHTING AND FIGHTING AND FIGHTING YET ALWAYS LOSING THROUGH SOME DERNED OLD LUNKHEAD OF A GENERAL
441-130108-0027	5.290	67	564	SAID A MAN HERE WE ARE EVERYBODY FIGHTIN BLOOD AN DESTRUCTION
441-130108-0033	7.670	96	804	OH THE DEVIL IT WILL YOU ALWAYS TALK LIKE A DOG HANGED PARSON DON'T TELL ME I KNOW
441-130108-0035	2.735	35	305	YOU'VE BEEN JAWIN LIKE A LOT A OLD HENS
441-130108-0041	5.250	66	561	THEY WERE WORN EXHAUSTED HAVING SLEPT BUT LITTLE AND LABORED MUCH
445-123857-0003	3.670	46	394	SINCE THAT MY LIFE ON THY REVOLT DOTH LIE
445-123857-0004	3.810	48	407	HAPPY TO HAVE THY LOVE HAPPY TO DIE
445-123857-0007	3.425	43	374	WHATE'ER THY THOUGHTS OR THY HEART'S WORKINGS BE
445-123857-0008	8.200	103	864	HOW LIKE EVE'S APPLE DOTH THY BEAUTY GROW IF THY SWEET VIRTUE ANSWER NOT THY SHOW
445-123857-0009	9.280	116	966	AND WILL DO NONE THAT DO NOT DO THE THING THEY MOST DO SHOW WHO MOVING OTHERS ARE THEMSELVES AS STONE
445-123857-0013	6.025	76	648	WHICH LIKE A CANKER IN THE FRAGRANT ROSE DOTH SPOT THE BEAUTY OF THY BUDDING NAME
445-123857-0016	3.965	50	425	TAKE HEED DEAR HEART OF THIS LARGE PRIVILEGE
445-123857-0017	9.070	114	953	SOME SAY THY GRACE IS YOUTH AND GENTLE SPORT BOTH GRACE AND FAULTS ARE LOV'D OF MORE AND LESS
445-123857-0024	8.310	104	866	YET SEEM'D IT WINTER STILL AND YOU AWAY AS WITH YOUR SHADOW I WITH THESE DID PLAY
445-123857-0026	8.750	110	927	THE PURPLE PRIDE WHICH ON THY SOFT CHEEK FOR COMPLEXION DWELLS IN MY LOVE'S VEINS THOU HAST TOO GROSSLY DY'D
445-123857-0028	6.700	84	713	BUT FOR HIS THEFT IN PRIDE OF ALL HIS GROWTH A VENGEFUL CANKER EAT HIM UP TO DEATH
445-123857-0031	8.020	101	846	SING TO THE EAR THAT DOTH THY LAYS ESTEEM AND GIVES THY PEN BOTH SKILL AND ARGUMENT
445-123857-0032	9.065	114	952	MY LOVE'S SWEET FACE SURVEY IF TIME HAVE ANY WRINKLE GRAVEN THERE IF ANY BE A SATIRE TO DECAY
445-123860-0008	6.065	76	642	IT SUFFERS NOT IN SMILING POMP NOR FALLS UNDER THE BLOW OF THRALLED DISCONTENT
445-123860-0010	5.620	71	596	THE FOOLS OF TIME WHICH DIE FOR GOODNESS WHO HAVE LIVED FOR CRIME
445-123860-0014	5.075	64	542	A TRUE SOUL WHEN MOST IMPEACH'D STANDS LEAST IN THY CONTROL
445-123860-0016	9.085	114	959	IF NATURE SOVEREIGN MISTRESS OVER WRACK AS THOU GOEST ONWARDS STILL WILL PLUCK THEE BACK SHE KEEPS THEE TO THIS PURPOSE
445-123860-0018	7.170	90	759	SWEET BEAUTY HATH NO NAME NO HOLY BOWER BUT IS PROFAN'D IF NOT LIVES IN DISGRACE
445-123860-0023	3.170	40	340	EXTREME A BLISS IN PROOF
446-123501-0011	8.060	101	849	I WAS DETERMINED HOWEVER TO EXPLORE THE LOW STRUCTURE WHICH WAS THE ONLY EVIDENCE OF HABITATION IN SIGHT
446-123501-0012	6.810	86	722	IT HAD EVER BEEN GIVEN ME TO SEE THE ROOF OF THE ENCLOSURE WAS OF SOLID GLASS
446-123501-0025	3.175	40	343	WAS FULLY FIFTEEN FEET IN HEIGHT
446-123501-0045	3.170	40	341	THEY ARE DEADLY IN THE EXTREME
446-123501-0058	6.955	87	733	AT THE SAME TIME HE MOTIONED HIS FOLLOWERS TO ADVANCE THEY STARTED TOWARD US ON A WILD RUN
446-123501-0060	7.770	98	828	THE FELLOW DESIGNATED REACHED DOWN TWO OR THREE HANDS AND LIFTED ME UP BEHIND HIM ON THE GLOSSY BACK OF HIS MOUNT
446-123502-0021	2.635	33	287	WHEREAS THE GREAT BULKS OF THE MARTIANS
446-123502-0047	4.150	52	447	AND WAS BEAUTIFULLY DECORATED WITH MURAL PAINTINGS AND MOSAICS
446-123502-0049	4.850	61	521	LIKE AN OBEDIENT PUPPY THE THING WAS ABOUT THE SIZE OF A SHETLAND PONY
458-126290-0002	2.155	27	237	SO THE POT WAS PLACED IN SAFETY
458-126290-0010	7.710	97	814	WHEN SHE WENT HOME THE MOUSE INQUIRED AND WHAT WAS THE CHILD CHRISTENED HALF DONE ANSWERED THE CAT HALF DONE
458-126290-0018	7.740	97	821	YOU HAVE DEVOURED ALL WHEN YOU WERE STANDING GODMOTHER FIRST TOP OFF THEN HALF DONE THEN WILL YOU HOLD YOUR TONGUE CRIED THE CAT
458-126290-0019	3.770	48	409	ALL GONE WAS ALREADY ON THE POOR MOUSE'S LIPS
458-126294-0001	3.075	39	340	FOR THE MOTHER HAD FALLEN ASLEEP UNDER THE TREE WITH THE CHILD
458-126294-0009	4.925	62	533	BOTH THE CHILDREN WERE GONE THEN SHE WAS TERRIBLY ALARMED AND SHE SAID TO HERSELF
458-126294-0011	4.960	62	526	AND I WILL NEVER LEAVE YOU FUNDEVOGEL SAID NEITHER NOW NOR EVER
458-126294-0013	6.370	80	687	AND THEY WENT HOME AND TOLD THE COOK THAT THEY HAD SEEN NOTHING IN THE FOREST BUT A LITTLE ROSE BUSH WITH ONE ROSE ON IT
458-126305-0005	7.490	94	798	IF YOU CAN STAND THERE AND EAT YOUR FILL YOU CAN ALSO GO ON YOUR FOUR LEGS I DON'T CARE TO DRAG YOU HOME AGAIN IN MY ARMS
458-126305-0019	3.035	38	327	AND WENT THITHER AND FOUND THE ROAST MEAT
458-126305-0020	7.445	94	802	THIRDLY HE SAYS THAT THERE IS SOME SALAD ON THE BED THAT WOULD BE A FINE THING CRIED THE MILLER AND WENT THERE AND FOUND THE SALAD
458-126305-0031	5.010	63	547	WITH A FLOCK OF SHEEP THE VERY SHEPHERD WHOM THE PEASANT KNEW HAD LONG BEEN WISHING TO BE MAYOR
458-126305-0033	5.305	67	566	MYSELF IN THE BARREL BUT I WILL NOT DO IT THE SHEPHERD SAID
458-126305-0034	2.525	32	278	I WOULD GET INTO THE BARREL AT ONCE
458-126305-0035	6.165	78	663	YOU WILL BE MAYOR THE SHEPHERD WAS WILLING AND GOT IN AND THE PEASANT SHUT THE TOP DOWN ON HIM
458-126305-0039	3.980	50	429	I SANK DEEP DEEP DOWN UNTIL AT LAST I GOT TO THE BOTTOM
460-172357-0017	9.045	114	973	BUT TO WRITE SOMETHING OUT OF ONE'S OWN MIND WORTH READING FOR ITS OWN SAKE IS AN ARDUOUS CONTRIVANCE ONLY TO BE ACHIEVED IN FORTUNATE MOMENTS FEW AND FAR BETWEEN
460-172357-0022	7.085	89	759	AND NEEDS A TELLER AS FOR MISTER SMITH WITH HIS TWO HUNDRED AND EIGHTY POUNDS HIS HOARSE VOICE HIS LOUD CHECK SUIT
460-172357-0023	8.510	107	900	ALL OF THIS IS KNOWN BY EVERYBODY TO BE A NECESSARY AND UNIVERSAL ADJUNCT OF THE HOTEL BUSINESS THE INSPIRATION OF THE BOOK
460-172357-0025	5.515	69	587	THE FAULT LIES RATHER WITH AN ART THAT IS DEFICIENT THAN IN AN AFFECTION THAT IS WANTING
460-172359-0000	7.915	99	852	IT WAS NOT UNTIL THE MINING BOOM AT THE TIME WHEN EVERYBODY WENT SIMPLY CRAZY OVER THE COBALT AND PORCUPINE MINES OF THE NEW SILVER COUNTRY NEAR THE HUDSON BAY
460-172359-0004	5.510	69	593	TILL THE MINING BOOM JEFFERSON THORPE NEVER OCCUPIED A POSITION OF REAL PROMINENCE IN MARIPOSA
460-172359-0015	2.935	37	321	AND AT THAT IT IS HARD TO SEE HOW HE COULD MAKE MONEY
460-172359-0021	7.095	89	767	THEY READ THE WHOLE THING FROM COVER TO COVER AND THEY BUILD UP ON IT IN THE COURSE OF YEARS A RANGE OF ACQUIREMENT THAT WOULD PUT A COLLEGE PRESIDENT TO THE BLUSH
460-172359-0022	5.355	67	578	AND OF COURSE THE PECULIARITY OF JEFF'S CONVERSATION WAS THAT HE COULD SUIT IT TO HIS MAN EVERY TIME
460-172359-0031	6.785	85	732	AFTER THAT THE HEN HOUSE STOOD EMPTY AND THE WOMAN HAD TO THROW AWAY CHICKEN FEED EVERY DAY AT A DEAD LOSS OF PERHAPS A SHAVE AND A HALF
460-172359-0032	9.225	116	984	AND RIGHT AT OUR VERY DOORS YOU COULD SEE AS I SAW THE NIGHT EXPRESS GOING NORTH EVERY EVENING FOR ALL ONE KNEW ROCKEFELLER OR CARNEGIE OR ANYONE MIGHT BE ON IT
460-172359-0035	6.965	88	759	CAME BACK FROM THE COBALT COUNTRY WITH A FORTUNE AND LOAFED ROUND IN THE MARIPOSA HOUSE IN ENGLISH KHAKI AND A HORIZONTAL HAT DRUNK ALL THE TIME
460-172359-0039	7.170	90	772	BUT JEFF THORPE WAS IN THE MINING BOOM RIGHT FROM THE START HE BOUGHT IN ON THE NIPPEWA MINE EVEN BEFORE THE INTERIM PROSPECTUS WAS OUT
460-172359-0040	3.735	47	411	AND HE AND JOHNSON THE LIVERY STABLEKEEPER NEXT DOOR FORMED A SYNDICATE
460-172359-0043	3.865	49	422	I DON'T SAY HE USED TO CONTINUE WITH THE SCISSORS OPEN AND READY TO CUT
460-172359-0050	5.810	73	622	I BOUGHT HER SAID JEFF AT THIRTY TWO AND SHE STAYED RIGHT THERE TIGHT LIKE SHE WAS STUCK
460-172359-0055	3.355	42	362	EXCITEMENT IT WAS ALL OVER THE TOWN IN A MINUTES
460-172359-0056	7.805	98	840	AND IN LESS THAN NO TIME THERE WASN'T STANDING ROOM IN THE BARBER SHOP AND OVER IN SMITH'S HOTEL THEY HAD THREE EXTRA BARKEEPERS WORKING ON THE LAGER BEER PUMPS
460-172359-0060	4.895	62	538	THAT UNLESS YOU HEAR ABOUT THEM SEPARATELY AND ONE BY ONE YOU CAN'T FOR A MOMENT UNDERSTAND WHAT THEY'RE LIKE
460-172359-0061	6.360	80	683	ON HER HIGH STOOL WITH A STEEL CAP ON JABBING THE CONNECTING PLUGS IN AND OUT AS IF ELECTRICITY COST NOTHING WELL
460-172359-0064	4.440	56	486	AND WHEN SHE ACTED PORTIA IN THE TRIAL SCENE OF THE MERCHANT OF VENICE AT THE HIGH SCHOOL CONCERT
460-172359-0065	4.700	59	510	SO OF COURSE AS SOON AS JEFF MADE THE FORTUNE MYRA HAD HER RESIGNATION IN NEXT MORNING
460-172359-0070	6.185	78	672	BANANAS AND TOBACCO IN THE PLANTATION DISTRICT RECLAIMED FROM THE INSURRECTOS YOU COULD SEE IT ALL THERE IN THE PICTURES
460-172359-0071	5.585	70	603	THEY MADE NO RASH PROMISES JUST ADMITTED STRAIGHT OUT THAT THE ENTERPRISE MIGHT REALISE FOUR HUNDRED PER CENT
460-172359-0079	8.860	111	945	IN FACT I HAD PERHAPS BORNE HIM A GRUDGE FOR WHAT SEEMED TO ME HIS PERPETUAL INTEREST IN THE GREAT CAPITALISTS HE ALWAYS HAD SOME ITEM OUT OF THE PAPER ABOUT THEM
460-172359-0081	4.500	57	495	YOU COULD SEE THE LIGHT OF THE LAMP BEHIND THE BLIND AND THROUGH THE SCREEN DOOR AS YOU CAME ALONG
460-172359-0082	3.320	42	364	THERE WAS A ROUND TABLE THAT THE WOMAN USED TO LAY FOR SUPPER
460-172359-0089	7.060	89	765	HE ASKED ME FOR INSTANCE ONE DAY HOW MANY BLIND PEOPLE IT WOULD TAKE TO FILL ONE OF THESE BLIND HOMES AND HOW A FELLER COULD GET AHOLD OF THEM
460-172359-0090	2.315	29	259	A FELLER COULD GET ENOUGH OF THEM TO MAKE A SHOWING
460-172359-0096	6.950	87	741	AND JEFF WENT BACK TO THE SHOP SO QUIET HAVE YOU EVER SEEN AN ANIMAL THAT IS STRICKEN THROUGH HOW QUIET IT SEEMS TO MOVE
460-172359-0098	5.040	63	543	JEFF HAS TO WORK PRETTY LATE BUT THAT'S NOTHING NOTHING AT ALL IF YOU'VE WORKED HARD ALL YOUR LIFETIME
481-123719-0000	5.250	66	562	IT WAS FOLLOWED BY REMORSE I TRIED TO DRIVE IT AWAY I FELT TOO SICK
481-123719-0004	3.525	45	382	BEFORE ME THEN WHAT WERE MY DREAMS
481-123719-0005	9.360	117	987	THOUGH INDEED EVEN NOW I AM TO SOME EXTENT SATISFIED WITH THEM DREAMS WERE PARTICULARLY SWEET AND VIVID AFTER A SPELL OF DISSIPATION
481-123719-0010	9.320	117	993	THAT WAS MY RUIN FOR WHEN I WAS IN THE MUD I COMFORTED MYSELF WITH THE THOUGHT THAT AT OTHER TIMES I WAS A HERO AND THE HERO WAS A CLOAK FOR THE MUD
481-123719-0012	4.930	62	527	BUT DID NOT BANISH THE DISSIPATION BY THEIR APPEARANCE ON THE CONTRARY
481-123719-0015	2.320	29	254	AND HAVE ENDURED ALL THE FILTHINESS OF IT
481-123719-0016	5.245	66	559	INTO THE STREET NO I HAD A LOFTY WAY OF GETTING OUT OF IT ALL
481-123719-0020	7.055	89	754	MUCH THAT WAS SUBLIME AND BEAUTIFUL SOMETHING IN THE MANFRED STYLE EVERYONE WOULD KISS ME AND WEEP
481-123719-0024	4.150	52	445	AND YET YOU ARE RIGHT IT REALLY IS VULGAR AND CONTEMPTIBLE
481-123719-0025	6.480	81	681	AND EVEN MORE CONTEMPTIBLE THAN THAT IS MY MAKING THIS REMARK NOW BUT THAT'S ENOUGH
481-123719-0027	8.295	104	882	TO VISIT MY SUPERIOR AT THE OFFICE ANTON ANTONITCH SYETOTCHKIN HE WAS THE ONLY PERMANENT ACQUAINTANCE I HAVE HAD IN MY LIFE
481-123719-0033	6.295	79	675	AND THE BEST MEANS OF PLEASING HIM AND SO ON I HAD THE PATIENCE TO SIT LIKE A FOOL BESIDE THESE PEOPLE
481-123719-0040	2.235	28	244	NOT BEING QUITE CERTAIN OF IT
481-123719-0041	8.110	102	862	BUT AS IT ALWAYS HAPPENED THAT SUCH REFLECTIONS IMPELLED ME AS THOUGH PURPOSELY TO PUT MYSELF INTO A FALSE POSITION I WENT IN
481-123720-0002	5.345	67	575	BUT I HAD NOT EXPECTED SUCH CONTEMPT SIMONOV WAS POSITIVELY SURPRISED AT MY TURNING UP
481-123720-0009	5.940	75	640	I HATED THE ABRUPT SELF CONFIDENT TONE OF HIS VOICE HIS ADMIRATION OF HIS OWN WITTICISMS
481-123720-0013	5.655	71	608	HE ALL AT ONCE DECLARED THAT HE WOULD NOT LEAVE A SINGLE VILLAGE GIRL ON HIS ESTATE UNNOTICED
481-123720-0020	3.950	50	432	ONE COULD SEE THAT BY THE TIME HE WAS THIRTY HE WOULD BE CORPULENT
481-123720-0027	9.205	116	982	LIKE SOME INSOLENT FLUNKEY BOASTING OF HIS MASTER THE GENERAL'S DECORATIONS CAN YOU IMAGINE THAT ZVERKOV WILL LET US PAY ALONE HE WILL ACCEPT FROM DELICACY
481-123720-0028	3.390	43	369	SO THE THREE OF US WITH ZVERKOV FOR THE FOURTH
481-123720-0029	8.190	103	881	SIMONOV WHO HAD BEEN ASKED TO MAKE THE ARRANGEMENTS CONCLUDED FINALLY HOW TWENTY ONE ROUBLES I ASKED IN SOME AGITATION WITH A SHOW OF BEING OFFENDED
481-123720-0030	9.490	119	1016	TWENTY EIGHT ROUBLES IT SEEMED TO ME THAT TO INVITE MYSELF SO SUDDENLY AND UNEXPECTEDLY WOULD BE POSITIVELY GRACEFUL AND THAT THEY WOULD ALL BE CONQUERED AT ONCE
481-123720-0037	9.200	115	979	TRUDOLYUBOV BARELY NODDED SIMONOV WITH WHOM I WAS LEFT TETE A TETE WAS IN A STATE OF VEXATION AND PERPLEXITY AND LOOKED AT ME QUEERLY
481-123720-0039	4.035	51	441	WHICH I HAD INDEED NEVER FORGOTTEN THOUGH I HAD NOT PAID IT
481-123720-0041	3.320	42	365	AM I KEEPING YOU I ASKED AFTER TWO MINUTES OF SILENCE
481-123720-0042	5.120	64	544	THAT IS TO BE TRUTHFUL YES I HAVE TO GO AND SEE SOMEONE NOT FAR FROM HERE
481-123720-0043	2.985	38	329	MY GOODNESS WHY DIDN'T YOU SAY SO I CRIED
481-123720-0044	7.510	94	803	IT'S CLOSE BY NOT TWO PACES AWAY SIMONOV REPEATED ACCOMPANYING ME TO THE FRONT DOOR WITH A FUSSY AIR WHICH DID NOT SUIT HIM AT ALL
481-123720-0046	5.130	65	551	I HAD BETTER NOT GO OF COURSE I MUST JUST SNAP MY FINGERS AT THEM
481-123720-0064	2.490	32	277	ONCE INDEED I DID HAVE A FRIEND
481-123720-0066	7.315	92	780	THE FIRST THING I DID ON LEAVING SCHOOL WAS TO GIVE UP THE SPECIAL JOB FOR WHICH I HAD BEEN DESTINED SO AS TO BREAK ALL TIES
481-123720-0071	5.800	73	627	I STOLE THE BRUSHES TO CLEAN THEM FROM THE PASSAGE BEING CAREFUL HE SHOULD NOT DETECT IT FOR FEAR OF HIS CONTEMPT
481-123720-0074	7.745	97	819	I KNEW TOO PERFECTLY WELL EVEN THEN THAT I WAS MONSTROUSLY EXAGGERATING THE FACTS BUT HOW COULD I HELP IT
481-123720-0075	6.140	77	660	WITH DESPAIR I PICTURED TO MYSELF HOW COLDLY AND DISDAINFULLY THAT SCOUNDREL ZVERKOV WOULD MEET ME
481-123720-0077	6.620	83	695	AND WORST OF ALL HOW PALTRY UNLITERARY COMMONPLACE IT WOULD ALL BE
481-123720-0082	2.220	28	243	TO SUBDUE TO ATTRACT THEM
481-123720-0083	3.015	38	328	OH HOW I PRAYED FOR THE DAY TO PASS QUICKLY
587-41611-0011	2.775	35	303	HARDLY A RECITATION PASSES IN MY CLASS
587-41619-0010	5.730	72	613	JUST AS THAT TEACHER HAD OBSERVED HER AS MOST OF THE GIRLS PRESENT HAD HEARD ANNE RECITE
587-41619-0015	2.725	35	303	I AM SURE ROSALIND WILL BE SAFE WITH YOU
587-41619-0028	9.410	118	993	STOOD AWAITING HER REPLY I SHOULD LIKE TO DO THAT ELEANOR SAID SLOWLY A CURIOUS LIGHT IN HER EYES THANK YOU VERY MUCH MISS TEBBS
587-54108-0008	8.540	107	911	RUTH IN A WHITE WOOL GOWN SAT OPPOSITE HIM IT WAS THE FIRST TIME HE HAD DINED WITH THEM AND HE ENJOYED A SINGULAR FEELING OVER THE SITUATION
587-54108-0011	9.460	119	1014	AND WERE ENJOYING THE BEAUTY OF THE NIGHT WHEN WILL TYRRELL PRESENTED HIMSELF BEFORE THEM GOOD EVENING HE SAID TAKING OFF HIS HAT AS HE STOOD AT THE FOOT OF THE STEPS
587-54108-0016	6.545	82	701	WHO SWAYED TO AND FRO IN HER ROCKER HE WAS INTENTLY CONSCIOUS OF RUTH'S WHITE FIGURE PERCHED ON THE WINDOW SILL
587-54108-0028	6.970	88	749	HE GENTLY LIFTED HER RESISTING FINGERS ONE BY ONE AND RAISED THE BROAD BONE OF CONTENTION TO HIS SHOULDER
587-54108-0029	5.000	63	538	THE CRICKETS CHIRPED IN THE HEDGES NOW AND THEN A FIREFLY FLASHED BEFORE THEM
587-54108-0031	2.980	38	327	AS HE PUT ONE FOOT IN AFTER SHOVING IT OFF
587-54108-0039	4.830	61	525	SOME MERRY ROWERS DOWN THE RIVER WERE SINGING COLLEGE SONGS HARMONIOUSLY
587-54108-0041	7.250	91	774	SHE LEANED A LITTLE FARTHER FORWARD LOOKING PAST KEMP MAMMA THEN SHE STRAIGHTENED HERSELF BACK IN HER SEAT
587-54108-0042	2.880	36	311	HER HEAD WAS LEANING AGAINST THE FLAG STAFF
587-54108-0046	2.675	34	292	SINGING OF LOVE THEIR EYES MET
587-54108-0051	9.210	116	987	WHEN HE TURNED FOR RUTH SHE HAD ALREADY SPRUNG ASHORE AND HAD STARTED UP THE SLOPE FOR THE FIRST TIME THE OARS LAY FORGOTTEN IN THE BOTTOM OF THE BOAT
587-54108-0053	5.475	69	591	SHE COULD NOT YET MEET HIS EYES AGAIN COME RUTH EITHER STAY WITH US OR JUST AHEAD OF US
587-54108-0054	9.030	113	957	THERE IS NOTHING ABROAD HERE BUT THE STARS SHE ANSWERED FLITTING BEFORE THEM AND THEY ARE STANCH SILENT FRIENDS ON SUCH A NIGHT REMARKED KEMP SOFTLY
625-132112-0004	3.305	42	359	THERE IS A STORE CONDUCTED BY HIS BLACK SON
625-132112-0031	3.645	46	387	AND WE PASSED ON NOW SEARS
625-132112-0037	5.070	64	542	BUT A WHITE MAN LOANED ME ANOTHER THEN HE ADDED EYEING US
625-132112-0053	3.485	44	375	THEN THE CHARACTER OF THE FARMS BEGINS TO CHANGE
625-132118-0000	2.660	34	292	OF THE PASSING OF THE FIRST BORN
625-132118-0004	9.260	116	973	FLED FAST AND FASTER THAN BOAT AND STEAM CAR AND YET MUST EVER IMPATIENTLY AWAIT THEM AWAY FROM THE HARD VOICED CITY
669-129061-0003	4.520	57	483	RAWDON SAT DOWN IN THE STUDY BEFORE THE BARONET'S TABLE
669-129061-0006	5.745	72	609	HE HAD READ IN THE JOURNAL A FLAMING ACCOUNT OF FESTIVITIES AT GAUNT HOUSE
669-129061-0007	5.175	65	551	INVITED BY THE MARQUIS OF STEYNE TO MEET HIS ROYAL HIGHNESS
669-129061-0014	3.155	40	343	HE THOUGHT HIS BROTHER WAS NOT SOBER
669-129061-0033	3.540	45	380	TO GET ON WITH AS HE SPOKE
669-129061-0048	6.005	76	642	BARRACKS ALL THE BELLS WERE JANGLING AND TOLLING AS HE REACHED THAT PLACE
669-129061-0049	5.960	75	635	HAD HE BEEN LOOKING OUT TROOPS OF SCHOOLS WERE ON THEIR MARCH TO CHURCH
669-129061-0062	5.585	70	589	HAD BEEN TORN TO SHREDS THERE'S NO WAY BUT ONE OUT OF IT
669-129061-0070	5.480	69	580	SHE MAY BE INNOCENT AFTER ALL HE SAID SHE SAYS SO
669-129061-0078	5.690	72	605	THE MAN ADDED AFTER A PAUSE ONE OF THE SERVANTS IS OFF ALREADY
669-129074-0001	8.120	102	856	THE LITTLE WOMAN THOUGHT THAT THE SECRET MIGHT KEEP AND INDEED BEING BY NO MEANS SO MUCH INTERESTED
669-129074-0004	2.485	32	278	AND SAY HIS PRAYERS IN THE MOSQUES
669-129074-0009	3.405	43	369	AND THE LADIES WERE EVEN MORE READY TO CALL HER DU
669-129074-0011	8.155	102	858	SHE BROUGHT EVERYBODY TO THE HOUSE AND SHE MADE JOS BELIEVE THAT IT WAS HIS OWN GREAT SOCIAL TALENTS AND WIT
669-129074-0018	3.350	42	359	AND WHILE MISS PAYNE WAS BRUSHING THEIR AIRS
669-129074-0022	8.435	106	883	TOO HOW TO LOVE AND TO SING CERTAIN SONGS I SAY TO WHICH THE MAJOR WAS PARTIAL
669-129074-0023	2.815	36	313	SHE WOULD BREAK OFF IN THE MIDST OF THE SONG
669-129074-0024	7.150	90	757	RUMMAGING HIS MOTHER'S DESK SOME TIME AFTERWARDS FOUND THE GLOVES NEATLY FOLDED UP
669-129074-0025	5.035	63	534	DURING WHICH REBECCA WAS LEFT TO THE SOCIETY OF MISTER JOSEPH
669-129074-0031	5.270	66	559	WHEN I'M IN THE ARMY WON'T I HATE THE FRENCH THAT'S ALL
696-92939-0029	9.005	113	954	BUT I APPEAL TO YOUR GENEROSITY OF HEART TO SUPPORT IT AND SAVE THIS UNFORTUNATE WOMAN FROM DEATH HAVE PITY ON HER BRAND WHITLOCK
696-93314-0002	3.395	43	364	THEY SHINE LIKE GOLD SHE SAID
696-93314-0016	4.905	62	525	OH HOW COULD YOU OF COURSE A REALLY HONOURABLE YOUNG MAN
696-93314-0039	8.900	112	944	BUT YOU CAN'T GIVE ME UP IF I WON'T BE GIVEN UP CAN YOU HIS SMILE STRUCK HER DUMB IT WAS MORE CONVINCING THAN HIS WORDS
696-93314-0064	4.640	58	484	HE'S VERY VERY CLEVER MY CHILD
696-93314-0067	8.360	105	879	I'M CERTAIN HE WANTED YOU OUT OF THE WAY HE WANTED YOU TO GET KILLED OH HOW CAN PEOPLE BE SO CRUEL
730-358-0000	6.955	87	733	CHAPTER ELEVEN IT IS WITH CONSIDERABLE DIFFICULTY THAT I REMEMBER THE ORIGINAL ERA OF MY BEING
730-358-0003	2.945	37	320	THE LIGHT BECAME MORE AND MORE OPPRESSIVE TO ME
730-358-0006	3.805	48	411	AS IT WERE INSTINCTIVELY FINDING MYSELF SO DESOLATE
730-358-0007	6.000	75	641	I HAD COVERED MYSELF WITH SOME CLOTHES BUT THESE WERE INSUFFICIENT TO SECURE ME FROM THE DEWS OF NIGHT
730-358-0012	7.240	91	773	I GRADUALLY SAW PLAINLY THE CLEAR STREAM THAT SUPPLIED ME WITH DRINK AND THE TREES THAT SHADED ME WITH THEIR FOLIAGE
730-358-0013	5.005	63	543	WHICH OFTEN SALUTED MY EARS PROCEEDED FROM THE THROATS OF THE LITTLE WINGED ANIMALS
730-358-0014	2.570	33	292	AND TO PERCEIVE THE BOUNDARIES OF THE RADIANT ROOF
730-358-0020	8.995	113	961	THE WET WOOD WHICH I HAD PLACED NEAR THE HEAT DRIED AND ITSELF BECAME INFLAMED I REFLECTED ON THIS AND BY TOUCHING THE VARIOUS BRANCHES
730-358-0021	9.190	115	971	AND THEN SPREADING MY CLOAK I LAY ON THE GROUND AND SANK INTO SLEEP IT WAS MORNING WHEN I AWOKE AND MY FIRST CARE WAS TO VISIT THE FIRE
730-358-0022	1.735	22	192	I OBSERVED THIS ALSO
730-358-0024	9.280	116	986	AND TASTED MUCH MORE SAVOURY THAN THE BERRIES I GATHERED FROM THE TREES I TRIED THEREFORE TO DRESS MY FOOD IN THE SAME MANNER PLACING IT ON THE LIVE EMBERS
730-358-0025	2.895	37	319	AND THE NUTS AND ROOTS MUCH IMPROVED
730-358-0026	7.780	98	834	WHEN I FOUND THIS I RESOLVED TO QUIT THE PLACE THAT I HAD HITHERTO INHABITED TO SEEK FOR ONE WHERE THE FEW WANTS I EXPERIENCED
730-358-0027	6.390	80	684	AND KNEW NOT HOW TO REPRODUCE IT I GAVE SEVERAL HOURS TO THE SERIOUS CONSIDERATION OF THIS DIFFICULTY
730-358-0031	6.300	79	670	HIS APPEARANCE DIFFERENT FROM ANY I HAD EVER BEFORE SEEN AND HIS FLIGHT SOMEWHAT SURPRISED ME
730-358-0033	3.425	43	369	I LAY DOWN AMONG SOME STRAW AND FELL ASLEEP
730-358-0034	2.405	31	271	WHICH SHONE BRIGHTLY ON THE WHITE GROUND
730-358-0035	5.825	73	623	I PROCEEDED ACROSS THE FIELDS FOR SEVERAL HOURS UNTIL AT SUNSET I ARRIVED AT A VILLAGE
730-358-0039	6.060	76	643	HOWEVER MISERABLE FROM THE INCLEMENCY OF THE SEASON AND STILL MORE FROM THE BARBARITY OF MAN
730-358-0040	2.410	31	273	THAT I MIGHT VIEW THE ADJACENT COTTAGE
730-358-0041	8.355	105	887	ONE PART WAS OPEN AND BY THAT I HAD CREPT IN BUT NOW I COVERED EVERY CREVICE BY WHICH I MIGHT BE PERCEIVED WITH STONES AND WOOD
730-358-0042	2.915	37	321	ALL THE LIGHT I ENJOYED CAME THROUGH THE STY
730-358-0044	4.625	58	493	BY A LOAF OF COARSE BREAD WHICH I PURLOINED AND A CUP
730-358-0047	6.075	76	648	WITH A PAIL ON HER HEAD PASSING BEFORE MY HOVEL THE GIRL WAS YOUNG AND OF GENTLE DEMEANOUR
730-358-0048	5.730	72	610	HER FAIR HAIR WAS PLAITED BUT NOT ADORNED SHE LOOKED PATIENT YET SAD
730-358-0049	7.735	97	822	AND IN ABOUT A QUARTER OF AN HOUR SHE RETURNED BEARING THE PAIL WHICH WAS NOW PARTLY FILLED WITH MILK AS SHE WALKED ALONG
730-358-0050	5.820	73	623	PRESENTLY I SAW THE YOUNG MAN AGAIN WITH SOME TOOLS IN HIS HAND CROSS THE FIELD BEHIND THE COTTAGE
730-358-0053	8.735	110	935	WHO TAKING UP AN INSTRUMENT BEGAN TO PLAY AND TO PRODUCE SOUNDS SWEETER THAN THE VOICE OF THE THRUSH OR THE NIGHTINGALE IT WAS A LOVELY SIGHT
730-358-0054	3.785	48	416	THE SILVER HAIR AND BENEVOLENT COUNTENANCE OF THE AGED COTTAGER
730-358-0055	7.475	94	799	HE RAISED HER AND SMILED WITH SUCH KINDNESS AND AFFECTION THAT I FELT SENSATIONS OF A PECULIAR AND OVERPOWERING NATURE
730-358-0056	4.160	52	444	AND I WITHDREW FROM THE WINDOW UNABLE TO BEAR THESE EMOTIONS
730-358-0059	3.540	45	391	AND APPEARED BUSILY EMPLOYED IN DIGGING AND PULLING UP ROOTS
730-358-0060	5.175	65	556	THE OLD MAN HAD IN THE MEANTIME BEEN PENSIVE BUT ON THE APPEARANCE OF HIS COMPANIONS
730-358-0062	2.025	26	228	BUT TO MY EXTREME WONDER
730-358-0063	4.935	62	533	DID NOT PUT AN END TO THE PLEASURE I EXPERIENCED IN WATCHING MY HUMAN NEIGHBOURS
730-359-0004	3.230	41	353	AND DUTY WITH GENTLENESS AND HE REWARDED THEM
730-359-0006	8.700	109	921	IT WAS LESS STRANGE THAT I AN IMPERFECT AND SOLITARY BEING SHOULD BE WRETCHED YET WHY WERE THESE GENTLE BEINGS UNHAPPY
730-359-0008	2.440	31	269	A CONSIDERABLE PERIOD ELAPSED
730-359-0011	8.320	104	881	THIS TRAIT OF KINDNESS MOVED ME SENSIBLY I HAD BEEN ACCUSTOMED DURING THE NIGHT TO STEAL A PART OF THEIR STORE FOR MY OWN CONSUMPTION
730-359-0012	6.715	84	717	I ABSTAINED AND SATISFIED MYSELF WITH BERRIES NUTS AND ROOTS WHICH I GATHERED FROM A NEIGHBOURING WOOD
730-359-0013	4.465	56	478	AND BROUGHT HOME FIRING SUFFICIENT FOR THE CONSUMPTION OF SEVERAL DAYS
730-359-0014	2.735	35	308	THE YOUNG WOMAN WHEN SHE OPENED THE DOOR IN THE MORNING
730-359-0018	3.775	48	412	BUT I WAS BAFFLED IN EVERY ATTEMPT I MADE FOR THIS PURPOSE
730-359-0022	5.315	67	575	WHEN I LEARNED THE IDEAS APPROPRIATED TO EACH OF THESE SOUNDS AND WAS ABLE TO PRONOUNCE THEM
730-359-0024	5.635	71	610	WHEN THEY WERE UNHAPPY I FELT DEPRESSED WHEN THEY REJOICED I SYMPATHIZED IN THEIR JOYS
730-359-0025	6.970	88	751	OFTEN ENDEAVOURED TO ENCOURAGE HIS CHILDREN AS SOMETIMES I FOUND THAT HE CALLED THEM TO CAST OFF THEIR MELANCHOLY
730-359-0026	7.405	93	792	AGATHA LISTENED WITH RESPECT HER EYES SOMETIMES FILLED WITH TEARS WHICH SHE ENDEAVOURED TO WIPE AWAY UNPERCEIVED
730-359-0028	3.025	38	328	BUT IF HIS COUNTENANCE WAS MORE SORROWFUL
730-359-0029	8.580	108	903	ESPECIALLY WHEN HE ADDRESSED THE OLD MAN I COULD MENTION INNUMERABLE INSTANCES WHICH ALTHOUGH SLIGHT
730-359-0030	2.255	29	253	IN THE MIDST OF POVERTY AND WANT
730-359-0031	4.830	61	522	FROM BENEATH THE SNOWY GROUND EARLY IN THE MORNING BEFORE SHE HAD RISEN
730-359-0035	4.605	58	496	OF CONVERSATION ALTHOUGH I APPLIED MY WHOLE MIND TO THE ENDEAVOUR
730-359-0036	2.935	37	318	TO DISCOVER MYSELF TO THE COTTAGERS
730-359-0037	5.215	66	561	WHICH KNOWLEDGE MIGHT ENABLE ME TO MAKE THEM OVERLOOK THE DEFORMITY OF MY FIGURE
730-359-0038	3.415	43	371	AS THE SUN BECAME WARMER AND THE LIGHT OF DAY LONGER
730-359-0039	6.635	83	705	FROM THIS TIME FELIX WAS MORE EMPLOYED AND THE HEART MOVING INDICATIONS OF IMPENDING FAMINE DISAPPEARED
730-359-0042	4.970	63	537	WHEN THEY HAD RETIRED TO REST IF THERE WAS ANY MOON OR THE NIGHT WAS STAR LIGHT
730-359-0043	5.990	75	638	AND ONCE OR TWICE I HEARD THEM ON THESE OCCASIONS UTTER THE WORDS GOOD SPIRIT WONDERFUL
730-359-0045	8.845	111	940	THAT IT MIGHT BE IN MY POWER TO RESTORE HAPPINESS TO THESE DESERVING PEOPLE WHEN I SLEPT OR WAS ABSENT THE FORMS OF THE VENERABLE BLIND FATHER
730-359-0046	3.010	38	331	I IMAGINED THAT THEY WOULD BE DISGUSTED UNTIL
730-359-0049	5.800	73	616	HAPPY HAPPY EARTH FIT HABITATION FOR GODS WHICH SO SHORT A TIME BEFORE
730-359-0050	4.290	54	463	MY SPIRITS WERE ELEVATED BY THE ENCHANTING APPEARANCE OF NATURE
730-360-0001	6.760	85	726	IT SURPRISED ME THAT WHAT BEFORE WAS DESERT AND GLOOMY SHOULD NOW BLOOM WITH THE MOST BEAUTIFUL FLOWERS AND VERDURE
730-360-0006	8.145	102	859	ON HEARING THIS WORD FELIX CAME UP HASTILY TO THE LADY WHO WHEN SHE SAW HIM THREW UP HER VEIL
730-360-0007	2.490	32	279	AND HER COMPLEXION WONDROUSLY FAIR
730-360-0008	9.485	119	1005	EVERY TRAIT OF SORROW VANISHED FROM HIS FACE AND IT INSTANTLY EXPRESSED A DEGREE OF ECSTATIC JOY OF WHICH I COULD HARDLY HAVE BELIEVED IT CAPABLE
730-360-0009	5.205	66	569	SHE APPEARED AFFECTED BY DIFFERENT FEELINGS WIPING A FEW TEARS FROM HER LOVELY EYES
730-360-0010	8.745	110	929	SHE DID NOT APPEAR TO UNDERSTAND HIM BUT SMILED HE ASSISTED HER TO DISMOUNT AND DISMISSING HER GUIDE CONDUCTED HER INTO THE COTTAGE
730-360-0011	4.675	59	509	AND WOULD HAVE KISSED HIS HAND BUT HE RAISED HER AND EMBRACED HER AFFECTIONATELY
730-360-0020	4.795	60	510	THE DAYS NOW PASSED AS PEACEABLY AS BEFORE WITH THE SOLE ALTERATION THAT
730-360-0023	7.345	92	786	ALTHOUGH THEY WERE CONSIDERABLY SHORTENED BY THE LATE SETTING AND EARLY RISING OF THE SUN FOR I NEVER VENTURED ABROAD DURING DAYLIGHT
730-360-0024	7.140	90	757	MY DAYS WERE SPENT IN CLOSE ATTENTION THAT I MIGHT MORE SPEEDILY MASTER THE LANGUAGE AND I MAY BOAST
730-360-0027	7.380	93	785	HE HAD CHOSEN THIS WORK HE SAID BECAUSE THE DECLAMATORY STYLE WAS FRAMED IN IMITATION OF THE EASTERN AUTHORS
730-360-0029	9.480	119	1003	DEGENERATING OF THE DECLINE OF THAT MIGHTY EMPIRE OF CHIVALRY CHRISTIANITY AND KINGS I HEARD OF THE DISCOVERY OF THE AMERICAN HEMISPHERE
730-360-0032	2.715	34	290	A CONDITION MORE ABJECT THAN THAT
730-360-0034	7.910	99	834	I HEARD OF THE DIVISION OF PROPERTY OF IMMENSE WEALTH AND SQUALID POVERTY OF RANK DESCENT AND NOBLE BLOOD
730-360-0037	6.190	78	657	SENSATIONS OF HUNGER THIRST AND HEAT OF WHAT A STRANGE NATURE IS KNOWLEDGE
730-360-0038	4.830	61	517	AND THAT WAS DEATH A STATE WHICH I FEARED YET DID NOT UNDERSTAND
730-360-0039	3.265	41	352	EXCEPT THROUGH MEANS WHICH I OBTAINED BY STEALTH
730-360-0040	8.190	103	861	MISERABLE UNHAPPY WRETCH OTHER LESSONS WERE IMPRESSED UPON ME EVEN MORE DEEPLY
730-360-0041	2.900	37	321	HOW THE FATHER DOTED ON THE SMILES OF THE INFANT
730-360-0042	3.175	40	347	NO MOTHER HAD BLESSED ME WITH SMILES AND CARESSES
730-360-0044	7.135	90	759	I HAD NEVER YET SEEN A BEING RESEMBLING ME OR WHO CLAIMED ANY INTERCOURSE WITH ME WHAT WAS I
831-130739-0002	8.215	103	870	YOU MIGHT HAVE BEEN SERVED BY THE CENTRAL FIGURE OF THIS STORY THAT IS NOW BEGINNING HE WOULD HAVE COME FORWARD BOWING AND SWAYING
831-130739-0004	7.730	97	815	AND MAKING A KIND OF CIRCULAR SWEEP INVITED YOU TO STEP THIS WAY AND SO LED YOU BEYOND HIS KEN
831-130739-0005	6.145	77	648	HUCKABACK BLANKETS DIMITY CRETONNE LINEN CALICO ARE CASES IN POINT
831-130739-0011	4.860	61	525	MADE YOU OUT A LITTLE BILL IN THAT WEAK FLOURISHING HAND PECULIAR TO DRAPERS
831-130739-0012	5.360	67	568	SAYN THEN A PUFFY LITTLE SHOP WALKER WOULD HAVE COME INTO VIEW
831-130739-0014	8.630	108	914	ONE GLANCE MORE AT HIM AND THE PUFFY LITTLE SHOP WALKER WOULD HAVE BEEN BOWING YOU OUT WITH FOUNTAINS OF CIVILITIES AT WORK ALL ABOUT YOU
831-130739-0025	8.550	107	904	HE HAD INDEED BEEN BUMPED AND BATTERED AT AN EXTRAORDINARY NUMBER OF POINTS BUT ENOUGH OF REALISTIC DESCRIPTION IS AS GOOD AS A FEAST
831-130739-0026	8.900	112	943	EVEN IN LITERATURE ONE MUST KNOW WHERE TO DRAW THE LINE NOW THE READER MAY BE INCLINED TO WONDER HOW A RESPECTABLE YOUNG SHOPMAN
831-130739-0028	2.245	29	253	WOULD HAVE FANCIED NOTHING OF THE KIND
831-130739-0044	2.205	28	246	THEY'RE GOING FAIRLY WELL SIR
831-130739-0050	8.650	109	924	AT SUPPER THAT NIGHT HOLIDAY TALK HELD UNDISPUTED SWAY MISTER PRITCHARD SPOKE OF SCOTLAND MISS ISAACS CLAMOURED OF BETTWS
831-130739-0052	4.700	59	507	SAID HOOPDRIVER AS CALMLY AS POSSIBLE PULLING AT THE INSUFFICIENT MOUSTACHE
831-130739-0053	7.675	96	826	YOU STOW IT SAID MISTER HOOPDRIVER LOOKING HARD AND THREATENINGLY AT THE JUNIOR APPRENTICE AND SUDDENLY ADDING IN A TONE OF BITTER CONTEMPT
831-130739-0062	8.945	112	949	A VOICE THAT CAME FROM ROUND A FITFUL GLOW OF LIGHT WAS SAYING AND CLEAN THE CHAIN DAILY WITH BLACK LEAD YOU MIND JUST A FEW LITTLE THINGS LIKE THAT
831-130746-0015	4.615	58	495	I'LL CHUCK THIS INFERNAL BUSINESS THEY'VE GONE EIGH YESSIR
831-130746-0016	7.640	96	821	MAKING A MEMORABLE SAYING LET EM GO WHO CARES AND I WISH HIM LUCK AND BRING ME SOME BOURBON AS FAST AS YOU CAN THERE'S A GOOD CHAP
831-130746-0018	6.700	84	712	SHE HAD EVIDENTLY GONE OFF WITH HIM AND THAT LITTLE BUSINESS WAS OVER AND HE WAS HERE STRANDED AND SOLD
831-130746-0021	4.125	52	445	HE BANGED THE ARMS OF THE CHAIR WITH HIS FIST AND SWORE AGAIN
831-130746-0022	7.845	99	837	I BECHAMEL WHEN WITH AN ABRUPT TAP AND PROMPT OPENING OF THE DOOR STEPHEN ENTERED WITH THE BOURBON
831-130746-0023	5.685	72	608	THE MOONLIGHT RIDE AND SO THE TWENTY MINUTES LAW PASSED INTO AN INFINITY
831-130746-0028	7.390	93	783	IT WAS RESCUE ELOPEMENT GLORY AND SHE BY THE SIDE OF HIM HE HAD SEEN HER FACE IN SHADOW
831-130746-0032	8.350	105	886	AT A FOOTFALL AT A ROUGHNESS IN THE ROAD SHE SEEMED TO BE TOO INTENT UPON ESCAPE TO GIVE MUCH THOUGHT TO HIM
831-130746-0053	5.405	68	576	THE MUTE EMOTION OF HIS FACE AFFECTED HER STRANGELY SHE HAD TO SPEAK
831-130746-0057	7.930	100	848	BUT THAT NIGHT HE WAS IN THE MOOD TO DARE ANYTHING SO YOU FOUND YOUR YOUNG LADY AT LAST SAID THE OSTLER OF THE RED HOTEL
831-130746-0060	3.075	39	337	BUT THIS WAS LIVING INDEED HE TOLD HIMSELF
839-130898-0000	3.850	49	414	IN LATITUDE FORTY SEVEN DEGREES
839-130898-0001	2.670	34	293	AND LONGITUDE SEVENTEEN DEGREES
839-130898-0006	6.715	84	711	WHERE THE BREAKING SURF IS COVERED BY THE NOISE OF THE WIND HOW MANY VESSELS HAVE RAMMED EACH OTHER
839-130898-0007	6.230	78	660	SO THE FLOOR OF THIS SEA HAD THE APPEARANCE OF A BATTLEFIELD WHERE EVERY SHIP DEFEATED
839-130898-0011	5.815	73	615	THE HUNGARIAN THE CANADIAN THE ANGLO SAXON THE HUMBOLDT
839-130898-0013	3.725	47	403	OF THEIR GLOOMY RUBBLE THE NAUTILUS NAVIGATED
839-130898-0016	5.125	65	546	HERE A HUGE BONEYARD FORMS FROM FISH MOLLUSKS
839-130898-0018	7.685	97	813	SUDDENLY OCCURRING DEPRESSION A THREE THOUSAND METER PIT HERE THE GULF STREAM WIDENS
839-130898-0019	4.875	61	511	A ONE METER LUMPFISH BLACKISH ON TOP
839-130898-0021	8.065	101	853	VIVIPAROUS BLENNIES WHOSE EGGS HATCH INSIDE THEIR BODIES LIKE THOSE OF SNAKES BLOATED GOBIO
839-130898-0025	7.805	98	833	THE NAUTILUS'S FISHERMEN HAD SOME TROUBLE GETTING A GRIP ON THIS ANIMAL WHICH THANKS TO THE FORMATION OF ITS GILL COVERS
839-130898-0029	8.260	104	871	YOU COULD CALL THESE COD MOUNTAIN FISH WHILE THE NAUTILUS WAS CLEARING A PATH THROUGH THEIR TIGHT RANKS
839-130898-0030	7.130	90	757	MERCY LOOK AT THESE COD HE SAID WHY I THOUGHT COD WERE FLAT LIKE DAB OR SOLE
839-130898-0036	8.980	113	941	OF FOUR THOUSAND FOUR HUNDRED FISH MAKING TWENTY TWO MILLION OFF THE COAST OF NORWAY
839-130898-0043	3.465	44	376	ABOUT FIVE HUNDRED MILES FROM HEART'S CONTENT
839-130898-0046	8.530	107	905	AFTER TRANSMITTING ABOUT FOUR HUNDRED TELEGRAMS IT WENT DEAD IN EIGHTEEN SIXTY THREE ENGINEERS BUILT A NEW CABLE THAT MEASURED
839-130898-0050	7.935	100	848	THEN THE CABLE WAS RESUBMERGED BUT A FEW DAYS LATER IT SNAPPED AGAIN AND COULDN'T BE RECOVERED FROM THE OCEAN DEPTHS
839-130898-0051	9.135	115	966	WHO HAD RISKED HIS WHOLE FORTUNE TO PROMOTE THIS UNDERTAKING CALLED FOR A NEW BOND ISSUE IT SOLD OUT IMMEDIATELY
839-130898-0054	6.860	86	725	CAPTAIN ANDERSON HIS OFFICERS AND THE ENGINEERS PUT THEIR HEADS TOGETHER THEN POSTED A WARNING
839-130898-0056	3.615	46	392	WHEN IT RECEIVED TELEGRAPHED NEWS FROM IRELAND
839-130898-0061	3.410	43	365	THAT GOES FROM AMERICA TO EUROPE
839-130898-0062	5.785	73	616	THIS CABLE WILL NO DOUBT LAST INDEFINITELY BECAUSE AS OBSERVERS NOTE
839-130898-0063	8.875	111	931	BESIDES ON THIS WELL CHOSEN PLATEAU THE CABLE NEVER LIES AT DEPTHS THAT COULD CAUSE A BREAK THE NAUTILUS
839-130898-0064	5.890	74	627	TO ITS LOWEST REACHES LOCATED FOUR THOUSAND FOUR HUNDRED THIRTY ONE METERS DOWN
839-130898-0067	7.545	95	796	TWO THOUSAND METERS HIGH WE ARRIVED THERE ON MAY TWENTY EIGHTH AND THE NAUTILUS
839-130898-0074	8.580	108	911	THAT HAD ME DEEPLY PUZZLED IT SEEMED TO BE SEARCHING FOR A LOCALITY THAT IT HAD SOME TROUBLE FINDING AT NOON
839-130898-0096	6.140	77	645	SEVENTY FOUR YEARS AGO TO THE DAY AT THIS VERY SPOT IN LATITUDE
839-130898-0097	2.240	28	245	AND LONGITUDE SEVENTEEN DEGREES
887-123289-0018	8.375	105	887	AND FOR WHICH I WOULD HAVE GIVEN ALL THE OTHERS BY MEANS OF IT I CAN CALCULATE THE DEPTH AND KNOW WHEN WE HAVE REACHED THE CENTRE WITHOUT IT
887-123289-0022	5.040	63	534	FOUR MONTHS CRIED THE PROFESSOR WE HAVE TIME TO GO AND TO RETURN
887-123289-0032	7.335	92	778	THAT IS A GOOD LONG WAY MY FRIEND BUT WHETHER WE ARE UNDER TURKEY OR THE ATLANTIC DEPENDS VERY MUCH UPON THE QUESTION
887-123289-0033	4.200	53	447	PERHAPS WE HAVE DEVIATED NO I THINK NOT
887-123289-0037	7.230	91	764	AND THEN TURNED TO ME THUNDERSTRUCK WITH SOME UNEXPECTED DISCOVERY WHAT IS THE MATTER I ASKED
887-123289-0039	8.865	111	934	IT WAS IN PERFECT CONDITION IN WHATEVER POSITION I PLACED THE BOX THE NEEDLE PERTINACIOUSLY RETURNED TO THIS UNEXPECTED QUARTER
887-123290-0012	7.440	93	787	I WILL NOT LEAVE IT UNTIL I HAVE EXAMINED IT TO UNDERSTAND WHAT FOLLOWED IT MUST BE BORNE IN MIND THAT
887-123290-0015	5.280	66	560	I ALSO SAW IMMENSE CARAPACES MORE THAN FIFTEEN FEET IN DIAMETER
887-123290-0030	2.245	29	251	BUT MORE WAS TO COME WHEN
887-123291-0001	8.680	109	926	IN A PALAEONTOLOGICAL POINT OF VIEW WHICH HAD OCCURRED A LITTLE WHILE BEFORE OUR DEPARTURE ON THE TWENTY EIGHTH OF MARCH EIGHTEEN SIXTY THREE
887-123291-0010	9.030	113	957	BUT OBJECTS BEARING THE TRACES OF HIS HANDIWORK SUCH AS FOSSIL LEG BONES OF ANIMALS SCULPTURED AND CARVED EVIDENTLY BY THE HAND OF MAN
887-123291-0021	7.290	92	781	THE PRETENDED BODY OF ORESTES CLAIMED TO HAVE BEEN FOUND BY THE SPARTANS AND OF THE BODY OF ASTERIUS TEN CUBITS LONG
887-123291-0024	7.760	97	830	IN THE EIGHTEENTH CENTURY I WOULD HAVE STOOD UP FOR SCHEUCHZER'S PRE ADAMITE MAN AGAINST PETER CAMPET I HAVE PERUSED A WRITING
887-123291-0025	7.185	90	761	HERE MY UNCLE'S UNFORTUNATE INFIRMITY MET HIM THAT OF BEING UNABLE IN PUBLIC TO PRONOUNCE HARD WORDS
887-123291-0026	2.180	28	243	HE COULD GET NO FURTHER
887-123291-0029	3.705	47	403	IT IS NOT A MERE SKELETON IT IS AN ENTIRE BODY
887-123291-0032	8.775	110	926	YOU SEE HE SAID THAT IT IS NOT SIX FEET LONG AND THAT WE ARE STILL SEPARATED BY A LONG INTERVAL FROM THE PRETENDED RACE OF GIANTS
887-123291-0034	2.925	37	321	IT PRESENTS NO APPEARANCE OF THAT PROGNATHISM
887-123291-0037	8.025	101	855	HOW THOSE STRATA ON WHICH HE LAY SLIPPED DOWN INTO THIS ENORMOUS HOLLOW IN THE GLOBE I CONFESS I CANNOT ANSWER THAT QUESTION
887-123291-0039	5.665	71	605	BUT THERE IS THE MAN SURROUNDED BY HIS OWN WORKS BY HATCHETS BY FLINT ARROW HEADS
909-131041-0001	3.520	44	377	THE MOST PLAUSIBLE OF THESE WHO HAS APPEARED IN PRINT
909-131041-0002	5.575	70	600	AND HESITATE NOT TO AFFIRM THAT IF THE MANNER OF IT BE NOT PERFECT IT IS AT LEAST EXCELLENT
909-131041-0018	2.290	29	251	ON ALL BUT THE PEOPLE THEMSELVES
909-131044-0000	4.320	54	459	THE DURATION IN OFFICE OF THE EXECUTIVE FROM THE NEW YORK PACKET
909-131044-0020	8.540	107	902	THEY OFTEN APPEAR DISPOSED TO EXERT AN IMPERIOUS CONTROL OVER THE OTHER DEPARTMENTS AND AS THEY COMMONLY HAVE THE PEOPLE ON THEIR SIDE
909-131044-0030	9.210	116	979	IF A BRITISH HOUSE OF COMMONS FROM THE MOST FEEBLE BEGINNINGS FROM THE MERE POWER OF ASSENTING OR DISAGREEING TO THE IMPOSITION OF A NEW TAX
909-131044-0032	8.350	105	894	ALL THE ANCIENT ESTABLISHMENTS AS WELL IN THE CHURCH AS STATE IF THEY HAVE BEEN ABLE ON A RECENT OCCASION TO MAKE THE MONARCH TREMBLE AT THE PROSPECT
909-131045-0023	8.140	102	858	AND SIGHING FOR A PLACE WHICH THEY WERE DESTINED NEVER MORE TO POSSESS A THIRD ILL EFFECT OF THE EXCLUSION WOULD BE
909-131045-0037	8.980	113	950	WHAT ARE THE ADVANTAGES PROMISED TO COUNTERBALANCE THESE DISADVANTAGES THEY ARE REPRESENTED TO BE FIRST GREATER INDEPENDENCE IN THE MAGISTRATE
911-128684-0027	8.830	111	928	WITH THE OBJECTORS WHOM I BEGAN BY CITING THAT ANGER LOVE AND FEAR ARE AFFECTIONS PURELY OF THE MIND
911-128684-0028	2.770	35	306	THEY ARE SIMULTANEOUSLY AFFECTIONS OF THE BODY
911-128684-0042	9.070	114	959	PUBLISHED BY SIDIS AND GOODHART IN THEIR IMPORTANT WORK ON MULTIPLE PERSONALITY WE READ THAT WHEN THE PATIENT FIRST RECOVERED CONSCIOUSNESS AND
911-128684-0046	7.455	94	791	AT THE MOMENT OF ITS ACTUAL PRESENCE LET THE READER ARREST HIMSELF IN THE ACT OF READING THIS ARTICLE NOW
911-128684-0058	5.710	72	608	NATURE EXHIBITS ONLY CHANGES WHICH HABITUALLY COINCIDE WITH ONE ANOTHER
911-128684-0064	2.925	37	316	NOR DOES ITS USE OR SIGNIFICANCE
911-128684-0075	9.260	116	976	FOR THOUGH IN THAT GROUP IT BE TRUE THAT THINGS DO NOT ACT ON ONE ANOTHER BY THEIR PHYSICAL PROPERTIES DO NOT DENT EACH OTHER OR SET FIRE TO EACH OTHER
911-128684-0078	7.480	94	785	FITNESS FIXES THEIR ORDER AND CONNECTION I NEED ONLY REFER FOR THIS ASPECT OF OUR MENTAL LIFE
911-128684-0082	2.815	36	309	TAKE A MASS OF CARRION FOR EXAMPLE
911-128684-0087	3.860	49	413	ITS SENSORIAL ADJUSTMENTS ARE MY ATTENTION
911-130578-0010	2.445	31	269	AND CONTINUED THE SEARCH FOR HIS FATHER
911-130578-0013	6.405	81	687	THE SIGHT OF THEM FRIGHTENED HIM AND HE SANG DRINK YOUR FILL TIGER I SHALL NOT SHOOT YOU
911-130578-0014	5.335	67	568	AND THEY DRANK AND WENT AWAY THEN VARIOUS KINDS OF BIRDS CAME
911-130578-0015	8.920	112	948	AND AMONG THEM WAS ONE WHICH HAD THE DRIED UP BODY OF THE BOY'S FATHER STUCK ON ITS HORN THE BOY WAS RATHER FRIGHTENED AND SANG
911-130578-0016	5.080	64	544	HE PUT AN ARROW THROUGH IT AND IT TURNED A SOMERSAULT AND FELL OVER DEAD
911-130578-0020	8.415	106	890	I MUST HAVE BEEN ASLEEP A VERY LONG TIME THEN HIS SON EXPLAINED TO HIM ALL THAT HAD HAPPENED AND GAVE HIM SOME FOOD
1034-121119-0000	7.875	99	819	CHAPTER NINETY NINE THE LAW WE HAVE SEEN HOW QUIETLY
1034-121119-0004	9.205	116	980	AN EXPRESSION WHICH SEEMED TO IMPLY THAT SHE UNDERSTOOD ALL HER MOTHER'S AMOROUS AND PECUNIARY RELATIONSHIPS WITH THE INTIMATE SECRETARY MOREOVER
1034-121119-0009	2.810	36	317	WAS ASCENDING THE STAIRS LEADING TO DEBRAY'S APARTMENTS
1034-121119-0010	5.015	63	542	DEBRAY WAS OCCUPIED IN REPELLING THE INSINUATIONS OF A FRIEND WHO TRIED TO PERSUADE HIM
1034-121119-0012	4.515	57	493	AND THE CONVERSATION WHICH HAD BECOME INTERESTING DURING THE DISCUSSION OF SUCH SERIOUS AFFAIRS
1034-121119-0013	8.985	113	957	AWAITED THE RETURN OF DEBRAY IN THE LITTLE GREEN ROOM SEATED BETWEEN TWO BASKETS OF FLOWERS WHICH SHE HAD THAT MORNING SENT AND WHICH IT MUST BE CONFESSED
1034-121119-0017	6.960	87	742	AND HAD GONE TO BED AND TO SLEEP SHE CALLED THE MAID AND QUESTIONED HER MADEMOISELLE EUGENIE SAID THE MAID
1034-121119-0018	3.910	49	424	AFTER WHICH THEY DESIRED ME TO LEAVE SAYING THAT THEY NEEDED ME NO LONGER
1034-121119-0021	4.685	59	508	FOR IN A SOCIETY SUCH AS OURS SATIRE INFLICTS A PAINFUL AND INCURABLE WOUND
1034-121119-0022	2.540	32	280	AND HER GLANCE WAS TURNED TOWARDS HEAVEN
1034-121119-0024	5.025	63	538	AND YET HIS MANNERS SHOWED THE EFFECTS OF A SORT OF EDUCATION IF NOT A COMPLETE ONE
1034-121119-0026	5.400	68	577	DEBRAY COULD BUT GIVE HER ADVICE SHE MUST APPLY TO SOME ONE MORE POWERFUL THAN HE
1034-121119-0029	7.260	91	776	NO ONE COULD SUPPOSE THAT HE HAD BEEN PREVIOUSLY ACQUAINTED WITH OR HAD LENT HIMSELF TO ANY OF ANDREA'S INTRIGUES
1034-121119-0035	2.810	36	316	AND THE NEIGHBORS WOULD SAY TO EACH OTHER IN A LOW VOICE
1034-121119-0036	4.850	61	528	MADAME DANGLARS INVOLUNTARILY SHUDDERED AT THE DESOLATE ASPECT OF THE MANSION
1034-121119-0038	4.415	56	480	HE SAW A LADY A FASHIONABLE ELEGANTLY DRESSED LADY
1034-121119-0041	4.620	58	487	POSSIBLY MADAME AND NOW WHAT DO YOU WANT
1034-121119-0042	3.675	46	392	MADAME THIS IS PRECAUTION NOT IMPERTINENCE
1034-121119-0046	2.460	31	271	YOU WILL EXCUSE THIS POOR FELLOW MADAME
1034-121119-0054	5.430	68	579	AM I COME TO A FRIEND SHE ASKED IN A TONE FULL OF MOURNFUL DIGNITY
1034-121119-0059	6.575	83	703	CERTAINLY MADAME YOU APPEAR TO EXTENUATE SOME CASES AND EXAGGERATE OTHERS IMPOSTOR INDEED
1034-121119-0060	7.895	99	828	IS NOTHING MORE NOR LESS THAN AN ASSASSIN SIR I DO NOT DENY THE JUSTICE OF YOUR CORRECTION
1034-121119-0061	9.275	116	972	COME FORGET HIM FOR A MOMENT AND INSTEAD OF PURSUING HIM LET HIM GO YOU ARE TOO LATE MADAME THE ORDERS ARE ISSUED
1034-121119-0065	7.265	91	776	YOU REFER TO THE TERRIBLE RUMORS SPREAD ABROAD IN THE WORLD THAT THE DEATHS WHICH HAVE KEPT ME IN MOURNING FOR THE LAST THREE MONTHS
1034-121119-0067	4.030	51	435	YOU WHO PURSUE CRIME SO VINDICTIVELY ANSWER NOW
1034-121119-0068	9.385	118	983	THE BARONESS BECAME PALE YOU WERE SAYING THIS WERE YOU NOT WELL I OWN IT I WILL ANSWER YOU
1034-121119-0074	9.290	117	986	BUT WHO WAS THE MAN WHO BROUGHT HIM FROM LUCCA ANOTHER RASCAL LIKE HIMSELF PERHAPS HIS ACCOMPLICE THE BARONESS CLASPED HER HANDS
1034-121119-0075	8.530	107	907	FOR HEAVEN'S SAKE MADAME SAID VILLEFORT WITH A FIRMNESS OF EXPRESSION NOT ALTOGETHER FREE FROM HARSHNESS FOR HEAVEN'S SAKE
1034-121119-0076	5.465	69	582	WHAT AM I THE LAW HAS THE LAW ANY EYES TO WITNESS YOUR GRIEF
1034-121119-0077	5.945	75	636	HAS THE LAW A MEMORY FOR ALL THOSE SOFT RECOLLECTIONS YOU ENDEAVOR TO RECALL NO MADAME
1034-121119-0078	9.000	113	953	AND WHEN IT COMMANDS IT STRIKES YOU WILL TELL ME THAT I AM A LIVING BEING AND NOT A CODE A MAN AND NOT A VOLUME LOOK AT ME MADAME
1034-121119-0080	2.975	38	324	WOMAN SIREN THAT YOU ARE
1034-121119-0084	4.620	58	497	WITH A FEVERISH RAGE WHICH GAVE A FEROCIOUS ELOQUENCE TO HIS WORDS
1034-121119-0086	7.480	94	797	BUT THIS IS TRAMPLING ON THE WEAK SIR THE WEAKNESS OF A MURDERER HIS DISHONOR REFLECTS UPON US
1034-121119-0088	2.440	31	269	DELAY THE TRIAL TILL THE NEXT ASSIZES
1034-121119-0089	4.460	56	473	NO MADAME SAID VILLEFORT INSTRUCTIONS HAVE BEEN GIVEN
1034-121119-0090	2.490	32	275	FIVE DAYS ARE MORE THAN I REQUIRE
1034-121119-0092	5.820	73	622	I TELL YOU IT IS TOO LATE EARLY THIS MORNING THE TELEGRAPH WAS EMPLOYED AND AT THIS VERY MINUTE
1034-121119-0093	3.695	47	405	A DRAGOON HAS BROUGHT THIS DESPATCH FROM THE MINISTER OF THE INTERIOR
1034-121119-0094	9.175	115	973	MADAME DANGLARS TREMBLED WITH FEAR VILLEFORT STARTED WITH JOY ARRESTED HE EXCLAIMED HE WAS TAKEN AT COMPIEGNE AND ALL IS OVER
1040-133433-0006	3.195	40	351	BUT HE THOUGHT THEY SHOULD HAVE ASKED HIS CONSENT AS WELL AS HERS
1040-133433-0013	7.635	96	804	WOULD YOU SEND ME TO SCHOOL HE INQUIRED CRAFTILY YES AND THEN TO AN OFFICE I SUPPOSE SO
1040-133433-0015	5.030	63	540	AND MISSUS DARLING STRETCHED OUT HER ARMS TO HIM BUT HE REPULSED HER KEEP BACK LADY
1040-133433-0018	6.360	80	682	I SHALL HAVE TINK TINK CAN'T GO A TWENTIETH PART OF THE WAY ROUND SHE REMINDED HIM A LITTLE TARTLY
1040-133433-0019	6.775	85	721	TINK CALLED OUT FROM SOMEWHERE ROUND THE CORNER IT DOESN'T MATTER PETER SAID O PETER YOU KNOW IT MATTERS
1040-133433-0021	4.410	56	477	LONG IN COMING BUT THIS PROMISE SENT PETER AWAY QUITE GAY AGAIN
1040-133433-0024	5.515	69	596	BUT IT WAS TOO LATE NOW AND SOON THEY SETTLED DOWN TO BEING AS ORDINARY AS YOU OR ME OR JENKINS MINOR
1040-133433-0027	9.040	113	959	SHE HAD LOOKED FORWARD TO THRILLING TALKS WITH HIM ABOUT OLD TIMES BUT NEW ADVENTURES HAD CROWDED THE OLD ONES FROM HIS MIND WHO IS CAPTAIN HOOK
1040-133433-0030	8.560	107	909	BUT THEY ARE SO LITTLE THAT A SHORT TIME SEEMS A GOOD WHILE TO THEM WENDY WAS PAINED TOO TO FIND THAT THE PAST YEAR WAS BUT AS YESTERDAY TO PETER
1040-133433-0037	8.835	111	942	YOU SEE THAT JUDGE IN A WIG COMING OUT AT THE IRON DOOR THAT USED TO BE TOOTLES THE BEARDED MAN WHO DOESN'T KNOW ANY STORY TO TELL HIS CHILDREN
1040-133433-0038	2.420	31	270	AND ALWAYS HAD AN ODD INQUIRING LOOK
1040-133433-0043	9.175	115	976	I DON'T THINK I SEE ANYTHING TO NIGHT SAYS WENDY WITH A FEELING THAT IF NANA WERE HERE SHE WOULD OBJECT TO FURTHER CONVERSATION YES YOU DO SAYS JANE
1040-133433-0046	6.450	81	691	IT IS ONLY THE GAY AND INNOCENT AND HEARTLESS WHO CAN FLY WHAT IS GAY AND INNOCENT AND HEARTLESS
1040-133433-0048	4.990	63	545	THEY ARE NOW EMBARKED ON THE GREAT ADVENTURE OF THE NIGHT WHEN PETER FLEW IN LOOKING FOR HIS SHADOW
1040-133433-0051	7.060	89	746	YES WHICH DID YOU LIKE BEST OF ALL I THINK I LIKED THE HOME UNDER THE GROUND BEST OF ALL
1040-133433-0054	4.160	52	450	TRYING TO IMITATE PETER'S CROW NO IT WASN'T JANE SAID GRAVELY
1040-133433-0060	6.820	86	727	JOHN IS NOT HERE NOW SHE GASPED IS MICHAEL ASLEEP HE ASKED WITH A CARELESS GLANCE AT JANE
1040-133433-0064	2.200	28	245	WHAT IS IT HE CRIED SHRINKING
1040-133433-0066	2.395	30	264	SHE WAS A GROWN WOMAN SMILING AT IT ALL
1040-133433-0069	5.470	69	585	NO YOU'RE NOT YES AND THE LITTLE GIRL IN THE BED IS MY BABY NO SHE'S NOT
1040-133433-0070	2.370	30	259	OF COURSE HE DID NOT STRIKE
1040-133433-0078	2.750	35	304	OUR LAST GLIMPSE OF HER SHOWS HER AT THE WINDOW
1040-133433-0079	7.060	89	756	AS YOU LOOK AT WENDY YOU MAY SEE HER HAIR BECOMING WHITE AND HER FIGURE LITTLE AGAIN FOR ALL THIS HAPPENED LONG AGO
1069-133699-0009	2.560	32	278	AND SHE DETESTS ME FOR DETESTING IT
1069-133699-0043	5.090	64	546	SHE FORMED AMONG THE FLICKERING SHADOWS A GRACEFUL AND HARMONIOUS IMAGE
1069-133709-0003	3.765	48	405	SHE'D KEEP PEOPLE OFF VERY WELL I THINK
1069-133709-0012	7.275	91	770	THAT SHE SHOULD HAVE GONE THE LONGEST WAY ROUND TO FLORENCE IN ORDER TO SPEND A FEW WEEKS WITH HER INVALID SON
1069-133709-0039	8.280	104	877	WHICH IN SPITE OF INCREASING DISTANCE WERE STILL SUFFICIENTLY SALIENT THEY WERE RECOGNISABLE WITHOUT DIFFICULTY
1069-133709-0041	8.925	112	945	LIVID LIGHT OF A JUDGEMENT DAY THE GIRL MOREOVER WAS NOT PRONE TO TAKE FOR GRANTED THAT SHE HERSELF LIVED IN THE MIND OF OTHERS
1081-125237-0001	6.760	85	729	HIS READINESS AND PERSUASIVENESS OF SPEECH HIS INDUSTRY AND HIS GIFTS AT ONCE OF SWIFT INSIGHT AND ORDERLY THOROUGHNESS
1081-125237-0003	5.180	65	564	BUT THE ENGLISH COUNCIL HAD NOT FELT STRONG ENOUGH TO TAKE ACTION THE DEATH OF THE PRINCE OF ORANGE
1081-125237-0009	2.560	32	278	THE NEGOTIATIONS CAME TO A DEADLOCK
1081-125237-0012	7.765	98	835	THE EXPULSION OF THE MEMBERS AND ADHERENTS OF THE HOUSE OF STEWART INCLUDING THE PRINCESS ROYAL AND THE QUEEN OF BOHEMIA WITH THEIR CHILDREN
1081-125237-0018	6.040	76	648	THERE WAS CONSTERNATION IN HOLLAND AND THE STATES GENERAL DETERMINED TO SEND A SPECIAL EMBASSY TO LONDON
1081-125237-0019	4.600	58	504	A MAN IN WHOSE RIPE JUDGMENT THEY HAD CONFIDENCE TO THE OFFICE OF COUNCIL PENSIONARY
1081-125237-0020	3.795	48	416	WHO HAVING BEEN GIVEN LETTERS OF MARQUE TO PREY UPON FRENCH COMMERCE
1081-125237-0025	7.195	90	774	WHO IN PURSUANCE OF ECONOMY HAD REDUCED THE FLEET TO SEVENTY FIVE SHIPS IT WAS RESOLVED THEREFORE ON FEBRUARY TWENTY SECOND
1081-125237-0028	9.060	114	971	IT CAME SUDDENLY THROUGH A MISUNDERSTANDING THE DUTCH ADMIRAL WHILE CRUISING PAST DOVER MET ON MAY TWENTY NINTH FIFTEEN ENGLISH SHIPS UNDER BLAKE
1081-125237-0032	3.150	40	347	BUT POPULAR FEELING ON BOTH SIDES WAS NOW AROUSED
1081-125237-0045	3.160	40	346	AND TO MEET AND CONVOY BACK THE HOME COMING SHIPS
1081-125237-0050	7.070	89	765	BUT THEY WERE DECEIVED IN THINKING THAT THE STRUGGLE IN THE CHANNEL WAS OVER FOR THE WINTER THE DESERTERS AT THE KENTISH KNOCK WERE PUNISHED
1081-125237-0054	8.790	110	936	AND HE HAD MOREOVER BEEN AT SEA WITHOUT REPLENISHMENT OF STORES EVER SINCE THE FIGHT AT DUNGENESS WHILE THE ENGLISH HAD COME STRAIGHT FROM PORT THE FIGHT
1081-125237-0056	6.845	86	732	TROMP SUCCEEDED BY EXPERT SEAMANSHIP IN HOLDING OFF THE ENEMY AND CONDUCTING HIS CONVOY WITH SMALL LOSS INTO SAFETY
1081-125237-0059	6.030	76	651	DESTROYED A BRITISH SQUADRON OFF LEGHORN MARCH TWENTY THIRD IN BOTH COUNTRIES THERE WAS A PEACE PARTY
1081-125237-0064	3.305	42	361	WITH THE SUPPORT OF THE ARMY OF DICTATORIAL POWERS
1081-125237-0073	5.750	72	615	THE OLD HERO FELL MORTALLY WOUNDED AT THE VERY BEGINNING OF WHAT PROVED TO BE AN UNEQUAL FIGHT
1081-125237-0074	8.790	110	936	THE STATES THOUGH MUCH PERPLEXED TO FIND A SUCCESSOR TO MARTIN TROMP WERE SO FAR FROM BEING DISCOURAGED THAT GREAT ENERGY WAS SHOWN IN REORGANISING THE FLEET
1081-125237-0088	8.350	105	890	THE COUNCIL PENSIONARY FIRST SET TO WORK TO HAVE THE TREATY FROM WHICH THE EXCLUSION ARTICLE HAD BEEN CUT OUT RATIFIED RAPIDLY BY THE STATES GENERAL
1081-125237-0089	8.200	103	879	THE ESTATES ADJOURNED FOR A RECESS ON APRIL TWENTY FIRST SIXTEEN FIFTY FOUR ON THE FOLLOWING DAY HE PRESENTED THE TREATY TO THE STATES GENERAL
1081-125237-0090	9.330	117	993	AND SUCH WAS HIS PERSUASIVE SKILL THAT HE ACCOMPLISHED THE UNPRECEDENTED FEAT OF GETTING THIS DILATORY BODY TO ACCEPT THE CONDITIONS OF PEACE ALMOST WITHOUT DISCUSSION
1081-125237-0091	6.360	80	674	THE TREATY RATIFIED AND SIGNED WAS SENT BACK TO LONDON ONLY ONE ARTICLE AROUSED OPPOSITION
1081-125237-0092	6.115	77	652	THE SO CALLED TEMPERAMENT CLAUSE BUT CROMWELL HAD INSISTED UPON IT BY THIS ARTICLE
1081-125237-0093	2.660	34	295	OR COMMANDER OF MILITARY OR NAVAL FORCES
1081-125237-0094	3.490	44	381	ADDRESSED TO THE ESTATES OF HOLLAND NOT AT THE MOMENT IN SESSION
1081-125237-0096	2.925	37	320	AND THEN THE OFFICIAL LETTER FROM LONDON WAS READ TO THEM
1081-125237-0098	9.315	117	994	BUT AS IT WAS ESSENTIAL TO PREVENT PUBLICITY IT WAS SETTLED THAT ONLY THE BURGOMASTERS SHOULD BE CONSULTED AGAIN UNDER OATH OF SECRECY AT THE MEETING ON MAY FIRST
1081-125237-0102	5.700	72	614	BUT FOR SOME FIVE WEEKS THE EXISTENCE OF THE ACT WAS UNKNOWN TO THE STATES GENERAL AND DURING THAT PERIOD
1081-125237-0106	8.085	102	872	THEY WENT SO FAR AS TO PASS A VOTE OF THANKS TO THE ENVOYS FOR NOT HAVING DELIVERED THE ACT TO CROMWELL DE WITT'S POSITION APPEARED HOPELESS
1081-125237-0108	5.955	75	643	THIS WAS AGREED TO AND ON JUNE SEVENTH THE DOCUMENT WAS DULY FORWARDED TO LONDON BY THE COUNCIL PENSIONARY
1081-125237-0113	7.920	99	842	REALLY BELIEVED THAT PEACE WAS AN ABSOLUTE NECESSITY FOR HIS COUNTRY AND THAT PEACE COULD ONLY BE MAINTAINED AT THE COST OF THE ACT OF EXCLUSION
1081-125237-0114	9.490	119	1011	THERE IS HOWEVER EVERY REASON TO BELIEVE THAT DE WITT WAS PROMPTED TO TAKE THE RISKS HE DID BY PURELY PATRIOTIC MOTIVES AND NOT THROUGH SPITE AGAINST THE HOUSE OF ORANGE
1081-125237-0115	6.205	78	660	NOT MERELY BY THE ORANGE PARTISANS BUT BY POPULAR OPINION GENERALLY IN THE UNITED PROVINCES
1081-128618-0000	9.095	114	968	CLEAN THE FISH DIP IN FLOUR THEN IN BEATEN EGG THEN IN CRUMBS AND FRY IN PLENTY OF FAT DRAIN AND GARNISH WITH LEMON AND PARSLEY
1081-128618-0001	5.620	71	604	SEASON WITH SALT AND PEPPER DIP IN EGG AND CORN MEAL AND FRY IN DEEP FAT
1081-128618-0007	9.000	113	959	AND PUT INTO A STEWPAN WITH A CHOPPED ONION A BUNCH OF PARSLEY A PINCH OF SALT AND ENOUGH WHITE WINE TO COVER SIMMER FOR FIFTEEN MINUTES
1081-128618-0012	3.775	48	412	PREPARE AND CLEAN THE FISH STUFF WITH SEASONED CRUMBS
1081-128618-0013	4.455	56	478	BAKE WITH A LITTLE WHITE WINE AND MELTED BUTTER PERCH SALAD
1088-129236-0029	8.425	106	897	THE LIKE FORCE HAS THE PASSION OVER ALL HIS NATURE IT EXPANDS THE SENTIMENT IT MAKES THE CLOWN GENTLE AND GIVES THE COWARD HEART
1088-134315-0013	8.610	108	918	THAT IS A WORD I NEVER USE NOR DO I LIKE TO HEAR IT EMPLOYED HE SAID BLACKMAIL SUGGESTS TO ME A VULGAR ATTEMPT TO OBTAIN MONEY
1088-134315-0018	5.925	75	638	TO REFUSE THE FAVOURS OF REMINGTON KARA WAS BY HIM REGARDED AS SOMETHING OF AN AFFRONT
1088-134315-0020	6.090	77	656	DETAIN HIM ON SOME PRETEXT OR OTHER BECAUSE HE IS RATHER DIFFICULT TO GET HOLD OF AND I WANT TO SEE HIM
1088-134315-0023	3.240	41	353	CLOSED THE DOOR CAREFULLY AND RETURNED TO THE HOUSE
1088-134315-0039	9.085	114	969	HE TOLD ME HE WOULD BE IN AT SIX O'CLOCK AT THE LATEST SIX O'CLOCK YE GODS STORMED THE MAN IMPATIENTLY WHAT DOG AM I THAT I SHOULD WAIT TILL SIX
1088-134315-0046	4.375	55	475	SHE HANDED HIM THE LETTER AND HE READ WITHOUT A DROOP OF EYELID THE SUPERSCRIPTION
1088-134315-0055	2.785	35	300	IN THAT CASE WAS A NEW STEEL KEY
1088-134318-0004	7.835	98	830	HE REMEMBERED THE DAY WELL BECAUSE IT WAS CANDLEMAS DAY AND THIS WAS THE ANNIVERSARY HE REMEMBERED OTHER THINGS MORE PLEASANT
1088-134318-0005	7.530	95	812	HE REMEMBERED WITH A SAVAGE JOY THE SPECTACLE OF HIS WOULD BE ASSASSINS TWITCHING AND STRUGGLING ON THE GALLOWS AT PEZARA AND
1098-133695-0005	6.960	87	738	ISABEL PRESENTLY FOUND HERSELF IN THE SINGULAR SITUATION OF DEFENDING THE BRITISH CONSTITUTION AGAINST HER AUNT
1098-133695-0011	3.295	42	363	WOULD SAVOUR OF IMMODESTY EVEN OF ARROGANCE
1098-133695-0015	3.010	38	327	HIS USELESS LIFE HIS FANTASTIC MOTHER
1098-133695-0017	6.370	80	687	IT KEEPS THE SOUNDS OF THE WORLD FROM REACHING THE PRIVATE APARTMENTS AND IT MAKES THE WORLD THINK THAT DANCING'S GOING ON WITHIN
1098-133695-0018	7.295	92	787	THE LIVELIEST WALTZES SEEMED TO FLOAT UPON THE AIR ISABEL OFTEN FOUND HERSELF IRRITATED BY THIS PERPETUAL FIDDLING
1098-133695-0024	5.350	67	576	AND HER SATISFACTION WAS AT THE ROOT OF THE GOOD SPIRITS WHICH ENABLED HER TO TAKE HER COUSIN'S CHAFF
1098-133695-0030	9.375	118	998	POOR RALPH HAD BEEN FOR MANY WEEKS STEEPED IN MELANCHOLY HIS OUTLOOK HABITUALLY SOMBRE LAY UNDER THE SHADOW OF A DEEPER CLOUD
1098-133695-0034	5.580	70	596	AT THE PROSPECT OF LOSING HIS GREAT MOTIVE RALPH LOST INDEED HIS ONE INSPIRATION
1098-133695-0044	6.835	86	727	AND NOW YOU HAD BETTER KEEP VERY QUIET AND NEVER GRUMBLE AGAIN THE SENTIMENT OF THESE REFLEXIONS WAS VERY JUST
1098-133695-0045	2.365	30	265	HIS COUSIN WAS A VERY BRILLIANT GIRL
1098-133695-0053	7.100	89	760	BETWEEN HEDGEROWS MADE THICK BY MIDSUMMER WHEN THEY REACHED HOME THEY USUALLY FOUND TEA HAD BEEN SERVED ON THE LAWN
1098-133695-0056	4.690	59	501	OF WHICH EVEN AT A DISTANCE THE DESULTORY CHARACTER WAS APPRECIABLE WITH
1098-133695-0066	2.550	32	275	OH NO THEY'RE NOT ALL LIKE HIM
1098-133695-0067	3.175	40	346	SAID ISABEL BECAUSE I'M SURE HE'S NICE
1098-133695-0071	5.110	64	542	IT MAKES ONE WANT TO BE TOUCHED MISS ARCHER LORD WARBURTON DECLARED
1098-133695-0077	4.805	61	524	THAT AN INCIDENT HAD OCCURRED WHICH MIGHT HAVE SEEMED TO PUT HER GOOD HUMOUR TO THE TEST
1098-133695-0080	4.035	51	438	IT'S IMPOSSIBLE I SHOULD WAIT FOR YOU MISSUS TOUCHETT ANSWERED
1098-133695-0081	7.390	93	785	RALPH WILL LIGHT MY CANDLE ISABEL GAILY ENGAGED I'LL LIGHT YOUR CANDLE DO LET ME LIGHT YOUR CANDLE MISS ARCHER
1098-133695-0082	3.075	39	335	ONLY I BEG IT SHALL NOT BE BEFORE MIDNIGHT
1098-133695-0083	2.605	33	288	AND TRANSFERRED THEM COLDLY TO HER NIECE
1098-133695-0086	3.940	50	429	MISSUS TOUCHETT GAVE A LITTLE LOOK OF DESPAIR AND SAT DOWN AGAIN
1098-133695-0091	9.250	116	976	YES I THINK I'M VERY FOND OF THEM BUT I ALWAYS WANT TO KNOW THE THINGS ONE SHOULDN'T DO SO AS TO DO THEM ASKED HER AUNT
1116-132847-0001	4.480	57	491	AND SOON THEY MIGHT HAVE BEEN HEARD BEWAILING TO EACH OTHER THE HARDNESS OF THEIR LOTS
1116-132847-0010	7.030	88	756	AND HE WALKED ON TO PONT AVEN A PRETTY LITTLE TOWN BUILT ON THE BANK OF A RIVER HE WAS SITTING ON A BENCH OUTSIDE AN INN
1116-132847-0011	4.435	56	484	AND THE MEN ANSWERED THAT IT WAS THE NAME GIVEN TO THE FAIRY THAT DWELT IN THE LAKE
1116-132847-0012	6.100	77	659	AND BESOUGHT HIM NOT TO BE SO MAD AND TO THROW AWAY HIS LIFE IN SUCH A FOOLISH MANNER BUT HE ONLY LAUGHED
1116-132847-0013	6.940	87	739	BUT THE MEN DID NOT KNOW HOW THIS WAS TO BE DONE AND SHAKING THEIR HEADS OVER HIS OBSTINACY LEFT HIM TO HIS FATE
1116-132847-0015	9.380	118	1013	AS SOON AS THE YOUNG MAN HAD RECOVERED FROM HIS SURPRISE HE PREPARED TO JUMP INTO THE LAKE AND SWIM TO SHORE BUT THE BIRD HAD GUESSED HIS INTENTIONS AND PLUNGED BENEATH THE WATER
1116-132847-0017	2.385	30	261	MY NAME IS HOUARN HE ANSWERED
1116-132847-0021	4.365	55	475	WHEN IT WAS FULL SHE WENT INTO A LARGE KITCHEN AND THREW THEM ALL INTO A GOLDEN POT
1116-132847-0022	6.195	78	662	BUT IT DID NOT SOUND THE LEAST LIKE THAT TO HOUARN THERE IT IS AGAIN HE SAID AFTER A SHORT PAUSE
1116-132847-0025	7.740	97	822	AND FOUR MEN STOOD BEFORE HIM HOUARN SAVE US WE ENTREAT YOU AND SAVE YOURSELF TOO MURMURED THEY NOT DARING TO RAISE THEIR VOICES
1116-132847-0026	8.970	113	965	AND NO SOONER WAS THE CEREMONY OVER THAN SHE TURNED US INTO FISHES AS SHE HAD DONE TO ALL OUR FORERUNNERS WHO ARE IN THE FISH POND STILL WHERE YOU WILL SHORTLY JOIN THEM
1116-132847-0030	6.065	76	656	AND GALLOPED LIKE A STRAW CARRIED ALONG BY A TEMPEST TILL THEY REACHED THE FOOT OF A ROCK CALLED THE LEAP OF THE DEER
1116-132847-0031	3.375	43	372	TO SAVE YOU REPEATED BELLAH BUT WHO ARE YOU MY LITTLE FRIEND
1116-132847-0036	8.245	104	883	VERY SOON SHE LED HER VISITOR INTO THE GREAT HALL WHERE WINE AND FRUIT WERE ALWAYS WAITING AND ON THE TABLE LAY THE MAGIC KNIFE LEFT THERE BY HOUARN
1116-132847-0037	5.325	67	575	AND TO THE POND WHICH CONTAINED THE FISH THEIR SIDES SHINING WITH A THOUSAND DIFFERENT COLOURS
1116-132851-0001	3.255	41	355	AND WHAT WAS WORSE OFTEN MADE FUN OF HIM WITH THE REST
1116-132851-0003	2.620	33	290	WHEN A VOICE CAME OUT OF THE GORSE CLOSE BY
1116-132851-0010	4.580	58	503	THE RACKS FILLED WITH HAY THE COWS MILKED AND THE PAILS STANDING NEATLY IN A ROW
1116-132851-0016	4.860	61	523	AND THIS TIME THE GIRL DID NOT TURN RUDELY AWAY BUT LISTENED PATIENTLY TO THE END
1116-132851-0017	5.205	66	570	AND SHE COULD SLEEP EVERY MORNING TILL BREAKFAST TIME JUST LIKE A YOUNG LADY AND AS FOR THE REST OF THE DAY
1116-132851-0018	3.315	42	370	SHE WOULD WEAR THE BEAUTIFUL DRESSES THAT CAME WHEN SHE WISHED FOR THEM
1116-132851-0019	2.220	28	242	BARBAIK WAS FURIOUS
1116-132851-0025	2.965	38	332	BUT IT WAS OF NO USE HE DECLINED TO MOVE OUT OF A WALK
1116-137572-0012	9.430	118	1002	IN ORDER TO COPE WITH THEIR PROBLEMS THEY MUST REALIZE FIRST THAT THEY CANNOT STUMBLE UPON MARRIED HAPPINESS THAT THEY MUST POSSESS AND CULTIVATE A POSITIVE WILL TO SUCCEED
1116-137572-0016	8.895	112	957	THE CHOICE THAT BRINGS THE LARGER ADVANTAGE TO THE TWO PERSONS IN THEIR COMMON ROLE OF MARRIAGE PARTNERS IS THE ONE TO BE MADE HUMAN JUDGMENT BEING AS FAULTY AS IT IS
1116-137572-0034	8.710	109	930	COMMON FRIENDS ARE FINE BUT FOR THIS PURPOSE THERE IS SPECIAL NEED OF FRIENDS FOR EITHER SPOUSE WHO CAN CALL FORTH THOSE SIDES OF HIS OR HER NATURE THAT ARE NOT AROUSED BY THE MATE
1116-137572-0036	6.100	77	659	THE WIFE MAY BE ALONE PART OF THE DAY AND PROFIT BY IT WHEN JOHN COMES HOME AT NIGHT HE HAS NOT HAD THAT PRIVILEGE
1116-137572-0043	7.490	94	801	MATURITY BRINGS RECOGNITION OF HUMAN IMPERFECTIONS IN THE MOST HEROIC BUT ALSO DEVELOPS THE ABILITY TO WEIGH BIG AND LITTLE THINGS AND TO
1116-137572-0045	4.460	56	481	SEVEN THERE CAN BE NO NARROWING OF MARRIAGE TO MERE SEX ADJUSTMENT
1183-124566-0000	6.165	78	666	THE MASTER SAID THOUGH A MAN HAVE CONNED THREE HUNDRED POEMS IF HE STANDS HELPLESS WHEN PUT TO GOVERN
1183-124566-0002	5.595	70	583	TEACHING SAID THE MASTER TEN THE MASTER SAID
1183-124566-0003	2.855	36	308	MUCH COULD BE DONE IN THREE YEARS
1183-124566-0004	5.160	65	552	WHAT THE WEIGHTS AND MEASURES MEN SAID THE MASTER ARE THEY WORTH RECKONING
1183-124566-0005	1.410	18	160	TWENTY NINE
1183-128659-0000	6.615	83	701	EARNEST NOW OR YOU ARE FOOLING THE FIRST SPEAKER ANSWERS BY SOME FORMULA OR ASSEVERATION AS
1183-128659-0001	4.785	60	517	TRUE AS I LIVE OR HOPE I'LL DIE IF IT ISN'T SO OR SIMPLY HOPE I'LL DIE
1183-128659-0002	5.260	66	566	HOPE TO DIE IF I DON'T THE SPEAKER DRAWING THE FOREFINGER ACROSS THE THROAT FROM EAR TO EAR
1183-128659-0003	8.425	106	895	FIRST BOY HONOR BRIGHT SECOND BOY HOPE TO DIE FIRST BOY CUT YOUR THROAT SECOND BOY DRAWS FINGER ACROSS THROAT
1183-128659-0004	5.640	71	595	CERTAIN TRUE BLACK AND BLUE A VARIANT OF THE FIRST LINE CERTAIN AND TRUE
1183-128659-0005	6.585	83	708	OR THE STATEMENT WOULD BE MADE AND AFTER IT HAD BEEN TAKEN IN AND BELIEVED THE WORDS OVER THE LEFT WOULD BE ADDED
1183-128659-0007	4.470	56	485	SOMETIMES IT IS TO JUMP A CERTAIN DISTANCE SOMETIMES TO SKATE OUT ON THIN ICE
1183-128659-0008	8.175	103	881	ONCE IN OHIO SEVERAL LADS WERE COLLECTED TOGETHER ABOUT A SPRING ONE OF THEM DREW A PAIL OF FRESH WATER AND BY CHANCE BROUGHT UP A SMALL LIVE FISH
1183-128659-0009	9.305	117	998	THE BOYS TOOK THE STUMP ONE QUICKLY CUT UP THE UNFORTUNATE LITTLE ANIMAL AND EACH BOY SWALLOWED A BIT OFTEN THE DARE IS TO EAT SOME VERY UNTOOTHSOME MORSEL
1183-128659-0010	3.320	42	365	WHEN THE PAPER IS DECAYED YOU WILL FIND YOUR WISH IN ITS PLACE
1183-128659-0011	7.585	95	811	AFTER ALL ARE COLLECTED THE PAPER IS SECRETLY BURIED FACE DOWNWARD AND THEN DUG UP AFTER TWO OR THREE MONTHS WHEN MONEY IS SOMETIMES FOUND UNDER IT
1183-128659-0012	3.560	45	387	AND THE ONE WHO CALLS FIRST IS TO RECEIVE A GIFT FROM THE OTHER
1183-128659-0014	3.030	38	333	IN COUNTRY TOWNS WHEN GIRLS ARE WALKING WITH YOUNG MEN
1183-128659-0016	5.015	63	542	I THINK HOWEVER THAT I RATHER LIKED TO SUPPOSE IT TRUE AND FIRMLY BELIEVED IN THE EXPLANATION
1183-128659-0017	6.535	82	704	THUS IN CROQUET NO CHILD IN A TOWN NEAR BOSTON WOULD TAKE THE RED BALL BECAUSE IT WAS SUPPOSED TO MEAN HATE
1183-128659-0018	2.180	28	245	PINK AND BLUE HE'LL CATCH YOU
1183-128659-0019	6.055	76	652	PREVENT THE STITCH IN THE SIDE WHICH IS LIABLE TO BE INDUCED BY RUNNING BY MEANS OF HOLDING A PEBBLE UNDER THE TONGUE
1183-133255-0002	4.560	57	489	DOCTORS LAWYERS MECHANICS MINISTERS LABORING MEN BANKERS AND ALL CLASSES
1183-133255-0005	2.445	31	274	A CONVENIENT CAKE THAT INSURES BEAUTIFUL TEETH
1183-133255-0007	9.090	114	969	NOTE IF YOUR DRUGGIST DOES NOT HAVE THESE GOODS SEND PRICE TO US WE WILL FORWARD THEM PREPAID GUARANTEED UNDER THE FOOD AND DRUG ACT JUNE THIRTIETH NINETEEN O SIX
1183-133255-0008	6.775	85	723	DELAYS ARE DANGEROUS UNEXPECTED CHANGES ARE APT TO BRING ON COUGHS AND COLDS MARES COUGH BALSAM
1183-133255-0009	3.535	45	394	IF YOU HAVE CHILDREN YOU OUGHT TO HAVE A BOTTLE OF THIS MEDICINE ON THE MANTEL
1183-133255-0013	9.085	114	971	DEBILITATION STOMACH AND BOWEL TROUBLE OF BOTH INFANTS AND ADULTS HYSTERIA FAINTING SPELLS INSOMNIA SLEEPLESSNESS AND POOR ASSIMILATION OF FOOD
1183-133256-0003	4.435	56	479	KEEP A BOX HANDY IT SAVES THE DOCTOR BILL FIFTY CENTS PER BOX
1183-133256-0008	2.205	28	246	MOST ECONOMICAL AND EFFECTIVE REMEDY
1183-133256-0009	3.485	44	375	TEST IT YOURSELF FREE A REAL HAIR RESTORATIVE
1183-133256-0011	2.210	28	247	THIS WOULD BE RECKLESS EXTRAVAGANCE
1183-133256-0012	5.055	64	552	WE KNOW THE ANNOYANCE OF HAVING ONE'S HAIR FALL AND TURN GRAY PERHAPS WHILE YOU ARE STILL YOUNG
1183-133256-0017	4.285	54	465	AND THE BOTTLE WILL COME BY FIRST MAIL IN A PLAIN WRAPPER WITH FULL EXPLANATIONS
1183-133256-0018	5.500	69	584	HAVE YOU PILES WHY SUFFER LONGER WHEN ROSSMAN'S PILE CURE IS AT HAND
1183-133256-0019	7.350	92	794	WAS OPERATED UPON FOR HEMORRHOIDS AND WAS ALL RIGHT FOR THREE MONTHS WHEN ITCHING DEVELOPED WENT TO THE HOSPITAL WHERE I WAS TOLD I HAD ITCHING PILES
1183-133256-0021	6.240	78	669	THE COMPOUND IS CERTAINLY A REMARKABLE TONIC STOMACHIC AND SEEMS TO BENEFIT FROM THE VERY START ALL WHO TAKE IT
1183-133256-0024	7.540	95	805	OR COAL OIL ANYONE OF WHICH WILL IN TIME RUIN FINE VARNISH EASY TO APPLY A PLEASANT AND PURIFYING ODOR
1183-133256-0025	3.570	45	392	THAT YOU MAY BE ABLE TO SEE THIS MATTER OF PERFUMES FROM OUR STANDPOINT
1235-135883-0002	8.910	112	943	THE FOURTH DAY OF HIS JOURNEY HE WAS SO MUCH INCOMMODED BY THE HEAT OF THE SUN AND THE REFLECTION OF THAT HEAT FROM THE EARTH
1235-135883-0007	3.925	50	428	DEMANDED THE GENIE DID YOU NOT TAKE DATES OUT OF YOUR WALLET
1235-135883-0009	5.380	68	578	AND THOU DIDST THROW ONE INTO HIS EYE WHICH KILLED HIM THEREFORE I MUST KILL THEE
1235-135883-0014	4.595	58	489	ALL THIS WHINING SAID THE MONSTER IS TO NO PURPOSE
1235-135883-0017	8.575	108	917	THE REMAINDER OF IT REPLIED SCHEHERAZADE IS MORE SURPRISING AND YOU WILL BE OF THIS OPINION IF THE SULTAN WILL BUT PERMIT ME TO LIVE OVER THIS DAY
1235-135883-0024	3.835	48	409	FOR HEAVEN'S SAKE HOLD YOUR HAND ALLOW ME ONE WORD
1235-135883-0025	2.300	29	256	TO BID MY WIFE AND CHILDREN ADIEU AND
1235-135883-0030	5.270	66	565	THE MERCHANT BEING RECOVERED FROM HIS TERROR MOUNTED HIS HORSE AND PROCEEDED ON HIS JOURNEY
1235-135883-0032	3.935	50	433	THAT HIS FAMILY APPREHENDED SOMETHING CALAMITOUS HAD BEFALLEN HIM
1235-135883-0040	4.280	54	460	AN OLD MAN LEADING A HIND APPEARED AND DREW NEAR HIM
1235-135883-0043	8.995	113	950	SUFFERED HER TO LIVE THAT DAY ALSO THE NEXT MORNING DINARZADE MADE THE SAME REQUEST TO HER SISTER AS BEFORE MY DEAR SISTER SAID SHE
1235-135883-0045	4.195	53	456	THEY SAW ANOTHER OLD MAN COMING TOWARDS THEM FOLLOWED BY TWO BLACK DOGS
1235-135883-0046	8.680	109	921	THE OLD MAN WITH THE HIND TOLD HIM THE ADVENTURE OF THE MERCHANT AND GENIE WITH ALL THAT HAD PASSED BETWEEN THEM PARTICULARLY THE MERCHANT'S OATH
1235-135883-0048	2.745	35	302	WHICH APPEARED TO HIM SO EXTRAORDINARY
1235-135884-0005	7.770	98	818	SHE HOWEVER EMPLOYED THAT TIME TO SATISFY HER HATRED SHE APPLIED HERSELF TO MAGIC
1235-135884-0015	5.960	75	629	THOUGH TO SHE SEEMED VERY FAT TAKE HER YOURSELF SAID I TO HIM
1235-135884-0017	6.135	77	656	AS SOON AS HE BEHELD ME HE MADE SO GREAT AN EFFORT TO COME NEAR ME THAT HE BROKE HIS CORD
1235-135884-0026	7.365	93	785	THESE TWO METAMORPHOSES WERE MADE BY THE ENCHANTMENTS OF OUR MASTER'S WIFE WHO HATED BOTH THE MOTHER
1235-135884-0029	8.735	110	916	MY GOOD MAID SAID I CAN YOU RESTORE MY SON TO HIS FORMER SHAPE YES SHE REPLIED I CAN
1235-135884-0033	4.560	57	480	PROVIDED YOU FIRST OF ALL RESTORE TO ME MY SON
1235-135884-0036	4.620	58	490	AND IN AN INSTANT HE RECOVERED HIS NATURAL FORM MY SON
1235-135887-0000	2.020	26	227	THE STORY OF THE GRECIAN KING
1235-135887-0001	8.510	107	908	THERE WAS IN THE COUNTRY OF YUNAUN OR GREECE A KING WHO WAS LEPROUS AND HIS PHYSICIANS HAD IN VAIN ENDEAVOURED HIS CURE
1235-135887-0007	6.870	86	727	WITH WHICH NEXT MORNING HE PRESENTED HIMSELF BEFORE THE KING AND FALLING DOWN AT HIS FEET KISSED THE GROUND
1235-135887-0008	6.470	81	689	AND AFTER A PROFOUND REVERENCE SAID TO THE KING HE JUDGED IT MEET THAT HIS MAJESTY SHOULD TAKE HORSE
1235-135887-0017	6.180	78	657	BUT AS HE TREATED ALL HIS COURT THAT DAY MADE HIM EAT AT HIS TABLE ALONE WITH HIM
1235-135887-0018	2.690	34	297	BUT CAUSED HIM TO BE CLAD IN A RICH ROBE
1235-135887-0020	7.810	98	836	HE COULD NOT BEHOLD WITHOUT ENVY THE PRESENTS THAT WERE GIVEN TO THE PHYSICIAN WHOSE OTHER MERITS HAD ALREADY BEGUN TO MAKE HIM JEALOUS
1235-135887-0022	7.060	89	752	IT IS HIGHLY DANGEROUS FOR A MONARCH TO CONFIDE IN A MAN WHOSE FIDELITY HE HAS NEVER TRIED
1246-124548-0008	3.950	50	429	LYMAN CASS GAVE CHAMP A WARM BERTH AS NIGHT WATCHMAN
1246-124548-0015	5.040	63	535	FOR A MONTH SMALL BOYS FOLLOWED HIM DOWN THE STREET AND EVERYBODY CALLED HIM MAJOR
1246-124548-0020	2.290	29	256	HE LIKED TO BE CALLED HONEST JIM
1246-124548-0023	8.840	111	939	SHE SPOKE ILL OF HIM AT HOME AND IN PUBLIC PLACES BUT KENNICOTT AND THE OTHER POWERS INSISTED MAYBE HE IS KIND OF A ROUGHNECK
1246-124548-0024	2.890	37	322	CHUCKED HIM IN THE RIBS AND SAID SAY BOY
1246-124548-0035	8.780	110	937	NOW THE POINT OF THIS IS I'M NOT ONLY INSISTING THAT GOPHER PRAIRIE IS GOING TO BE MINNESOTA'S PRIDE THE BRIGHTEST RAY IN THE GLORY OF THE NORTH STAR STATE
1246-124548-0041	3.525	45	386	COME ON YOU TWIN CITIES OUR HAT IS IN THE RING
1246-124548-0042	6.915	87	742	A RED HEADED YOUNG MAN WHO SMOKED CIGARETTES IN A LONG AMBER HOLDER CAROL READ THE BOOKLET WITH A CERTAIN WONDER
1246-124548-0045	4.540	57	489	BEST FLOUR IN THE COUNTRY THAT THE SURROUNDING FARM LANDS WERE RENOWNED
1246-124548-0047	6.105	77	646	THAT THIS WAS THE ONE LOGICAL LOCATION FOR FACTORIES AND WHOLESALE HOUSES
1246-124548-0049	6.835	86	731	SHE COULD NOT FEEL THAT HIS COMING MUCH MATTERED AND A YEAR AFTER WHEN HE FAILED SHE COULD NOT BE VERY SORROWFUL
1246-124550-0039	4.155	52	447	AND THEY MOST AFFLICT THE DISCIPLES WHO THE MOST GENEROUSLY SERVE THEM
1246-135815-0000	4.280	54	456	CHAPTER SEVEN JOHNNY CHUCK JOINS THE CLASS
1246-135815-0015	9.375	118	984	THOSE BACK DOORWAYS ARE VERY HANDY IN TIME OF DANGER DO YOU ALWAYS HAVE THREE DOORWAYS ASKED HAPPY JACK
1246-135815-0016	3.600	45	386	AND ONCE IN A WHILE ONLY ONE BUT THAT ISN'T REALLY SAFE
1246-135815-0021	2.840	36	310	TIME IS UP INTERRUPTED OLD MOTHER NATURE
1246-135815-0022	3.850	49	424	AND ON THE PRAIRIES OF THE GREAT WEST HE HAS A SMALLER COUSIN NAMED
1246-135815-0023	3.905	49	420	AND TO MORROW I'LL TELL YOU ABOUT THEM IF YOU WANT ME TO
1263-138246-0006	2.220	28	242	YOU SMILE BARBICANE
1263-138246-0011	7.310	92	776	WELL EXCLAIMED MICHEL ARDAN IN A GOOD HUMORED TONE MUCH MAY BE DONE IN TWENTY SIX MINUTES
1263-138246-0028	8.685	109	924	FOUR THOUSAND BECAUSE THE COLUMBIAD WILL NOT BURST AND FIVE THOUSAND BECAUSE THE PROJECTILE WILL RISE MORE THAN SIX MILES IN THE AIR
1263-138246-0034	3.900	49	420	SAID BARBICANE IN A SERIOUS VOICE LET US PREPARE
1263-139804-0014	9.500	119	999	TRANSPORTATION THE METHODS OF TRAVELING ARE SO CONTRARY TO OUR CONCEPTIONS AND PRACTICES THAT I ALMOST FORBEAR TO ATTEMPT ANY DESCRIPTION
1263-141777-0041	9.380	118	983	SUPPOSE RYNCH'S VOICE WAS RUSTY SOUNDING IN HIS OWN EARS WE TALK NOW THE MAN NODDED
1334-135589-0001	4.880	61	515	YOU HAVE TO CHOOSE BETWEEN TWO GENERALS BOTH GREAT IN THE ART OF WAR
1334-135589-0008	4.930	62	531	BRING ME THE OFFICERS TO MORROW AT THIS HOUR MONSIEUR BEVERLEY AU REVOIR
1334-135589-0014	7.650	96	815	AND A SEVERE ACTION WAS FOUGHT IN THE STREETS OF THE SUBURB OF SAINT ANTOINE IN WHICH NEITHER PARTY HAD THE ADVANTAGE
1334-135589-0029	8.915	112	942	AT THOSE LOVELY GIRLS AT YON WINDOW DO YOU RECOGNIZE THEM INDEED I DO NOT ARE THEY ANY OF OUR PARIS BEAUTIES
1334-135589-0030	3.170	40	344	THEY ARE THY SISTERS ALICE AND EDITH
1334-135589-0031	8.645	109	914	IT IS SO I BELIEVE REPLIED EDWARD YES NOW THAT EDITH SMILES I'M SURE IT IS THEM YES REPLIED GRENVILLE
1334-135589-0032	6.230	78	652	WILL THEY THINK YOU RECOGNIZE US WE SHALL SEE REPLIED EDWARD
1334-135589-0053	2.420	31	270	WHICH HAS BEEN SO LONG HELD BY OTHERS
1334-135589-0057	6.410	81	689	WHY HAS HE REBUILT ARNWOOD HE IS NOT GOING TO SURRENDER MY PROPERTY AND MAKE ME A PRESENT OF THE HOUSE
1334-135589-0062	7.670	96	807	THOSE WHO HOLD THE PROPERTY THINK SO TOO AND SO FAR IT IS FORTUNATE NOW FROM WISER HEADS THAN MINE
1334-135589-0064	9.270	116	984	EVEN A FEW DAYS DELAY MAY MAKE A DIFFERENCE THEY CAN EASILY OBTAIN A DELAY FOR THE PAYMENT OF THE MONEYS IMPRESS THAT UPON THEM MY DEAR EDWARD
1334-135589-0067	2.600	33	289	BUT THE MESSENGER HAD NOT YET RETURNED
1334-135589-0071	7.095	89	753	EDWARD HALF CONCEALED HIMSELF BEHIND ONE OF HIS COMPANIONS THAT HE MIGHT GAZE UPON HER WITHOUT RESERVE
1334-135589-0073	8.420	106	893	THERE WAS THE SAME PENSIVE SWEET EXPRESSION IN HER FACE WHICH HAD ALTERED LITTLE BUT THE BEAUTIFUL ROUNDED ARMS
1334-135589-0087	5.980	75	626	AND IT MAY BE TRUE REPLIED EDWARD MOURNFULLY WELL
1334-135589-0088	6.985	88	741	YOU KNOW HUMPHREY HOW MANY OFFERS PATIENCE HEATHERSTONE HAS HAD AND HAS EVERY DAY I MAY SAY
1334-135589-0093	7.215	91	764	THAT WILL BE EXPLANATION SUFFICIENT I SHALL MEET HIM AS ONE WHOM I SHALL ALWAYS REVERE
1355-39947-0041	2.770	35	306	I FINALLY WENT TO THE SANITARIUM OF A DOCTOR
1355-39947-0045	2.840	36	314	BUT DID NOT SLEEP MORE THAN TWO OR THREE HOURS A DAY
1355-39947-0046	4.915	62	536	I WAS CUT OFF BY HYPNOTIC SUGGESTION HALF A GRAIN AND THIS PUT ME TO FIGHTING THE DESIRE AGAIN
1363-135842-0000	5.260	66	554	CHAPTER THIRTY FOUR UNC BILLY AND OLD MISSUS POSSUM
1363-135842-0007	8.560	107	901	UNC POKED HIS HEAD A LITTLE FARTHER OUT AND PUT HIS HAND BEHIND HIS EAR AS IF HE WERE A LITTLE HARD OF HEARING
1363-135842-0008	3.275	41	347	AM I A WHAT HE DEMANDED
1363-135842-0009	8.520	107	894	REPEATED PETER AH RECKONS AH MIGHT BE IF AH KNEW WHAT IT WAS BUT AS LONG AS AH DON'T
1363-135842-0011	4.085	52	439	WHAT DO YOU KNOW ASKED OLD MOTHER NATURE
1363-135842-0012	3.540	45	388	YET DOESN'T BELONG TO THE ORDER OF FLESH EATERS
1363-135842-0031	7.520	94	786	THOSE CERTAINLY ARE HANDY TAILS HANDIEST TAILS EVER WAS DECLARED UNC BILLY
1363-135842-0037	4.865	61	515	YOU ARE A BAD OLD RASCAL TO STEAL EGGS WHAT'S MORE
1363-135842-0039	7.995	100	834	NOT LATELY SAID HE AH DONE GOT A DREADFUL SCARE THE LAST TIME AH WAS UP THERE
1447-17506-0000	3.205	41	347	CHAPTER NINE COUNT FERRALTI
1447-17506-0002	6.170	78	665	AS THEY ENTERED THE PRETTY CIRCULAR HALL DEVOTED TO THE DANCE LOUISE GAVE A START OF SURPRISE
1447-17506-0005	9.260	116	981	INTRODUCING HIM TO UNCLE JOHN AND HER COUSINS AS COUNT FERRALTI WHOM SHE HAD ONCE MET IN NEW YORK WHILE HE WAS ON A VISIT TO AMERICA
1447-17506-0006	8.085	102	864	THE COUNT TWIRLED HIS SMALL AND SLENDER MOUSTACHES IN A WAY THAT PATSY THOUGHT AFFECTED AND SAID IN EXCELLENT ENGLISH
1447-17506-0011	6.070	76	645	THE COUNT CLUNG TO LOUISE'S SIDE BUT ALSO TRIED TO MAKE HIMSELF AGREEABLE TO HER COUSINS
1447-17506-0017	5.705	72	610	HE TURNED TO HIS LIST OF GUESTS WHO REGISTER BY CARD AND NOT IN A BOOK AND CONTINUED
1447-17506-0019	7.220	91	770	THEN HE REMARKED THAT THE ERUPTION OF VESUVIUS WAS WANING AND THE TROUBLE NEARLY OVER FOR THIS TIME
1447-17506-0021	9.165	115	969	MY DEAR SIGNOR THERE IS NO MAN BETTER POSTED AS TO OUR NOBILITY IN ALL ITALY YET YOU SAY YOU DON'T KNOW THE FERRALTI FAMILY
1447-130550-0000	1.645	21	183	EASY GOING
1447-130550-0002	3.600	45	382	ENTIRELY FUTILE AND NEGLIGIBLE
1447-130550-0010	9.270	116	958	FEIGNING A VIRTUOUS INDIGNATION FERTILITY OF ARGUMENTATIVE RESOURCE
1447-130550-0015	5.010	63	530	FULL OF SPECULATION AND A DEEP RESTRAINED EXCITEMENT
1447-130550-0018	3.360	42	357	GRACEFUL SUCCESSION OF SENTENCES
1447-130550-0021	3.250	41	349	HAUNTED BY BLANK MISGIVINGS
1447-130550-0022	4.860	61	515	HE HAD THE HABIT OF SELF ENGROSSED SILENCES
1447-130550-0024	9.140	115	951	HE SUFFERS NOTHING TO DRAW HIM ASIDE HE TOOK HIS COURAGE IN BOTH HANDS
1447-130550-0026	3.670	46	389	HE WAS INEXHAUSTIBLY VOLUBLE
1447-130550-0027	5.150	65	551	HER VOICE HAD A WOODEN RESONANCE AND A GHOST OF A LISP
1447-130550-0028	8.805	111	918	AND UNDISCOURAGED HOPE HIGH HANDED INDIFFERENCE TO ALL RESTRAINT
1447-130551-0003	3.550	45	379	IMPERILED IN A RESTLESS AGE
1447-130551-0010	6.260	79	657	IN EXTENUATION OF THE PAST IN HIGH GOOD HUMOR
1447-130551-0019	8.940	112	931	INSPIRED BY A VAGUE MALEVOLENCE INSPIRITED BY APPROVAL AND APPLAUSE
1447-130551-0021	2.960	37	314	INTENSE SENSITIVENESS
1447-130551-0023	3.910	49	416	INVOLVING OURSELVES IN EMBARRASSMENTS
1447-130551-0034	8.095	102	850	IT WOULD BE SUPERFLUOUS TO SAY IT WOULD NOT SEEM AN IMPROBABLE CONCLUSION
1447-130552-0004	4.110	52	436	LOOKING AT THE MATTER BY AND LARGE
1447-130552-0005	3.710	47	398	LUCIDITY AND ARGUMENTATIVE VIGOR
1447-130552-0007	3.780	48	407	MARVELOUSLY SUGGESTIVE AND INSPIRING
1447-130552-0016	8.950	112	929	ONE OF LIFE'S IRONICAL ADJUSTMENTS ONE OF THE FORESEEN AND INEVITABLE RESULTS
1447-130552-0017	5.670	71	598	ONE TISSUE OF RASHNESS FOLLY INGRATITUDE AND INJUSTICE
1447-130552-0024	8.000	100	833	PITIFUL SHIFTS OF POLICY PLAINLY DICTATED BY A LOFTY PURPOSE
1455-134435-0000	7.690	97	833	THE GIRL WHO CAME INTO THE WORLD ON THAT NIGHT WHEN JESSE RAN THROUGH THE FIELDS CRYING TO GOD THAT HE BE GIVEN A SON HAD GROWN TO WOMANHOOD ON THE FARM
1455-134435-0001	8.550	107	904	AND WHEN NOT ANGRY SHE WAS OFTEN MOROSE AND SILENT IN WINESBURG IT WAS SAID THAT SHE DRANK HER HUSBAND THE BANKER
1455-134435-0005	5.340	67	574	SHE BECAME THOUGHTFUL AND MUTTERED WORDS SOMETIMES TEARS CAME INTO HER EYES
1455-134435-0006	5.690	72	614	BUT FOR THE INFLUENCE OF HER HUSBAND AND THE RESPECT HE INSPIRED IN PEOPLE'S MINDS
1455-134435-0011	9.235	116	984	SOMETHING HAPPENED TO DAVID HE COULD NOT BEAR TO GO INTO THE HOUSE WHERE HIS MOTHER AND FATHER LIVED AND ON AN IMPULSE HE DECIDED TO RUN AWAY FROM HOME
1455-134435-0019	3.565	45	388	THE MOST PEACEFUL AND LOVELY THING HE HAD EVER SEEN
1455-134435-0020	2.625	33	286	ON AND ON WENT HER VOICE IT WAS NOT
1455-134435-0022	8.100	102	864	INTO HIS MIND CAME THE THOUGHT THAT HIS HAVING BEEN LOST AND FRIGHTENED IN THE DARKNESS WAS AN ALTOGETHER UNIMPORTANT MATTER
1455-134435-0026	4.575	58	497	IT IS AN ATMOSPHERE NOT CORRUPTED BY MY PRESENCE SHE SAID SHARPLY
1455-134435-0031	8.820	111	947	WHEN HE BECAME DROWSY SHE BECAME BOLD AND WHISPERED THINGS THAT HE LATER THOUGHT HE MUST HAVE DREAMED HER SOFT LOW VOICE CALLED HIM ENDEARING NAMES
1455-134435-0037	9.470	119	1012	BUT HE NO LONGER DEMANDED SUCH RECOGNITION INSTEAD HE PRAYED FOR IT SOMETIMES HE WAS ALTOGETHER DOUBTFUL AND THOUGHT GOD HAD DESERTED THE WORLD
1455-134435-0043	2.795	35	304	BIG THINGS ARE GOING TO BE DONE IN THE COUNTRY
1455-134435-0044	4.760	60	510	YOU GET INTO IT I WISH I WERE YOUNGER AND HAD YOUR CHANCE
1455-134435-0057	7.100	89	759	SOMETIMES HE LOOKED AT DAVID AND SMILED HAPPILY AND THEN FOR A LONG TIME HE APPEARED TO FORGET THE BOY'S EXISTENCE
1455-134435-0058	3.390	43	372	WHEN HE HAD FIRST COME OUT OF THE CITY TO LIVE ON THE LAND
1455-134435-0061	7.530	95	806	AND AGAIN AS ON THAT NIGHT WHEN HE HAD RUN THROUGH THE FIELDS CRYING FOR A SON HE BECAME EXCITED TO THE EDGE OF INSANITY
1455-134435-0062	5.425	68	587	WHEN A RABBIT JUMPED UP AND RAN AWAY THROUGH THE WOODS HE CLAPPED HIS HANDS AND DANCED WITH DELIGHT
1455-134435-0064	8.910	112	955	THAT THE PRESENCE OF THE BOY AND MAN ON THEIR KNEES IN SOME LONELY SPOT IN THE FOREST WOULD MAKE THE MIRACLE HE HAD BEEN WAITING FOR ALMOST INEVITABLE
1455-134435-0072	8.015	101	856	ON AND ON HE RAN DOWN THE HILLSIDE SOBBING AS HE RAN WHEN HE FELL OVER THE ROOTS OF A TREE AND IN FALLING STRUCK HIS HEAD
1455-134435-0073	4.885	62	534	AND HE AWOKE TO FIND THE OLD MAN'S HAND STROKING HIS HEAD TENDERLY THAT THE TERROR LEFT HIM
1455-138263-0000	4.535	57	476	CHAPTER EIGHTEEN GRAVE QUESTIONS
1455-138263-0002	3.270	41	355	SOME TWELVE MILES OTHERS THIRTY MILES BROAD
1455-138263-0004	4.820	61	521	ANOTHER BY A SLIGHT CURVE FURROWED THE SEA OF NECTAR BREAKING AGAINST
1455-138263-0007	9.160	115	972	BECAUSE THE REGULARITY OF THESE LUMINOUS LINES AND THE VIOLENCE NECESSARY TO CARRY VOLCANIC MATTER TO SUCH DISTANCES IS INEXPLICABLE
1455-138263-0008	2.965	38	325	BY JOVE REPLIED MICHEL ARDAN
1455-138263-0009	6.895	87	730	INDEED SAID BARBICANE INDEED CONTINUED MICHEL IT IS ENOUGH TO SAY
1455-138263-0011	3.080	39	334	THE SHOCK WHICH PRODUCED THAT RENT
1455-138263-0013	3.850	49	416	THAT NASMYTH WAS NO FOOL REPLIED MICHEL
1455-138263-0014	8.835	111	940	THEIR PROJECTILE SATURATED WITH LUMINOUS GLEAMS IN THE DOUBLE IRRADIATION OF SUN AND MOON MUST HAVE APPEARED LIKE AN INCANDESCENT GLOBE
1455-138263-0022	7.500	94	796	AGREED REPLIED NICHOLL BUT IS NOT THE MOON HABITABLE FOR CREATURES DIFFERENTLY ORGANIZED FROM OURSELVES
1455-138263-0023	3.260	41	353	SEEMED TO US TO MOVE ON THE MOON'S SURFACE
1455-138263-0031	7.365	93	780	BUT I ADD THAT THESE RACES HUMAN AND ANIMAL HAVE HAD THEIR DAY AND ARE NOW FOREVER EXTINCT
1455-138263-0033	3.900	49	422	THE MOON AND THE EARTH WERE NOTHING BUT GASEOUS MASSES ORIGINALLY
1455-138263-0034	4.135	52	443	CONTINUED BARBICANE AN ATMOSPHERE SURROUNDED IT
1455-138263-0044	6.030	76	639	THOSE SPECULATIONS ARE TOO HIGH SAID HE PROBLEMS UTTERLY INSOLUBLE
1455-138263-0045	8.625	108	912	LET US ONLY ADMIT THE INSUFFICIENCY OF THE PRIMORDIAL ATTRACTION AND THEN BY THE INEQUALITY OF THE TWO MOTIONS OF ROTATION AND REVOLUTION
1455-138263-0047	4.065	51	440	AFTER HAVING DOUBTLESS REMAINED PERSISTENTLY FOR MILLIONS OF CENTURIES
1455-138263-0054	5.055	64	548	BARBICANE AND NICHOLL COULD NOT HELP LAUGHING AT THEIR COMPANION'S UNEASINESS
1502-122615-0001	7.270	91	772	THE SIGHT OF A COWARD'S BLOOD CAN NEVER MAKE A WARRIOR TREMBLE THE GRAY HEAD AND THE SAGAMORE ARE SAFE
1502-122615-0002	6.065	76	635	GO UNCAS AND THE OPEN HAND ARE NOW STRANGERS IT IS ENOUGH
1502-122615-0021	4.390	55	470	SEVERAL PIPES THAT HAD BEEN EXTINGUISHED WERE LIGHTED AGAIN
1502-122615-0022	7.775	98	836	DREW HIS TOMAHAWK FROM HIS GIRDLE AND FILLING THE BOWL ON ITS HEAD BEGAN TO INHALE THE VAPORS OF THE WEED THROUGH THE HOLLOW HANDLE
1502-122615-0025	7.800	98	830	AS THOUGH ALL HAD INHALED AN IMPURITY AT THE SAME INSTANT THE SMOKE WREATHED ABOVE THEIR HEADS IN LITTLE EDDIES
1502-122615-0026	3.275	41	352	LEAVING THE PLACE BENEATH CLEAR OF ITS FUMES
1502-122615-0027	3.500	44	384	THE LOOKS OF MOST OF THE WARRIORS WERE RIVETED ON THE EARTH
1502-122615-0028	5.750	72	616	SUFFERED THEIR WILD AND GLARING EYEBALLS TO ROLL IN THE DIRECTION OF A WHITE HEADED SAVAGE
1502-122615-0031	3.155	40	345	THE WICKED CHIPPEWAS CHEATED MY SQUAW
1502-122615-0033	5.115	64	543	THE EXPRESSION OF HIS EYE CONTRADICTED HIS FIGURATIVE AND BOASTFUL LANGUAGE
1502-122619-0003	4.195	53	452	IN VARIOUS WAYS IT WAS THE PREVALENT OPINION HOWEVER
1502-122619-0007	2.640	33	286	THE WOMEN RAN FROM LODGE TO LODGE
1502-122619-0013	6.035	76	646	BY THROWING HIS ARM UPWARD TOWARD HEAVEN AND THEN LETTING IT FALL IMPRESSIVELY ON HIS BREAST
1502-122619-0014	7.275	91	764	FORTIFIED BY THESE ASSURANCES THE DARK FIGURE LEFT THE BROW OF THE NATURAL ROCKY TERRACE
1502-122619-0017	9.220	116	983	ONE WHO SPOKE ALL THOSE LANGUAGES THAT WERE CULTIVATED AMONG THE NORTHERN ABORIGINES THE WISE HURON IS WELCOME SAID THE DELAWARE
1502-122619-0018	7.395	93	784	COMPOSED OF CRACKED CORN AND BEANS IT IS MUCH USED ALSO BY THE WHITES BY CORN IS MEANT MAISE
1502-122619-0023	3.980	50	428	NOTWITHSTANDING EVERY INDIVIDUAL PRESENT WAS PERFECTLY AWARE
1502-122619-0024	4.925	62	529	IS THE FACE OF MY GREAT CANADA FATHER TURNED AGAIN TOWARD HIS HURON CHILDREN
1502-122619-0032	4.200	53	451	GOOD EXCLAIMED TWO OR THREE OF HIS AUDITORS AT THE SAME TIME
1502-122619-0035	4.420	56	477	BUT THE YENGEESE HAVE LONG ARMS AND LEGS THAT NEVER TIRE
1502-122619-0036	8.225	103	865	IT IS WELL THE WARRIOR WHOSE EYE IS OPEN CAN SEE HIS ENEMY SAID MAGUA ONCE MORE SHIFTING HIS GROUND
1502-122619-0043	6.645	84	713	AN APPELLATION THAT THE FRENCH HAD TRANSLATED INTO LE COEUR DUR FORGOT THAT OBDURACY OF PURPOSE
1502-122619-0048	9.405	118	1000	THAT SUCH A SITUATION OF THINGS WAS LIKELY TO PROVE HIGHLY PREJUDICIAL TO THEIR FUTURE MOVEMENTS THEIR DISTANT VILLAGES THEIR HUNTING GROUNDS
1502-122619-0050	4.480	56	472	WITH MANIFEST DISAPPROBATION IF NOT WITH ALARM
1502-122619-0052	5.455	69	590	WILL HE THINK SO WHEN HE HEARS THAT HIS GREATEST ENEMY IS FED IN THE CAMP OF HIS CHILDREN
1502-122619-0061	7.555	95	806	MAGUA HAD NOT ONLY MAINTAINED HIS SEAT BUT THE VERY ATTITUDE HE HAD ORIGINALLY TAKEN AGAINST THE SIDE OF THE LODGE
1502-122619-0062	4.955	62	528	AND APPARENTLY AS UNCONCERNED AS IF HE HAD NO INTEREST IN THE RESULT
1502-122619-0063	2.265	29	253	ESCAPED HIS VIGILANT EYES
1502-122619-0064	5.730	72	610	HE ANTICIPATED EVERY MEASURE ON WHICH THEY DECIDED AND IT MIGHT ALMOST BE SAID
1502-122619-0066	4.380	55	467	NOW KNEW THAT ALL HIS PROJECTS MUST BE BROUGHT TO THEIR FINAL ISSUE
1502-122619-0069	3.815	48	408	ITS NUMBER SOMEWHAT EXCEEDED A THOUSAND SOULS
1502-122619-0070	5.875	74	629	STANDING READY TO MOVE HIS AUDITORS TO SOME HASTY AND PERHAPS INJUDICIOUS DISCUSSION
1502-122619-0071	8.970	113	948	UNTIL SUCH A ONE CHOSE TO MAKE SOME MOVEMENT NO DEEDS IN ARMS NO NATURAL GIFTS NOR ANY RENOWN AS AN ORATOR
1502-122619-0076	8.460	106	895	THE ELASTIC LIGHT STEP OF AN INDIAN WAS GONE AND IN ITS PLACE HE WAS COMPELLED TO TOIL HIS TARDY WAY OVER THE GROUND
1502-122619-0077	8.830	111	932	HIS DARK WRINKLED COUNTENANCE WAS IN SINGULAR AND WILD CONTRAST WITH THE LONG WHITE LOCKS WHICH FLOATED ON HIS SHOULDERS
1502-122619-0081	5.450	69	588	HE ALSO WORE ARMLETS AND CINCTURES ABOVE THE ANKLES OF THE LATTER PRECIOUS METAL
1502-122619-0083	5.295	67	574	WHICH THE SUDDEN APPEARANCE OF THIS VENERATED INDIVIDUAL CREATED HAD A LITTLE SUBSIDED
1502-122619-0084	6.850	86	732	WAS WHISPERED FROM MOUTH TO MOUTH MAGUA HAD OFTEN HEARD THE FAME OF THIS WISE AND JUST DELAWARE
1502-122619-0086	4.635	58	498	THE HURON CHIEF THEREFORE STEPPED EAGERLY OUT A LITTLE FROM THE THRONG
1502-122619-0087	4.750	60	518	WHOSE DECISION WAS LIKELY TO PRODUCE SO DEEP AN INFLUENCE ON HIS OWN FORTUNES
1502-122619-0088	8.345	105	893	THE AMERICANS SOMETIMES CALLED THEIR TUTELAR SAINT TAMENAY A CORRUPTION OF THE NAME OF THE RENOWNED CHIEF HERE INTRODUCED
1502-122619-0089	8.840	111	941	THE EYES OF THE OLD MAN WERE CLOSED AS THOUGH THE ORGANS WERE WEARIED WITH HAVING SO LONG WITNESSED THE SELFISH WORKINGS OF THE HUMAN PASSIONS
1502-122619-0090	3.980	50	427	WITH THE DIGNITY OF A MONARCH AND THE AIR OF A FATHER
1502-122619-0091	8.170	103	864	WHO BELONGS RATHER TO ANOTHER WORLD THAN TO THIS WAS RECEIVED BY HIS PEOPLE AFTER A SUITABLE AND DECENT PAUSE
1502-122619-0094	5.950	75	640	THE CHIEFS DREW BACK AGAIN TO THEIR SEVERAL PLACES AND SILENCE REIGNED IN THE WHOLE ENCAMPMENT
1502-122619-0095	8.710	109	916	AROSE LEFT THE CROWD AND ENTERED THE LODGE WHICH HAS ALREADY BEEN NOTED AS THE OBJECT OF SO MUCH ATTENTION THROUGHOUT THAT MORNING
1553-140047-0011	3.745	47	404	AND CASTING ASIDE WITHOUT THOUGHT OR PANG THE PLUSH CHAIR
1553-140047-0028	9.495	119	998	THE SAME AS IT IS IN POETRY WOULD YOU RATHER SAY INFANT NO GRUMBLED EMMA JANE INFANT IS WORSE EVEN THAN BABE
1553-140047-0050	7.730	97	824	TO SHOW WHAT MY LEAVES WERE LIKE BEFORE I WAS A SCARLET MAPLE I THINK IT WOULD BE AWFUL HOMELY SAID EMMA JANE
1553-140047-0051	3.970	50	427	WITH A PINK SASH PINK STOCKINGS BRONZE SLIPPERS
1553-140048-0021	7.670	96	811	HOW MUCH HAS YOUR AUNT ON HAND NOW SUGGESTED THE VERY MODEST AND INEXPERIENCED AGENT AND HOW MUCH WOULD SHE NEED
1553-140048-0028	7.340	92	775	I SEE WELL THAT'S ALL RIGHT I'LL TAKE THREE HUNDRED CAKES AND THAT WILL GIVE THEM SHADE AND ALL
1553-140048-0031	4.995	63	539	BUT IT DOESN'T SEEM RIGHT FOR YOU TO BUY SO MUCH ARE YOU SURE YOU CAN AFFORD IT
1553-140048-0035	3.475	44	381	AT THE MAN'S NOD OF ASSENT REBECCA SPED DOWN THE LANE
1578-6379-0000	8.110	102	856	THE THIRD MAN FROM THE END OH PATTY DID YOU BRING US SOME WEDDING CAKE DID YOU HAVE ANY ADVENTURES
1578-6379-0010	9.180	115	985	STUDYING THE SUIT CASE PROPPED ON A CHAIR BEFORE THEM WELL THEY INQUIRED IN A BREATH SHE SAYS SHE'S GLAD TO SEE ME BACK AND HOPES I DIDN'T EAT TOO MUCH WEDDING CAKE
1578-6379-0012	4.850	61	523	TRULY AND HONEST PATTY TURNED IT OVER AND POINTED TO THE INITIALS ON THE END
1578-6379-0013	4.040	51	436	IS IT LOCKED YES PATTY NODDED BUT MY KEY WILL OPEN IT
1578-6379-0014	5.890	74	625	AND THINGS WHERE'D YOU GET IT WELL SAID PATTY LANGUIDLY IT'S A LONG STORY
1578-6379-0015	4.740	60	510	I THINK YOU'RE BEASTLY WELL THE GLEE CLUB WAS LAST THURSDAY NIGHT
1578-6379-0025	3.895	49	430	HE WAS TRYING TO OBEY LOUISE AND AMUSE LITTLE COUSIN BUT HE WAS THINKING ALL THE TIME
1578-6379-0029	2.915	37	326	HE TELEPHONED TO THE STATION BUT THEY DIDN'T KNOW ANYTHING ABOUT IT
1578-6379-0038	6.695	84	718	EVERYONE WHO PASSED NUMBER SEVEN DROPPED IN TO HEAR THE NEWS EACH IN TURN RECEIVED THE STORY OF THE SUIT CASE AND EACH IN TURN
1578-6379-0042	4.225	53	454	SIGHED MAE MERTELLE WHY NOT BRISTLED PATTY YOU'RE SO
1578-6379-0043	2.915	37	322	YOUNG WAIT TILL YOU SEE ME WITH MY HAIR DONE UP
1578-140045-0011	9.025	113	957	SHE WAS OBLIGED TO CONFESS SHE HAD WRITTEN NOTHING YOU HAVE AT LEAST TWO LINES REBECCA INSISTED THE TEACHER FOR I SEE THEM ON YOUR SLATE
1578-140045-0020	4.750	60	513	YES I DON'T LIKE A COW IN A COMPOSITION SAID THE DIFFICULT MISS DEARBORN
1578-140045-0024	7.460	94	806	WE COULDN'T KEEP FROM LAUGHING AFTER WE CAME OUT OF THE TENT BECAUSE THEY WERE ACTING ON SUCH A SMALL PLATFORM THAT ELIZA HAD TO RUN ROUND AND ROUND
1578-140045-0025	8.210	103	881	AND PART OF THE TIME SHE HAD TO PURSUE THE DOG I KNEW LIVING WOULD REMEMBER TOO SO I TOOK OFF MY WATERPROOF AND WRAPPED IT ROUND MY BOOKS FOR A BABY
1578-140049-0002	4.420	56	483	CAN'T YOU SET STILL FOR ONCE AND LISTEN TO THE IMPROVIN CONVERSATION OF YOUR ELDERS
1578-140049-0007	2.920	37	320	ONE OF THEM MUST HAVE SAID MISS ELLEN BURNHAM
1578-140049-0021	5.315	67	579	MISSUS SIMPSON HAD LET THE KITCHEN FIRE DIE OUT AND HAD BROUGHT THE BABY TO GRACE THE FESTAL SCENE
1578-140049-0025	7.610	96	817	MURMURED SUSAN SAGACIOUSLY AT THE APPOINTED HOUR REBECCA DRAGGED HERSELF RELUCTANTLY AWAY FROM THE ENCHANTING SCENE
1578-140049-0026	8.965	113	960	AND OH I'M SO GLAD YOU BOTH LIVE WHERE YOU CAN SEE IT SHINE FROM OUR WINDOWS I WONDER HOW LONG IT WILL BURN WITHOUT BEIN FILLED IF I ONLY KEEP IT LIT ONE HOUR EVERY NIGHT
1594-135914-0005	7.650	96	818	AT LENGTH THEY CAME TO ALEPPO BUT WOULD NOT STAY THERE AND CONTINUING THEIR JOURNEY TOWARDS THE EUPHRATES CROSSED THE RIVER
1594-135914-0006	7.305	92	782	THENCE NOTWITHSTANDING ALL THEY HAD ENDURED THEY PROCEEDED TO BAGDAD THAT WAS THE PLACE THEY HAD FIXED THEIR THOUGHTS UPON
1594-135914-0009	7.165	90	767	THE UNCERTAINTY OF WHOSE FATE WAS A KILLING AFFLICTION THERE WAS SCARCELY A MOMENT IN WHICH SHE DID NOT LAMENT HIM
1594-135914-0018	9.195	115	974	I HOPE YOU WILL NEVER MORE RETURN TO THIS MELANCHOLY ABODE THE COMMANDER OF THE FAITHFUL WISHES TO SPEAK WITH YOU AND I DRAW FROM THIS A HAPPY OMEN
1594-135914-0019	5.920	74	625	SHE PROSTRATED HERSELF BEFORE HIM AND SO CONTINUED HER FACE BATHED IN TEARS
1594-135914-0021	6.025	76	642	YOU KNOW THE NATURAL GOODNESS OF MY DISPOSITION AND THAT I LOVE TO DO JUSTICE BY THESE WORDS
1594-135914-0030	6.790	85	716	THAT WHICH BELONGS TO THE MASTER IS FORBIDDEN TO THE SLAVE THIS INGENUOUS CONFESSION
1594-135914-0031	6.420	81	690	AND ENLARGING ON THE OBLIGATIONS SHE OWED TO GANEM BUT ABOVE ALL SHE HIGHLY EXTOLLED HIS DISCRETION
1594-135914-0032	1.730	22	196	WHEN SHE HAD DONE SPEAKING
1594-135914-0035	6.630	83	706	WAS A LONG TIME BEFORE HE COULD FIND AN OPPORTUNITY OF PUTTING IT INTO HER OWN HANDS IT IS ENOUGH FETNAH
1594-135914-0039	2.460	31	270	I GIVE HIM TO YOU FOR A HUSBAND
1594-135914-0040	4.760	60	518	SHE THEN WITHDREW INTO THE APARTMENT SHE HAD OCCUPIED BEFORE HER MELANCHOLY ADVENTURE
1594-135914-0041	7.135	90	769	SHE SPEND THE WHOLE DAY AND THE THOUSAND PIECES OF GOLD IN GIVING ALMS AT THE MOSQUES AND RETURNED TO THE PALACE IN THE EVENING
1594-135914-0046	2.220	28	245	AND WILL BE PLEASED TO STEP TO MY HOUSE
1594-135914-0048	4.460	56	480	WHILST SHE HERSELF LED THEM TO OUR WARM BATH AND GAVE THEM CLEAN LINEN
1594-135914-0051	4.895	62	530	ON HER COMING INTO THE CHAMBER THE SYNDIC'S WIFE PROSTRATED HERSELF BEFORE HER
1594-135914-0052	3.555	45	387	FETNAH RAISED HER UP AND SAID MY GOOD LADY
1594-135914-0053	5.010	63	541	MADAM ANSWERED THE SYNDIC'S WIFE THEY LIE IN THOSE BEDS YOU SEE BY EACH OTHER
1594-135914-0055	4.575	58	501	THAT FETNAH AND THE SYNDIC'S WIFE COULD NOT FORBEAR LETTING FALL SOME TEARS
1594-135914-0058	6.195	78	667	BUT SUPPRESSING HER AGITATION AND CONCERN SHE SUFFERED GANEM'S MOTHER TO PROCEED IN THE FOLLOWING MANNER
1594-135914-0059	6.715	84	716	I HAD A SON CALLED GANEM WHO COMING TO TRADE AT BAGDAD HAS BEEN ACCUSED OF CARRYING OFF FETNAH
1594-135914-0060	7.310	92	772	AND THEN TO BANISH US OUT OF SYRIA FOR EVER BUT HOW UNWORTHY SOEVER OUR USAGE HAS BEEN
1594-135914-0066	6.615	83	705	FETNAH HELD HER LONG IN HER ARMS AND ONLY LEFT HER TO EMBRACE THE DAUGHTER WHO SITTING UP
1594-135914-0078	8.790	110	926	IT IS NOT YOU THAT I ADDRESS MY IMAGINATION BEING OVERCHARGED WITH YOUR IMAGE HAS GIVEN TO A STRANGER A DECEITFUL RESEMBLANCE
1594-135914-0079	7.550	95	804	HOWEVER INDISPOSED WOULD KNOW THE VOICE OF FETNAH AT THE NAME OF FETNAH GANEM FOR IT WAS REALLY HE
1594-135914-0086	2.835	36	310	EXHAUSTED BY HARD LIVING AND TOIL
1594-135914-0088	4.875	61	523	FETNAH THEN SAID LET US BLESS HEAVEN FOR HAVING BROUGHT US ALL TOGETHER
1594-135914-0089	9.300	117	991	AND TOMORROW MORNING I WILL RETURN TO YOU THIS SAID SHE EMBRACED THE MOTHER AND THE DAUGHTER AND WENT AWAY AS SOON AS SHE CAME TO THE PALACE
1594-135914-0091	8.985	113	945	COMMANDER OF THE TRUE BELIEVERS SAID SHE I HAVE BEEN SO SUCCESSFUL THAT I HAVE FOUND HIM AND ALSO HIS MOTHER AND SISTER
1594-135914-0100	4.495	57	489	YOU HAVE AGAIN FOUND YOUR FETNAH WHOM YOU THOUGHT YOU HAD LOST FOR EVER
1594-135914-0101	3.160	40	343	WHAT MIRACLE HAS RESTORED YOU TO MY SIGHT
1594-135914-0103	4.240	53	455	BEAUTIFUL FETNAH MAY I GIVE CREDIT TO WHAT YOU TELL ME
1594-135914-0104	3.100	39	336	NOTHING IS MORE CERTAIN ANSWERED THE LADY
1594-135914-0106	4.880	61	515	AND THERE IS NO QUESTION BUT THAT HE WILL LOAD YOUR FAMILY WITH FAVOURS
1594-135914-0111	9.100	114	974	THAT SOME CHARITABLE PEASANTS HAD TAKEN CARE OF HIM BUT FINDING HE DID NOT RECOVER A CAMEL DRIVER HAD UNDERTAKEN TO CARRY HIM TO THE HOSPITAL AT BAGDAD
1594-135914-0113	2.530	32	280	AS SOON AS GANEM HAS RECOVERED HIS HEALTH
1594-135914-0118	6.175	78	662	GANEM RETURNED NO OTHER ANSWER TO THE VIZIER'S COMPLIMENT THAN BY PROFOUNDLY BOWING HIS HEAD
1594-135914-0121	8.595	108	916	I AM GLAD TO SEE YOU AND DESIRE TO HEAR FROM YOUR OWN MOUTH WHERE YOU FOUND MY FAVOURITE AND ALL THAT YOU HAVE DONE FOR HER GANEM OBEYED
1624-142933-0000	3.070	39	338	PETER SEES ROSEBREAST AND FINDS REDCOAT
1624-142933-0032	8.350	105	886	WHAT KIND OF AN ACCIDENT WAS IT REDCOAT AND HOW DID IT HAPPEN HE ASKED BROADWING THE HAWK TRIED TO CATCH ME
1624-142933-0034	6.300	79	667	THE WING WAS BLEEDING A LITTLE OH DEAR WHATEVER SHALL I DO PETER RABBIT
1624-142933-0038	5.345	67	570	THEN PETER SCAMPERED OFF FOR A SHORT DISTANCE AND SAT UP TO WATCH WHAT WOULD HAPPEN
1624-142933-0041	6.270	79	676	SAID FARMER BROWN'S BOY SOFTLY AS HE SAW THE CRUEL TWIG STICKING THROUGH REDCOATS SHOULDER
1624-142933-0046	2.115	27	235	FROM TREE TO TREE HE FLEW
1624-168623-0011	5.230	66	558	HE DECLARED THAT HE HAD A SYSTEM IN ADDITION HE WAS A GREAT SWINDLER
1624-168623-0019	3.780	48	408	THIS CAMPAIGN ENDED AND HAVING AS HE SAID
1624-168623-0033	5.670	71	599	EXPOSING THE CROWN ALTHOUGH THEIR CONCORD HAD ONLY EVIL AS ITS RESULT
1624-168623-0037	3.565	45	388	A THEATRE WORTHY OF THIS GREAT TALENT WAS LACKING
1624-168623-0043	6.945	87	741	HE HAD PROFESSIONAL APHORISMS WHICH HE INSERTED INTO HIS WIFE'S MIND THE DUTY OF THE INN KEEPER
1624-168623-0053	4.060	51	428	AT THE VERY DAWN OF LIFE VERY SMALL
1723-141149-0008	8.235	103	876	I COULD NOT HAVE BELIEVED HOW WIDE WAS THE DIFFERENCE BETWEEN SAVAGE AND CIVILIZED MAN IT IS GREATER THAN BETWEEN A WILD AND DOMESTICATED ANIMAL
1723-141149-0030	6.780	85	729	OF A MAN BEING SEA SICK WAS TOO LUDICROUS AND HE WAS GENERALLY OBLIGED TO TURN ON ONE SIDE TO HIDE A SMILE OR LAUGH
1723-141149-0031	6.475	81	691	POOR POOR FELLOW HE WAS OF A PATRIOTIC DISPOSITION AND HE LIKED TO PRAISE HIS OWN TRIBE AND COUNTRY
1723-141149-0043	8.265	104	888	WE THOUGHT THAT THEY MISTOOK TWO OR THREE OF THE OFFICERS WHO WERE RATHER SHORTER AND FAIRER THOUGH ADORNED WITH LARGE BEARDS FOR THE LADIES OF OUR PARTY
1723-141149-0046	7.580	95	803	THE MOUNTAIN SIDES EXCEPT ON THE EXPOSED WESTERN COAST ARE COVERED FROM THE WATER'S EDGE UPWARDS BY ONE GREAT FOREST
1723-141149-0055	5.350	67	574	IT HAS A SOMBRE DULL APPEARANCE NOR IS IT OFTEN ENLIVENED BY THE RAYS OF THE SUN
1723-141149-0059	7.030	88	757	THEY WERE AS THICK TOGETHER AS BOX IN THE BORDER OF A GARDEN AND WE WERE OBLIGED TO STRUGGLE OVER THE FLAT BUT TREACHEROUS SURFACE
1723-141149-0069	5.620	71	605	WAS EVERY NOW AND THEN A PUFF FROM THE MOUNTAINS WHICH MADE THE SHIP SURGE AT HER ANCHORS
1723-141149-0076	7.565	95	811	YET EVERY DAY SNOW FELL ON THE HILLS AND IN THE VALLEYS THERE WAS RAIN ACCOMPANIED BY SLEET THE THERMOMETER GENERALLY STOOD
1723-141149-0077	2.730	35	306	FROM THE DAMP AND BOISTEROUS STATE OF THE ATMOSPHERE
1723-141149-0088	6.975	88	754	AS SOON AS THE BLUBBER WAS BROUGHT INTO A WIGWAM AN OLD MAN CUT OFF THIN SLICES AND MUTTERING OVER THEM BROILED THEM FOR A MINUTE
1723-141149-0097	5.075	64	548	THE NEAREST APPROACH TO A RELIGIOUS FEELING WHICH I HEARD OF WAS SHOWN BY YORK MINSTER
1723-141149-0101	8.335	105	891	HAS ALWAYS APPEARED TO ME MOST MYSTERIOUS FROM WHAT YORK SAID WHEN WE FOUND THE PLACE LIKE THE FORM OF A HARE WHERE A SINGLE MAN HAD SLEPT THE NIGHT BEFORE
1723-141149-0111	7.175	90	766	THEREFORE WE MUST SUPPOSE THAT THEY ENJOY A SUFFICIENT SHARE OF HAPPINESS OF WHATEVER KIND IT MAY BE TO RENDER LIFE WORTH HAVING
1737-142396-0005	7.580	95	812	EVEN AS THEIR MOVEMENTS WERE CONFINED AND SLOW AND THEIR HABITS STEREOTYPED AND SENSELESS TO ANYTHING BUT APPEARANCES THEY WERE BLIND
1737-142396-0009	8.555	107	917	HE NEITHER LAUGHED NOR SNEERED AS THE OLYMPIANS WOULD HAVE DONE BUT POSSESSED OF A SERIOUS IDIOSYNCRASY HE WOULD CONTRIBUTE SUCH LOTS OF VALUABLE SUGGESTION
1737-142396-0013	9.120	114	967	SILENTLY SUBMITTING AS WAS OUR WONT WITH MORE CONTEMPT THAN ANGER ANON WITH UNCTUOUS HAIR AND FACES STIFFENED IN A CONVENTIONAL GRIN
1737-142396-0014	3.720	47	402	HOW COULD REASONABLE PEOPLE SPEND THEIR PRECIOUS TIME SO
1737-142396-0018	7.690	97	827	THAN THE KINDLY BEASTS WHO SHARED OUR NATURAL EXISTENCE IN THE SUN THE ESTRANGEMENT WAS FORTIFIED BY AN ABIDING SENSE OF INJUSTICE
1737-142396-0023	5.755	72	613	A SADDENING DOUBT A DULL SUSPICION CREEPS OVER ME ET IN ARCADIA EGO
1737-142397-0006	6.115	77	661	ALWAYS STUCK STAUNCHLY TO A NEW FAD TILL HE HAD WORN IT QUITE OUT JUST AT PRESENT HE WAS A MUFFIN MAN
1737-142397-0007	3.375	43	371	AND OFFERING PHANTOM MUFFINS TO INVISIBLE WAYFARERS
1737-142397-0009	6.220	78	665	ONLY YOU MUSTN'T SAY I TOLD YOU COS IT'S TO BE A SURPRISE ALL RIGHT I SAID MAGNANIMOUSLY
1737-142397-0011	3.965	50	431	AND THE AGE OF ACORNS HAVE DISPLACED OUR HARD WON CIVILISATION
1737-142397-0012	6.680	84	699	DO SHOUTED EDWARD VALIANTLY I SHOULD I SHOULD I SHOULD
1737-142397-0014	2.200	28	250	AND I'LL RUN ON TO THAT CORNER AND BE A LION
1737-142397-0017	2.305	29	253	INTO THE VACANT MEADOW SPACES
1737-142397-0022	9.190	115	980	RECOGNISED AND ACCEPTED IT WITHOUT A FLICKER OF DISSENT ALL THE TIME THE HEARTY WIND WAS CALLING TO ME COMPANIONABLY FROM WHERE HE SWUNG AND BELLOWED IN THE TREE TOPS
1737-142397-0027	4.920	62	531	WITH SALIENT INTERESTS AND ACTIVE PURSUITS BECKONING THEM ON FROM EVERY SIDE COULD THUS
1737-142397-0030	6.065	76	660	BILL'S COVETED BOOTY TOO I COULD EASILY GUESS AT THAT IT CAME FROM THE VICAR'S STORE OF BISCUITS KEPT AS I KNEW
1737-142397-0031	6.420	81	687	THEN I PASSED ON MY WAY I PROTEST I WAS NOT ON BILL'S SIDE BUT THEN NEITHER WAS I ON THE VICAR'S
1737-142397-0042	8.940	112	956	BY THE BACK DOOR HE HAD RENDERED UP HIS DUCKWEED BEDABBLED PERSON INTO THE HANDS OF AN AUNT AND HAD BEEN PROMPTLY SENT OFF TO BED AND THIS ON A HOLIDAY WAS VERY MUCH
1737-146161-0006	8.675	109	904	MAKE ONE KNIT TWO TOGETHER KNIT THREE MAKE ONE KNIT ONE MAKE ONE KNIT THREE
1737-146161-0007	2.030	26	227	KNIT TWO TOGETHER TWICE
1737-146161-0009	2.175	28	243	KNIT TWO TOGETHER TWICE
1737-146161-0010	4.275	54	454	MAKE ONE KNIT ONE KNIT TWO TOGETHER
1737-146161-0011	8.335	105	871	KNIT TWO TOGETHER KNIT ONE MAKE ONE KNIT FIVE MAKE ONE KNIT ONE
1737-146161-0013	3.985	50	423	KNIT SEVEN MAKE ONE KNIT TWO TOGETHER
1737-146161-0014	6.570	83	695	KNIT TWO TOGETHER MAKE ONE KNIT SEVEN MAKE ONE KNIT TWO TOGETHER
1737-146161-0017	7.410	93	779	TWENTIETH ROW SEAMED MAKE ONE AT THE BEGINNING TWENTY FIRST ROW SAME AS ELEVENTH
1737-148989-0000	2.820	36	306	CHAPTER FIFTEEN WAITING
1737-148989-0005	6.860	86	736	EVEN WHEN HOPE WAXED FAINT AND HER HEART WAS HEAVY IF ANYTHING COULD COMFORT THE BHAERS FOR THE LOSS OF ONE BOY
1737-148989-0011	4.080	51	442	AND MISSUS MEG WAS GETTING ANXIOUS WHEN MISS CAMERON SENT JOSIE A KIND NOTE
1737-148989-0012	3.925	50	427	AND BE LIKE THE SELF SACRIFICING HEROINES SHE LOVED TO ACT
1737-148989-0037	8.255	104	882	THANKS TO THE FAITHFUL FRIEND WHO HAD STOOD BY HIM ALL THAT BITTER YEAR SOON HE WAS TO BE FREE AGAIN WORN AND SCARRED IN THE FRAY
1743-142912-0002	8.150	102	857	THE REST OF US ALWAYS FEEL SAFE WHEN HE IS ABOUT OF COURSE I KNOW HIM DECLARED PETER HIS FACE CLEARING WHERE IS HE NOW
1743-142912-0004	7.520	94	804	OF COURSE PETER COULDN'T BE LEFT OUT OF ANYTHING LIKE THAT AND HE SCAMPERED FOR THE SCENE OF TROUBLE AS FAST AS HIS LEGS COULD TAKE HIM
1743-142912-0015	2.365	30	265	THERE WOULDN'T BE ANY HONEY IF I DID
1743-142912-0021	5.785	73	622	TURNING AWAY TOWARD THE GREEN MEADOWS INSTEAD PETER DIDN'T WAIT FOR SCRAPPER TO RETURN
1743-142912-0023	6.200	78	660	EVERY WAY BUT THE RIGHT WAY LOOK UP OVER YOUR HEAD CRIED THE VOICE RATHER A HARSH VOICE
1743-142912-0036	8.710	109	932	HE FLEW AWAY BEFORE I COULD ASK HIM WHY HE WANTS THEM AND SO I CAME TO YOU BECAUSE I KNOW YOU KNOW EVERYTHING ESPECIALLY EVERYTHING CONCERNING YOUR NEIGHBORS
1743-142913-0002	8.725	110	933	HE USUALLY IS ONE OF THE LAST OF THE FLYCATCHER FAMILY TO ARRIVE I DIDN'T EXPECT TO FIND HIM YET I WONDER WHAT HAS BROUGHT HIM UP SO EARLY
1743-142913-0008	9.280	116	982	THAT IS SOMETHING I DON'T OFTEN DO IF YOU PLEASE PETER INQUIRED POLITELY WHY DO FOLKS CALL YOU WOOD PEWEE PEWEE CHUCKLED HAPPILY
1743-142913-0011	9.375	118	999	THAT THEY MUST BE VERY USEFUL LITTLE PEOPLE IN HELPING OLD MOTHER NATURE TAKE CARE OF HER TREES AND OTHER GROWING THINGS WHICH INSECTS SO DEARLY LOVE TO DESTROY
1743-142913-0022	9.440	118	999	THE OLDER IT IS THE BETTER IT SUITS ME BUT THE WOODPECKERS SEEM TO LIKE NEW HOUSES BEST WHICH AS I SAID BEFORE IS A VERY GOOD THING FOR THE REST OF US
1743-142914-0005	7.420	93	789	HE HAD JUST A GLIMPSE OF A BROWN FORM DISAPPEARING OVER THE TOPS OF SOME TALL BUSHES THEN PETER CHUCKLED
1743-142914-0007	7.290	92	781	I DIDN'T MEAN TO SCARE HIM APOLOGIZED PETER I REALLY DIDN'T MEAN TO DO YOU THINK HE WAS REALLY VERY MUCH SCARED
1743-142914-0016	8.805	111	937	FOR THE FIRST TIME PETER NOTICED THAT THERE WERE MANY SUCH LITTLE ROUND HOLES ALL ABOUT DID YOU MAKE ALL THOSE LITTLE ROUND HOLES EXCLAIMED PETER
1743-142914-0017	6.885	87	737	AND WAS THERE A WORM IN EVERY ONE ASKED PETER HIS EYES VERY WIDE WITH INTEREST LONGBILL NODDED
1743-142914-0019	7.365	93	795	WHILE THESE WORMS WERE SO DEEP IN THE EARTH THAT PETER COULDN'T UNDERSTAND HOW IT WAS POSSIBLE FOR ANY ONE TO KNOW THAT THEY WERE THERE
1743-142914-0020	6.725	85	721	AND HOW IS IT POSSIBLE FOR YOU TO OPEN YOUR BILL DOWN THERE TO TAKE HIM IN ASKED PETER LONGBILL CHUCKLED
1743-142914-0028	5.620	71	607	IT WAS TEETER THE SPOTTED SANDPIPER AN OLD FRIEND OF PETER'S PETER GREETED HIM JOYOUSLY
1743-142914-0033	5.305	67	580	IT SUDDENLY STRUCK PETER THAT IF HE HADN'T SEEN HER DO IT HE WOULDN'T HAVE KNOWN SHE WAS THERE
1841-150351-0006	6.590	83	705	THEY DID NOT CULTIVATE THE SOIL NOR DID THEY HUNT A GREAT DEAL ALTHOUGH THE COUNTRY ABOUNDED WITH GAME
1841-150351-0009	7.535	95	801	AND THESE SPOTS ARE NOW INDICATED BY HEAPS OF SHELLS IN SOME PLACES FORMING MOUNDS OF CONSIDERABLE SIZE
1841-150351-0019	3.120	39	335	AND LEAVING IT THERE WHILE THE HEAD IS GROWING
1841-150351-0022	8.340	105	888	LARGE POSTS ARE SET IN THE GROUND AT THE CORNERS AND ENDS OF THE BUILDING CROSS LOGS ARE THEN PLACED UPON THE MIDDLE POSTS
1841-150351-0032	7.555	95	805	BUT IT HAS PROBABLY BEEN SEVERAL THOUSAND YEARS SOME OF THE MAIN GROUPS HAVE UNDOUBTEDLY BEEN HERE LONGER THAN OTHERS
1841-159771-0007	8.870	111	941	I BELIEVE IT IS GETTING NEARER TOO NOW MASTER MEADOW MOUSE HAD A TUNNEL THAT LED RIGHT BENEATH THE TREE WHERE THE TWO COUSINS WERE SITTING
1841-159771-0016	6.185	78	666	UNFORTUNATELY ALL THE PROMISES IN THE WORLD WOULDN'T GIVE HIM A SQUARE MEAL WHEN HE NEEDED ONE
1841-159771-0028	8.320	104	879	I OUGHT TO HAVE PUT WIRE NETTING AROUND THOSE YOUNG TREES HE TOLD THE HIRED MAN THIS IS WHAT COMES OF A HARD WINTER
1841-159771-0032	9.435	118	1003	JUST BECAUSE THERE WAS SKATING FOR JOHNNIE GREEN ON TOP OF THE BROOK IT MUSTN'T BE SUPPOSED THAT MASTER MEADOW MOUSE WASN'T GOING TO HAVE A SWIM WHEN HE WANTED ONE
1841-159771-0033	8.815	111	938	WHEN PETER MINK WANDERED ALONG A STREAM IN WINTER HE PREFERRED TO TRAVEL UNDER THE ICE RATHER THAN WALK UPON THE UPPER SIDE OF IT
1841-179183-0009	4.315	54	460	BUT WITHOUT COLOUR AND SOUND IT BREATHES AND THROBS WITH LIFE
1841-179183-0027	7.555	95	799	THEORIES AND WITH THEM IT CONSTRUCTS THE HOUSE THE PROCESS REMINDS ME OF THE BUILDING OF SOLOMON'S TEMPLE
1841-179183-0034	9.160	115	977	WHEN I TOUCH WHAT THERE IS OF THE WINGED VICTORY IT REMINDS ME AT FIRST OF A HEADLESS LIMBLESS DREAM THAT FLIES TOWARDS ME IN AN UNRESTFUL SLEEP
1867-148436-0003	2.860	36	312	I S'POSE YOU'RE HERE ASKIN AFTER BARD
1867-148436-0004	5.425	68	576	BARD WHO'S HE LOGAN CONSIDERED THE OTHER WITH A SARDONIC SMILE
1867-148436-0010	4.490	57	483	WHAT YOU SAY CUTS BOTH WAYS STEVE THIS FELLER BARD
1867-148436-0012	3.535	45	388	HIS EASTERN COURSE NASH PURSUED FOR A MILE OR MORE
1867-148436-0015	7.650	96	807	FEED HIM GRAIN NO YOU WON'T PUT HIM UP I'LL TEND TO THAT LOOKS LIKE A BAD UN THAT'S IT
1867-148436-0022	6.990	88	746	NASH SIPPED HIS COFFEE AND WAITED ON THE MOUNTAIN DESERT ONE DOES NOT DRAW OUT A NARRATOR WITH QUESTIONS
1867-148436-0024	2.945	37	320	PA MEETS HIM AT THE DOOR AND ASKS HIM IN
1867-148436-0026	2.435	31	269	THE BRUTE HAS GONE LAME YOU SEE
1867-148436-0029	2.925	37	319	HE DIDN'T EVEN NEED AN EXCUSE YOU SEE
1867-148436-0031	4.120	52	447	WHEN HE SEEN THAT HE WAS ALL LAID OUT TO MAKE A TRIP BY HIMSELF
1867-148436-0033	7.930	100	841	AN HE ALWAYS USED TO WIN OUT IN FACT HE WAS KNOWN FOR IT ALL AROUND THESE PARTS HE BEGUN NICE AND EASY
1867-148436-0035	4.130	52	446	AND TAME DOWN THE BRUISES AFTER JO LAID EM COLD ON THE GROUND
1867-148436-0036	4.655	59	504	WELL THIS TENDERFOOT HE LOOKS OVER THE HOSS IN THE CORRAL AND SAYS
1867-148436-0039	9.020	113	954	BUT HE DIDN'T SEE NONE THEN THE CIRCUS STARTED AN B'LIEVE ME IT WAS SOME CIRCUS JO HADN'T HAD MUCH ACTION FOR SOME TIME
1867-148436-0040	2.270	29	256	THINKIN UP NEW WAYS OF RAISIN HELL
1867-148436-0043	7.715	97	820	AND STARTED OFF AT A GALLOP THE WAY THE TENDERFOOT WANTED HIM TO GO WHICH WAS OVER THERE DAMN MY EYES SAYS PA
1867-154071-0000	3.820	48	402	CHAPTER EIGHT TWO APPARITIONS
1867-154071-0002	2.115	27	236	HERE THEY TOOK UP THE VIGIL
1867-154071-0003	7.910	99	839	BILL GREGG SHOOK HIS HEAD THAT'S NOT THE ONE SHE'S ALL DIFFERENT A PILE DIFFERENT RONICKY RONICKY SIGHED
1867-154071-0004	4.145	52	444	GO ON BACK TO SLEEP I'LL CALL YOU AGAIN IF ANYTHING HAPPENS
1867-154071-0005	3.805	48	414	GHOST HOURS OF THE EARLY MORNING THEY DID NOT RELAX THEIR VIGIL
1867-154071-0006	8.920	112	945	APPARENTLY THE PLACE WAS A HARMLESS ROOMING HOUSE OF FAIRLY GOOD QUALITY NOT A SIGN OF CAROLINE SMITH APPEARED EVEN DURING THE SECOND DAY
1867-154071-0009	9.485	119	1007	IT'S JUST ABOUT OUR LAST CHANCE BILL WE'VE DONE OUR HUNTING PRETTY NEAR AS WELL AS WE COULD IF WE DON'T LAND HER THIS TRIP I'M ABOUT READY TO GIVE UP
1867-154071-0016	6.360	80	679	SHE WORE A BLACK STRAW HAT TURNED BACK FROM HER FACE WITH A SINGLE BIG RED FLOWER AT THE SIDE OF IT
1867-154071-0018	5.270	66	561	HE WENT A LONG SLOW STEP CLOSER TO HER WITH BOTH HIS HANDS OUTSTRETCHED
1867-154071-0019	5.725	72	610	RONICKY DOONE FOLLOWED THAT GLANCE AND HE SAW ALL HIDDEN SAVE THE PROFILE OF THE FACE
1867-154071-0022	2.310	29	253	THE GIRL HESITATED A MOMENT
1867-154071-0032	5.095	64	547	SAID GREGG HUSKILY AIN'T THERE THAT'S WHERE YOU AND ME DON'T AGREE
1867-154071-0033	7.000	88	745	LOOK AT THE WAY THINGS HAVE GONE YOU START OUT WITH A PHOTOGRAPH OF A GIRL NOW YOU'VE FOLLOWED HER FOUND HER NAME
1867-154071-0034	3.925	50	425	AIN'T THAT SOMETHING DONE AFTER YOU'VE DONE ALL THAT
1867-154071-0035	4.835	61	517	NOT YOU BILL YOU'RE GOING TO BUCK UP AND GO AHEAD FULL STEAM
1867-154071-0036	2.310	29	252	BILL GREGG SMILED SOURLY
1867-154071-0040	2.695	34	295	HE'S THE ONE WHO'S KEPT HER IN THAT HOUSE
1867-154071-0042	8.660	109	923	SHE LOOKED LIKE SHE'D RUN AFTER YOU AND TRY TO EXPLAIN BUT THE FEAR OF THAT FELLOW UP IN THE WINDOW WAS TOO MUCH FOR HER AND SHE DIDN'T DARE BILL
1867-154071-0044	4.245	54	466	SHAKE SAID RONICKY DOONE THAT'S THE SORT OF TALK I WANTED TO HEAR
1867-154075-0003	6.610	83	700	AND WHERE DID IT LEAD RIGHT TO THIS ROOM RONICKY STEPPED FROM AMONG THE SMOOTH SILKS
1867-154075-0005	4.270	54	458	THAT'S A LIKELY STORY I CAN SHOW YOU THE TRACKS
1867-154075-0014	2.210	28	243	YOU SHOW HIM THAT IT IS POSSIBLE
1867-154075-0019	4.070	51	431	HE KNEW EVERY LINE IN THAT SHARP PROFILE THANK YOU
1867-154075-0035	7.525	95	801	THIS CAROLINE SMITH MAY BE A PERSON OF GREAT VALUE TO ME I HAVE NO DOUBT SHE IS BUT I GOT A GOOD ARGUMENT
1867-154075-0044	2.830	36	308	SIT DOWN LEAVE THE ROOM ANYTHING
1898-145702-0007	8.525	107	904	THEY WENT INTO A FIELD SAT DOWN AND THE TWO PULLED LONG FACES AN OLD WOMAN PASSED BY AND ASKED THEM WHY THEY WERE SO SAD
1898-145702-0008	2.900	37	316	ONLY CONFIDE YOUR TROUBLE IN ME
1898-145702-0012	9.090	114	966	SHE ASKED HIM HOW HE CAME AND WHAT WAS HIS BUSINESS THERE HE TOLD HER ALL THAT HAPPENED AND BECAUSE SHE WAS PLEASED WITH HIM SHE TOOK COMPASSION ON HIM
1898-145702-0017	2.210	28	242	THEN SAID THE FIRST SOLDIER
1898-145702-0018	6.240	78	650	THE DRAGON MADE A FACE AND GROWLED AGAIN THREE TIMES HUM
1898-145702-0019	5.725	72	612	DO YOU KNOW WHAT YOUR WINEGLASS SHALL BE AN OLD HORSE'S HOOF SHALL BE OUR WINEGLASS
1898-145715-0002	4.770	60	509	SHE WAS SO OLD THAT SHE ONLY HAD ONE EYE AND ONE TOOTH LEFT
1898-145715-0004	7.190	90	767	SHE FELT A LITTLE REASSURED AND WAS FURTHER CHEERED WHEN SHE DISCOVERED THAT HER PET CAT AND DOG HAD FOLLOWED HER
1898-145715-0016	9.330	117	984	AND EATING ANY YOUNG GIRLS OUR HEROINE OBEYED WITH GREAT SWEETNESS AND WITHOUT HAVING BEEN ABLE TO TAKE LEAVE OF HER LOVER
1898-145715-0019	3.435	43	372	SHE READILY LET FAIRER THAN A FAIRY HAVE THE FIRE
1898-145715-0030	7.860	99	845	AND ARRIVED JUST AS FAIRER THAN A FAIRY HAD FALLEN FAST ASLEEP THIS TIME SHE MADE SURE OF CATCHING HER VICTIM BUT THE CAT SPIED HER OUT
1898-145715-0031	7.275	91	774	SHE FLEW AT LAGREE'S FACE AND TORE OUT HER ONLY EYE THUS DELIVERING THE PRINCESS FOR EVER FROM HER PERSECUTOR
1898-145715-0035	3.445	44	378	HERE AGAIN SHE RECEIVED A PRESENT WITH THE SAME INJUNCTIONS
1898-145715-0043	3.240	41	353	WHO NOW SAW HIM FOR THE FIRST TIME IN HIS REAL SHAPE
1898-145715-0046	7.365	93	788	AT THE SAME MOMENT THE WALLS OF THE ROOM EXPANDED AND OPENED OUT REVEALING A GOLDEN THRONE COVERED WITH JEWELS
1898-145715-0049	3.590	45	386	HE WAS JUST ABOUT TO PRESENT HER TO HIS MOTHER AND THE COURT
1898-145720-0000	4.180	53	451	FAR AWAY IN NORTH AMERICA WHERE THE RED INDIANS DWELL
1898-145720-0010	6.440	81	681	AT THE WATER WHICH LIES FAR OUT YONDER AND THE PLAINS WHICH STRETCH BEYOND
1898-145720-0011	4.865	61	515	BUT NO MAN ENTERS IT WITHOUT LEAVING HIS BODY BEHIND HIM
1898-145720-0012	3.740	47	406	INSTEAD OF HIDING AS HE APPROACHED AND BIRDS CIRCLED ROUND HIM
1898-145720-0018	5.160	65	549	AT THE GATE MY MESSENGER AWAITS YOU AND YOU SHALL TAKE AGAIN
1898-145724-0009	3.650	46	389	NO I DO NOT ANSWERED THE OLD MAN
1898-145724-0011	4.600	58	491	HE ASKED HIM THE SAME QUESTION AND THE OLD MAN ANSWERED NO
1898-145724-0012	5.060	64	542	WITH DIAMOND WINDOWS HE OPENED THE BIG GATE LEADING INTO THE COURTYARD
1898-145724-0013	5.615	71	606	WHEN SEVEN DRAGONS RUSHED ON HIM AND ASKED HIM WHAT HE WANTED THE PRINCE REPLIED
1898-145724-0017	2.105	27	229	VERY WELL
1898-145724-0018	8.300	104	869	WE WILL EAT YOU UP THE PRINCE UNDERTOOK THE TASK AND LED THE MARE OUT TO THE MEADOW
1898-145724-0020	8.800	110	940	AND TAKING IT OUT OF HIS POCKET HE RANG IT ONCE IN A MOMENT HE HEARD A RUSTLING SOUND IN THE AIR BESIDE HIM AND THE KING OF THE EAGLES SANK AT HIS FEET
1898-145724-0023	2.825	36	313	WHO WAS FULL OF WONDER WHEN SHE SAW HIM AND SAID
1898-145724-0024	4.100	52	444	SHE GAVE HIM AT THE SAME TIME A CLOAK MADE OF COPPER
1898-145724-0036	3.995	50	433	WHEN THE FLOWER QUEEN'S DAUGHTER DEPARTED AND WENT HOME TO HER MOTHER
1898-145724-0037	5.135	65	560	AND LASTED TILL THE APPROACH OF WINTER WHEN THE FLOWER QUEEN'S DAUGHTER WENT BACK AGAIN TO HER MOTHER
1926-143879-0001	7.460	94	795	OUR ATTENTION IS ENGAGED AGAIN ON A CERTAIN DAY IN THE LATE SPRING TIME SHORTLY AFTER HER RETURN TO PALAZZO CRESCENTINI
1926-143879-0002	3.910	49	418	TO SOCIAL USES AND THERE WAS THAT IN HER EXPRESSION AND ATTITUDE
1926-143879-0003	8.005	101	869	THE TALL WINDOW WAS OPEN AND THOUGH ITS GREEN SHUTTERS WERE PARTLY DRAWN THE BRIGHT AIR OF THE GARDEN HAD COME IN THROUGH A BROAD INTERSTICE AND FILLED THE ROOM WITH WARMTH
1926-143879-0004	3.120	39	341	TOO TROUBLED FOR ATTENTION SHE MOVED IN A VAIN CIRCLE
1926-143879-0006	8.525	107	903	GRAVE SHE FOUND HERSELF AND POSITIVELY MORE WEIGHTED AS BY THE EXPERIENCE OF THE LAPSE OF THE YEAR SHE HAD SPENT IN SEEING THE WORLD
1926-143879-0007	8.055	101	870	A VERY DIFFERENT PERSON FROM THE FRIVOLOUS YOUNG WOMAN FROM ALBANY WHO HAD BEGUN TO TAKE THE MEASURE OF EUROPE ON THE LAWN AT GARDENCOURT A COUPLE OF YEARS BEFORE
1926-143879-0008	6.310	79	683	IF HER THOUGHTS JUST NOW HAD INCLINED THEMSELVES TO RETROSPECT INSTEAD OF FLUTTERING THEIR WINGS NERVOUSLY ABOUT THE PRESENT
1926-143879-0009	5.775	73	622	WITH SEVERAL OF THE IMAGES THAT MIGHT HAVE BEEN PROJECTED ON SUCH A FIELD WE ARE ALREADY ACQUAINTED
1926-143879-0011	4.225	53	455	THE LITTLE LUDLOWS HAD NOT YET EVEN FROM THE AMERICAN POINT OF VIEW
1926-143879-0014	6.715	84	716	AND WITH COSTLY CEREMONIES BY LILY BUT THOUGHT OF AS NOISILY VACANT BY ISABEL WHO IN THESE DAYS MADE
1926-143879-0016	3.930	50	431	MISSUS LUDLOW'S MENTAL MOTIONS WERE SUFFICIENTLY VARIOUS
1926-143879-0017	5.245	66	564	WHICH HAD AN ELEGANT CONSERVATORY AND WAS JUST ROUND THE CORNER FROM HER OWN AT ANOTHER
1926-143879-0018	5.595	70	596	ON THE WHOLE AS I HAVE SAID SHE HAD FALLEN FROM HIGH COMMUNION WITH THE PROBABILITIES
1926-143879-0020	8.815	111	947	THE TROPHIES LILY'S CONCEPTION OF SUCH ACHIEVEMENTS WAS EXTREMELY VAGUE BUT THIS WAS EXACTLY WHAT SHE HAD EXPECTED OF ISABEL TO GIVE IT FORM AND BODY
1926-143879-0021	7.125	90	765	WE KNOW OURSELVES THAT ISABEL HAD MADE CONQUESTS WHETHER INFERIOR OR NOT TO THOSE SHE MIGHT HAVE EFFECTED IN HER NATIVE LAND
1926-143879-0029	3.995	50	428	SHE MADE HER WAY DOWN TO ROME WITHOUT TOUCHING AT FLORENCE
1926-143879-0030	4.510	57	492	IN THE SEPTEMBER PREVIOUS HAD BEEN RECALLED TO AMERICA BY A TELEGRAM FROM THE INTERVIEWER
1926-143879-0031	6.555	82	699	AND HENRIETTA WAS CHEERED ON HER WAY BY A PROMISE FROM MISTER BANTLING THAT HE WOULD SOON COME OVER
1926-143879-0034	7.475	94	798	ISABEL FOUND MUCH TO INTEREST HER IN THESE COUNTRIES THOUGH MADAME MERLE CONTINUED TO REMARK THAT EVEN AMONG THE MOST CLASSIC SITES
1926-143879-0035	2.115	27	237	HER CHARACTER HAD REVEALED ITSELF
1926-143879-0036	2.570	33	285	A CONSUMMATION THE MORE DESIRABLE
1926-143879-0037	6.725	85	722	SHE CONSIDERED WITH THE PRESUMPTION OF YOUTH THAT A MORALITY DIFFERING FROM HER OWN MUST BE INFERIOR TO IT
1926-143879-0039	8.975	113	950	AND THERE WERE SEVERAL IN HER LIST OF WHICH OUR HEROINE HAD NOT EVEN HEARD SHE HAD NOT HEARD OF EVERYTHING THAT WAS VERY PLAIN
1926-143879-0040	8.175	103	873	ADVANTAGEOUS TO HEAR SHE HAD ONCE OR TWICE HAD A POSITIVE SCARE SINCE IT SO AFFECTED HER TO HAVE TO EXCLAIM OF HER FRIEND
1926-143879-0046	6.600	83	706	AND WENT TO PAY A VISIT AT PALAZZO CRESCENTINI MADAME MERLE ON THIS OCCASION REMAINING IN ROME
1926-147979-0001	6.900	87	742	BUT IN BLACK HAWK THE SCENE OF HUMAN LIFE WAS SPREAD OUT SHRUNKEN AND PINCHED FROZEN DOWN TO THE BARE STALK
1926-147979-0003	5.175	65	554	AT OUR COMFORTABLE HOTEL MISSUS HARLING HAD KNOWN D'ARNAULT FOR YEARS
1926-147979-0015	8.360	105	887	HE HAD THE NEGRO HEAD TOO ALMOST NO HEAD AT ALL NOTHING BEHIND THE EARS BUT FOLDS OF NECK UNDER CLOSE CLIPPED WOOL
1926-147979-0019	4.725	60	514	WHEN HE WAS THREE WEEKS OLD HE HAD AN ILLNESS WHICH LEFT HIM TOTALLY BLIND
1926-147979-0042	9.220	116	976	SHE PROTESTED SHE'D BE AWFUL MAD IF YOU WAS TO COME OUT HERE AND DANCE WITH US MISSUS GARDENER'S IN OMAHA GIRL
1926-147979-0044	2.755	35	303	S A FACT BOYS HE SAID CONFIDENTIALLY
1926-147979-0045	6.450	81	693	OH WE'LL MAKE IT ALL RIGHT WITH MOLLY GET YOUR BACK UP JOHNNIE MOLLY WAS MISSUS GARDENER'S NAME OF COURSE
1926-147979-0047	8.640	108	914	OVER THE PIANO AND BEGAN TO DRAW THE DANCE MUSIC OUT OF IT WHILE THE PERSPIRATION SHONE ON HIS SHORT WOOL AND ON HIS UPLIFTED FACE
1926-147979-0049	2.790	35	303	ANTONIA SEEMED FRIGHTENED AT FIRST
1926-147987-0001	6.245	79	673	SHE HESITATED AND THEN TOLD US HOW STRANGELY MISTER CUTTER HAD BEHAVED BEFORE HE WENT AWAY
1926-147987-0003	4.830	61	523	OR THE WAY HE LOOKED AT HER I FEEL AS IF HE IS UP TO SOME OF HIS TRICKS AGAIN
1926-147987-0006	4.175	53	451	ANTONIA TURNED TO ME EAGERLY OH WOULD YOU JIM
1926-147987-0008	6.015	76	644	I WAS ONLY HALF AWAKE BUT I DECIDED THAT HE MIGHT TAKE THE CUTTERS SILVER WHOEVER HE WAS
1926-147987-0015	6.735	85	721	SHE SEEMED TO UNDERSTAND THOUGH I WAS TOO FAINT AND MISERABLE TO GO INTO EXPLANATIONS WHEN SHE TOOK
1926-147987-0018	9.500	119	1005	IF THE STORY ONCE GOT ABROAD I WOULD NEVER HEAR THE LAST OF IT I COULD WELL IMAGINE WHAT THE OLD MEN DOWN AT THE DRUG STORE WOULD DO WITH SUCH A THEME
1926-147987-0024	4.005	51	440	WHEN HE RETURNED HE TOLD HER THAT HE WOULD HAVE TO STAY OVERNIGHT THERE
1926-147987-0026	6.680	84	715	MISTER CUTTER SHOWED HIS WIFE'S TICKET TO THE CONDUCTOR AND SETTLED HER IN HER SEAT BEFORE THE TRAIN MOVED OFF
1963-142393-0000	6.475	81	687	ADAM UNDERSTOOD DINAH'S HASTE TO GO AWAY AND DREW HOPE RATHER THAN DISCOURAGEMENT FROM IT
1963-142393-0001	4.945	62	529	I WISH I'D ASKED HER TO WRITE TO ME THOUGH HE THOUGHT AND YET
1963-142393-0007	2.685	34	295	WOULD HAVE TOO STRONG A GRASP UPON HER
1963-142393-0012	8.645	109	917	SHE HAD NOT FORBIDDEN HIM TO GO SHE MUST SURELY EXPECT THAT HE WOULD GO BEFORE LONG BY THE SECOND SUNDAY IN OCTOBER
1963-142393-0024	9.390	118	1000	SOMETHING LIKE THIS SENSE OF ENLARGED BEING WAS IN ADAM'S MIND THIS SUNDAY MORNING AS HE RODE ALONG IN VIVID RECOLLECTION OF THE PAST
1963-142393-0027	7.715	97	817	IT'S LIKE AS IF IT WAS A NEW STRENGTH TO ME HE SAID TO HIMSELF TO LOVE HER AND KNOW AS SHE LOVES ME
1963-142393-0028	2.105	27	235	FOR SHE'S BETTER THAN I AM
1963-142393-0029	5.135	65	552	AS IF YOU COULD WALK MORE FEARLESS WHEN YOU'VE MORE TRUST IN ANOTHER
1963-142393-0030	4.760	60	511	I'VE ALWAYS BEEN THINKING I KNEW BETTER THAN THEM AS BELONGED TO ME
1963-142393-0031	5.350	67	570	WHEN YOU CAN'T LOOK TO THEM NEAREST TO YOU T HELP YOU WITH A BIT BETTER THOUGHT
1963-142393-0036	7.875	99	834	HE DID NOT EXPECT DINAH TO BE AT HOME AT THIS HOUR BUT HE GOT DOWN FROM HIS HORSE AND TIED IT AT THE LITTLE GATE
1963-142393-0038	3.985	50	426	TO PREACH IN A COTTAGE THERE AS HER HABIT WAS
1963-142393-0052	8.600	108	900	SHE STARTED WITHOUT LOOKING ROUND AS IF SHE CONNECTED THE SOUND WITH NO PLACE DINAH ADAM SAID AGAIN
1963-142776-0000	1.940	25	217	CRAYFISH SOUP
1963-142776-0001	3.380	43	369	ONE QUARTER POUNDS OF BUTTER SIX ANCHOVIES
1963-142776-0002	5.380	68	577	A LITTLE LOBSTER SPAWN SEASONING TO TASTE TWO QUARTS OF MEDIUM STOCK
1963-142776-0004	5.260	66	560	AFTER IT HAS BEEN RUBBED THROUGH THE TAMMY IF NECESSARY ADD SEASONING TIME
1963-142776-0008	7.045	89	757	THREE BLADES OF MACE ONE BUNCH OF SWEET HERBS ONE QUARTER OZ OF PEPPERCORNS SALT TO TASTE
1963-142776-0010	8.315	104	876	MIX THE FLOUR SMOOTHLY TO A BATTER WITH THE CREAM BRING IT TO A BOIL POUR OVER THE EELS AND SERVE TIME
1963-142776-0014	2.110	27	237	PICK THE MEAT FROM THE LOBSTERS
1963-142776-0017	3.635	46	390	HEAT THEM IN THE SOUP AND SERVE TIME
1963-142776-0018	8.820	111	922	SEASONABLE FROM APRIL TO OCTOBER SUFFICIENT FOR EIGHT PERSONS OYSTER SOUP
1963-142776-0019	8.095	102	861	TAKE IT OFF THE FIRE STRAIN IT AGAIN AND ADD THE REMAINDER OF THE STOCK WITH THE SEASONING AND MACE BRING IT TO A BOIL
1963-142776-0020	7.670	96	806	SIMMER FOR FIVE MINUTES STIR IN THE BOILING CREAM POUR IT OVER THE OYSTERS AND SERVE TIME
1963-142776-0022	8.200	103	857	BUT DO NOT LET IT BOIL AND SERVE VERY HOT TIME THREE QUARTERS HOUR AVERAGE COST
1963-142776-0024	9.015	113	954	BUT BY THE END OF AUGUST THEY BECOME HEALTHY HAVING RECOVERED FROM THE EFFECTS OF SPAWNING WHEN THEY ARE NOT IN SEASON THE MALES HAVE A BLACK
1963-142776-0027	1.995	25	216	PRAWN SOUP
1963-142776-0029	5.615	71	607	PICK OUT THE TAILS OF THE PRAWNS PUT THE BODIES IN A STEWPAN WITH ONE BLADE OF MACE
1963-142776-0032	6.095	77	644	IF NOT THICK ENOUGH PUT IN A LITTLE BUTTER AND FLOUR TIME
1963-142776-0034	6.520	82	695	THIS LITTLE FISH BEARS A STRIKING RESEMBLANCE TO THE SHRIMP BUT IS NEITHER SO COMMON NOR SO SMALL
1963-147036-0002	4.735	60	510	SHE SHOOK HER HEAD OH I'M NOT HURT SHE SAID WEARILY
1963-147036-0011	5.535	70	596	SHE DID NOT SHRINK BACK SHE DID NOT LOOK SURPRISED SHE SHOWED NO ASTONISHMENT WHATEVER
1963-147036-0012	2.340	30	255	OH THAT CALM
1963-147036-0027	4.040	51	438	BUT IT WAS AN UNEASY SMILE I MAKE NO ACCUSATION HE SAID
1963-147036-0029	2.545	32	278	LOCKS WILL PRESENT VERY LITTLE DIFFICULTY
1963-147036-0035	2.280	29	252	GOOD GOD HE MUTTERED AND READ ON
1970-10594-0004	7.190	90	757	MISSUS CAREW AND THE CHILD WERE STILL AT THE ADDRESS SHE HAD GIVEN ME ALL LOOKED WELL IN THAT DIRECTION
1970-10594-0005	7.015	88	746	MISS PORTER WHO CAME IN HASTE TO GREET ME WORE THE CAREWORN LOOK OF A LONG AND UNRELIEVED VIGIL
1970-10594-0013	5.170	65	552	BUT WITH NO EASE TO HERSELF FOR SHE WAS NOT EVEN LEANING AGAINST ITS BACK
1970-10594-0014	4.265	54	459	WHERE FROM WHAT SHE HAD INTIMATED TO ME IN OUR LAST INTERVIEW
1970-10594-0022	7.180	90	752	YOU ARE DECIDING FOR ME SHE SPOKE VERY FAINTLY YOU AND DOCTOR POOL
1970-10594-0025	5.885	74	619	AND I HAVE LOST ALL AND THE SET LOOK RETURNED IN ITS FULL FORCE
1970-10594-0027	6.785	85	712	IT CONCERNS GWENDOLEN'S REAL MOTHER YOU SAY YOU DO NOT KNOW HER NO
1970-10594-0028	4.395	55	465	MY DARLING IS HAPPY WITH MISSUS CAREW TOO HAPPY
1970-10594-0029	3.540	45	387	ALARMED I PUT OUT MY HAND IN A SOOTHING GESTURE
1970-10594-0030	8.260	104	871	I MADE HASTE TO SAY LISTEN TO MY LITTLE STORY IT WILL NOT ADD TO YOUR PAIN RATHER ALLEVIATE IT
1970-10594-0044	6.195	78	656	WITH PLEASURE MADAM AND THUS WAS THAT TERRIFYING APATHY BROKEN UP
1970-26100-0003	8.395	105	892	NOW AND AGAIN I WOULD BE RECALLED FROM MY GLOOM BY SOME QUESTION FROM THE CORONER HE WAS TRYING TO SOLVE THE PROBLEM OF WHO MURDERED JIM
1970-26100-0010	8.170	103	867	THOSE BULLET HOLES IN THE BACK OF THE CAR WERE FIRED FROM ABOVE AND BEHIND THE MACHINE THEY SLANTED DOWN BUT NOT SIDEWISE
1970-26100-0011	7.955	100	846	BUT IF THE MURDERER USED THIS TREE TWO HUNDRED YARDS FROM THE ROAD HE WOULD HAVE STARTED FIRING BEFORE THE CAR CAME OPPOSITE
1970-26100-0017	7.360	92	776	HELPLESS BEFORE APPROACHING DEATH I COULD IMAGINE HELEN'S AGONY AS SHE SAW THAT DIM BLACK SHAPE
1970-26100-0021	5.750	72	614	JACKSON WHAT TIME DID MISTER WOODS GET OUT HERE ON THE EVENING MISTER FELDERSON WAS KILLED
1970-26100-0022	2.325	30	259	DID YOU SEE HIM AT THAT TIME
1970-26100-0023	6.450	81	684	WHEN WAS THE FIRST TIME YOU DID SEE HIM JACKSON AH GUESS IT WAS AT DINNAH TIME SUH
1970-26100-0028	8.960	112	946	AH AST HIM DID HE WANT DINNAH AFTAH HE COME BACK BUT HE SAY HE AIN'T HONGRY WHAT TIME WAS IT WHEN HE CAME BACK I ASKED
1970-26100-0036	3.200	40	345	PARALLELING EACH OTHER FOR ALMOST A HUNDRED YARDS
1970-28415-0002	8.950	112	946	BUT NOW THEY COULD TELL THE WHOLE WORLD FOR JESUS WANTED EVERYONE TO KNOW THEY WERE GLAD THAT THEY DID NOT HAVE TO BE QUIET ANY LONGER
1970-28415-0003	7.245	91	769	AND WAS A CRY OF WELCOME THEY SHOUTED THE WORDS OF A PSALM HOSANNA TO THE SON OF DAVID
1970-28415-0005	9.400	118	1000	SOME OF THE CROWDS BEGAN TO SHOUT WITH THE DISCIPLES A GREAT CRY OF HOSANNA WENT RINGING DOWN THE STREET EVERYONE SEEMED TO BE SAYING IT
1970-28415-0007	8.470	106	894	WHO IS THIS THEY ASKED OTHERS WHO KNEW HIM ANSWERED WHY THIS IS JESUS THE PROPHET FROM NAZARETH IN GALILEE
1970-28415-0013	9.270	116	977	WHAT RIGHT HAVE YOU TO DO THESE THINGS WHO TOLD YOU THAT YOU COULD ACT LIKE THIS SO FAR JESUS HAD NEVER SAID THAT HE WAS THE MESSIAH
1970-28415-0023	2.780	35	302	WHERE PEOPLE WERE MAKING THEIR GIFTS TO GOD
1970-28415-0030	4.865	61	512	THESE PEOPLE WILL ALSO BE SURPRISED THEY WILL SAY LORD
1970-28415-0034	6.780	85	718	BUT SOMETHING HAD TO BE DONE THE PRIESTS AND THE RULERS SAID THE WEEK WAS GOING BY
1992-141719-0002	9.275	116	977	WHO SHOULD GAIN IT BY A FAIR AND IMPARTIAL ELECTION THEY WERE DETERMIN'D THAT THE MOST VALUABLE POST OF HONOUR IN THE WORLD NAMELY
1992-141719-0016	4.225	53	454	SHE SENT HIM LIKEWISE ONE OF THE FINEST HORSES IN ALL PERSIA
1992-141719-0019	5.545	70	590	ONE ITABOD BY NAME IMMENSELY RICH INDEED AND VERY HAUGHTY
1992-141719-0023	8.485	107	906	AND LAID HIM SPRAWLING ON THE GROUND WITH HIS HEELS QUIV'RING IN THE AIR ITOBAD TIS TRUE REMOUNTED BUT WITH SO ILL A GRACE
1992-141719-0032	2.955	37	320	ZADIG MADE USE OF THE FOLLOWING STRATAGEM
1992-141719-0034	5.990	75	639	WITH LOUD ACCLAMATIONS CRIED OUT VICTORY VICTORY IN FAVOUR OF THE CHAMPION IN WHITE
1992-141719-0044	3.360	42	362	AND WAS PROCLAIM'D VICTOR BEFORE ZADIG WAS AWAKE
1992-141719-0045	4.895	62	527	RETURN'D WITH A HEART OVERWHELM'D WITH DESPAIR TO THE COURT OF BABYLON
1992-141719-0046	9.305	117	988	HE WAS OBLIG'D THO SORELY AGAINST HIS WILL TO PUT IT ON HAVING NOTHING ELSE IN HIS LODGE TO APPEAR IN CONFOUNDED AND BIG WITH RESENTMENT
1992-141719-0052	7.230	91	768	DOWN TO HIS LATE LOSS OF HIS WHITE ARMOUR SEE SAID HE THE FATAL CONSEQUENCE OF BEING A SLUGGARD
2002-139469-0009	5.190	65	548	THEN MIGHTY ART THOU O WIND TO BE THRONED ABOVE ALL
2002-139469-0019	5.065	64	532	HAD THE SAME POWERS AS I I
2002-139469-0038	4.070	51	434	A BREATHLESS SENTIMENT OF WONDER A PAINFUL SENSE
2002-139469-0040	3.145	40	344	WE MUST QUAKE SHE COULD TAKE OUR GLOBE
2002-139469-0047	5.380	68	576	AND OUR ISLAND HAD BECOME THE REFUGE OF THOUSANDS IN THE MEAN TIME
2002-139469-0059	3.300	42	357	PERCHANCE SOME STRICKEN ASIATIC
2002-139469-0062	6.965	88	741	THE THORN GROWS WITH THE ROSE THE POISON TREE AND THE CINNAMON MINGLE THEIR BOUGHS
2002-139469-0068	5.335	67	566	EVEN THE SOURCE OF COLONIES WAS DRIED UP FOR IN NEW HOLLAND
2002-139469-0069	3.785	48	408	AND THE CAPE OF GOOD HOPE PLAGUE RAGED
2002-139469-0070	4.200	53	448	AND BRING BACK THE EARTH TO ITS ACCUSTOMED HEALTH
2002-139469-0100	6.450	81	681	YET TO THE HONOUR OF THE ENGLISH BE IT RECORDED THAT ALTHOUGH NATURAL
2002-139469-0110	8.960	112	947	THE INFECTION HAD NOW SPREAD IN THE SOUTHERN PROVINCES OF FRANCE BUT THAT COUNTRY HAD SO MANY RESOURCES IN THE WAY OF AGRICULTURE
2002-139469-0112	6.525	82	685	CONCOMITANTS WINTER WAS HAILED A GENERAL AND NEVER FAILING PHYSICIAN
2002-139469-0115	3.170	40	339	VISITATION WE BREATHED AGAIN
2007-132570-0003	4.455	56	478	IF YOU ARE TO GO RUNNING ABOUT THE CASTLE AMONG ALL THESE DRUNKEN SIGNORS
2007-132570-0007	5.435	68	578	WELL WELL SAID EMILY IMPATIENTLY AND ANXIOUS TO ENQUIRE ON ANOTHER SUBJECT
2007-132570-0008	5.100	64	547	YES HE DID INDEED MA'AMSELLE NOTWITHSTANDING ALL I COULD SAY TO THE CONTRARY
2007-132570-0009	3.125	40	348	AND HE MISTOOK LUDOVICO'S HALL FOR OLD CARLO'S
2007-132570-0013	9.355	117	990	INTERRUPTED EMILY QUITE WEARIED BY THIS STORY DO YOU KNOW WHETHER THERE ARE ANY PRISONERS IN THE CASTLE AND WHETHER THEY ARE CONFINED AT THIS END OF THE EDIFICE
2007-132570-0023	8.960	112	943	BUT WILL FALL TO CUTTING AND SLASHING TILL HE MAKES THEM ALL RISE UP DEAD MEN NO NO SAYS I THERE IS REASON IN ALL THINGS
2007-132570-0028	5.785	73	626	AND HE COULD BE HERE IN NO OTHER CHARACTER HOW COULD HE OBTAIN THE MEANS OF WALKING ABROAD ON THE RAMPART
2007-132570-0032	4.850	61	526	BUT I THOUGHT THEY WERE DISMAL SOUNDS SO SOON AFTER MY POOR LADY'S DEATH TOO
2007-132570-0035	7.860	99	845	AND SAYING WHAT A FINE THING IT WAS FOR HIS EXCELLENZA TO CATCH UP MEN AND THEY WERE AS GOOD BOOTY AS ANY OTHER BECAUSE OF THE RANSOMS
2007-132570-0039	3.395	43	367	I WILL CONDESCEND TO ADVISE WHERE I MAY COMMAND
2007-132570-0046	8.195	103	867	THEN ALL MY VENGEANCE FALLS UPON YOU HE EXCLAIMED WITH AN HORRIBLE OATH AND THINK NOT IT SHALL BE DELAYED
2007-132570-0049	3.520	44	380	YET THIS IT APPEARS HAS NOT BEEN SUFFICIENT TO DETER YOU
2007-132570-0057	6.580	83	695	I HEARD MY OWN VOICE REJOINED MONTONI STERNLY AND NOTHING ELSE
2007-149877-0010	7.565	95	802	THE LONG BAR WAS A BLAZE OF LIGHTS POLISHED WOOD WORK COLOURED AND CUT GLASSWARE AND MANY FANCY BOTTLES
2007-149877-0016	4.285	54	463	THE CHIEF EXECUTIVE AND FINANCIAL FUNCTIONS DEVOLVED UPON THE OWNERS
2007-149877-0023	5.020	63	538	THESE WERE THE KIND OF MEN WITH WHOM HE WOULD CONVERSE LONGEST AND MOST SERIOUSLY
2007-149877-0025	8.795	110	925	AND WAS ALTOGETHER A VERY ACCEPTABLE INDIVIDUAL OF OUR GREAT AMERICAN UPPER CLASS THE FIRST GRADE BELOW THE LUXURIOUSLY RICH
2007-149877-0027	7.980	100	850	HURSTWOOD KNEW CARYOE QUITE WELL HAVING DRUNK A GLASS NOW AND THEN WITH HIM IN COMPANY WITH SEVERAL OTHERS WHEN THE CONVERSATION WAS GENERAL
2007-149877-0028	6.730	85	727	A MODERATE SENSE OF HUMOUR AND COULD TELL A GOOD STORY WHEN THE OCCASION REQUIRED HE COULD TALK RACES WITH HURSTWOOD
2007-149877-0042	4.020	51	437	THE MANY FRIENDS HE MET HERE DROPPED IN BECAUSE THEY CRAVED
2007-149877-0051	2.925	37	315	NO WHERE SAID DROUET
2007-149877-0053	8.390	105	890	DROUET FOLLOWED HIM WITH HIS EYES MUCH INTERESTED DOESN'T LOOK MUCH LIKE A MAN WHO SEES SPIRITS DOES HE SAID DROUET OH I
2007-149877-0054	9.230	116	977	RETURNED HURSTWOOD HE'S GOT THE MONEY ALL RIGHT AND A LITTLE TWINKLE PASSED OVER HIS EYES I DON'T GO MUCH ON THOSE THINGS DO YOU
2007-149877-0060	3.025	38	329	SAY SHE WAS A LITTLE DANDY I TELL YOU
2007-149877-0061	3.775	48	410	TWELVE O'CLOCK SAID HURSTWOOD THAT'S RIGHT
2092-145706-0024	6.940	87	741	THEN FERKO CRAWLED TO THE EDGE OF THE LAKE AND DIPPED HIS LIMBS IN THE WATER NO SOONER HAD HE DONE SO
2092-145706-0042	8.860	111	933	WHAT IS TROUBLING YOU MY KIND BENEFACTOR CAN I BE OF ANY HELP TO YOU I AM THE BEE WHOSE WING YOU HEALED
2092-145706-0049	8.475	106	893	THE KING ALTHOUGH HE HAD BEEN SURPRISED AND ASTONISHED AT THE WAY HIS COMMANDS HAD BEEN CARRIED OUT WAS VERY VEXED
2092-145706-0059	3.255	41	352	AND THE WHOLE COURT WENT OUT TO SEE THE WONDER
2092-145706-0062	5.345	67	571	AND HE WAS MORE READY THAN EVER TO BELIEVE THE TWO BROTHERS WHO KEPT ON REPEATING
2092-145709-0021	7.055	89	750	IT WAS DIFFICULT TO BELIEVE THAT IT WAS THE SAME FOR IT HAD ALL BEEN REBUILT AND DONE UP AGAIN
2136-5140-0014	6.255	79	668	THE SAME ON WHICH I WAS NOW LOOKING IN THE DISTANCE EVERY NOW AND THEN HE MADE ME SIT DOWN TO REST
2136-5140-0015	7.640	96	812	WOULD RELATE SOME LITTLE STORY REFLECTING EVEN TO MY CHILDISH MIND A STRANGE SUSPICION OF A SPIRITUAL MEANING
2136-5140-0026	9.280	116	984	AND TELLS ME ALL HE SEES JUST AS I TOLD YOU IN THE GARDEN ABOUT THE LITTLE BOYS AND THE COTTAGE AND THE TREES AND FLOWERS WHICH YOU COULD NOT SEE
2136-5140-0028	8.035	101	850	HOW TRUE THE DESCRIPTION IS WHICH I GIVE YOU I WAS VERY FRIGHTENED FOR I FEARED THAT WHEN HE HAD DONE HIS NARRATIVE
2136-5140-0040	5.935	75	638	AND I SUPPOSE THESE EARLIER ASSOCIATIONS GAVE TO MY REVERIE ABOUT MY FATHER'S COMING VISITOR
2136-5143-0001	2.895	37	321	WITH HER EAR AT THE KEYHOLE OF PAPA'S STUDY
2136-5143-0007	3.425	43	373	WITH A BRANDY BOTTLE UNDER HER APRON STEALING UP STAIRS
2136-5143-0010	3.695	47	408	AND SOME DROPS OF LAUDANUM WHENEVER THE PAIN OF STOMACH RETURNED
2136-5143-0016	4.295	54	458	HOW SOLEMN MURMURED MADAME WHAT NOBLE TOMB
2136-5143-0018	5.815	73	620	BUT IT WOULD NOT DO SHE SAW THAT I HAD DETECTED HER AND SHE LAUGHED ALOUD
2136-5143-0023	5.365	68	578	UN GOUT BIZARRE VRAIMENT BUT I LOVE VERY MUCH TO BE NEAR TO THE DEAD PEOPLE
2136-5143-0029	3.115	39	334	BUT STILL YOU KNOW YOUR FATHER IS OLD MAN
2136-5143-0030	2.040	26	225	OH YES HE IS OLD MAN
2136-5143-0031	6.795	85	712	AS HE MADE HIS WILL MY DEAR EVERY MAN SO RICH AS HE ESPECIALLY SO OLD
2136-5143-0032	5.360	67	572	THERE IS NO NEED OF HASTE MADAME IT IS QUITE TIME ENOUGH WHEN HIS HEALTH BEGINS TO FAIL
2136-5143-0034	4.475	56	479	I CAN'T SAY WHETHER THERE IS A WILL OR NOT LET US TALK OF SOMETHING ELSE
2136-5143-0035	4.065	51	438	HE WILL NOT COME TO LIE HERE A DAY SOONER BY CAUSE OF THAT
2136-5143-0036	4.625	58	492	WOULD NOT THAT BE PITY I REALLY DON'T KNOW ANYTHING OF HIS WILL
2136-5143-0037	4.615	58	495	HE HAS NEVER SPOKEN OF IT TO ME I KNOW HE LOVES ME THAT IS ENOUGH
2136-5143-0038	2.400	30	259	YOU DO KNOW EVERYTHING OF COURSE
2136-5143-0041	5.645	71	604	BUT CONTINUED HER TORTURE AND DISCORDANT LAUGHTER AT LAST SHE FINALLY RELEASED MY FINGER
2136-5143-0042	4.550	57	485	WHAT DO YOU CRY FOR LITTLE FOOL YOU'VE HURT ME VERY MUCH
2136-5147-0004	6.450	81	688	BUT SHE MAY ALSO BE ABOUT THE MOST PERNICIOUS INMATE IMAGINABLE SHE MAY TEACH YOU A BAD ACCENT
2136-5147-0011	4.800	60	510	LOOKING DOWN FROM THE CORNERS OF HER EYES IN AN INTERESTING DEJECTION
2136-5147-0012	1.870	24	212	BUT I AM QUAITE APPY
2136-5147-0019	8.025	101	851	AND WITH HER HAND PRESSED TO HER EAR SAID VERY FAINTLY BE SO GOOD TO TELL YOUR FRIEND HOW YOU SEE ME AND HOW I SUFFER
2136-5147-0020	7.030	88	749	SINCE THE PAIN WILL NOT ALLOW ME TO REMAIN LONGER SO WITH A FEW WORDS OF COMFORT WHICH COULD NOT WELL BE REFUSED
2136-5147-0021	2.590	33	283	I RETURNED TO THE DRAWING ROOM
2136-5147-0022	2.670	34	294	HAS GONE TO THE BILLIARD ROOM I THINK
2136-5147-0024	8.710	109	920	YES AND REALLY AUSTIN IT IS QUITE CLEAR YOU OUGHT TO MARRY YOU WANT SOME ONE TO TAKE THIS GIRL OUT AND LOOK AFTER HER AND WHO'S TO DO IT
2136-5147-0025	6.840	86	732	AND IT IS REALLY SUCH A PITY FOR SHE'S A VERY PRETTY CREATURE AND A CLEVER WOMAN COULD MAKE HER QUITE CHARMING
2136-5147-0026	7.930	100	846	EIGHT AND TWENTY YEARS AGO OR MORE WITH A HUNDRED AND TWENTY THOUSAND POUNDS WELL YOU KNOW SHE HAS GOT EVER SO MUCH NOW
2136-5147-0037	4.650	59	502	AND THERE WAS A FUMBLING AT THE HANDLE BUT THE BOLT WAS OUT OF ORDER
2159-179154-0015	9.490	119	1014	PRESENTLY THE SUBJECT'S HEAD LEANED FORWARD THE PUPILS OF HIS EYES DILATED AND ASSUMED A PECULIAR GLASSY STARE HE AROSE WITH A STEADY GLIDING GAIT
2159-179154-0018	4.695	59	509	JUST AS HE WAS RETURNING IT TO HIS POCKET THE LADY SUDDENLY POINTED A FINGER AT HIM
2159-179156-0027	5.770	73	614	THE EXPERIMENT WAS REPEATED ON OTHER SUBJECTS IN ALL CASES WITH THE SAME RESULT
2159-179156-0030	8.055	101	850	AND THE SUBJECT SEEMED TO CONTEMPLATE A LANDSCAPE OF LOFTY GRANDEUR A DIFFERENT SORT OF MUSIC WAS PLAYED
2159-179156-0031	3.140	40	345	APPEARS TO SUMMON SIGMUND TO VALHALLA
2159-179157-0019	9.425	118	992	ARE CAUSES WHICH ARE OFTEN FOUND IN CONJUNCTION AND PRODUCE EFFECTS WHICH WE MAY REASONABLY EXPLAIN ON THE THEORY OF SELF HYPNOTIZATION
2182-150130-0009	8.795	110	939	WHICH WHEN THE EAST WIND WAS STRAINING FLEW LOW OVERHEAD TO PITCH TO THE LAKE IN THE FORBIDDEN PRECINCTS OF THE DEER PARK BEYOND THE BROW OF THE HILL
2182-181173-0009	8.750	110	930	HE'S VERY KIND IF HE IS AN EARL AND HE SENT ME A LOT OF MONEY BY MISTER HAVISHAM AND I'VE BROUGHT SOME TO YOU TO BUY JAKE OUT
2182-181173-0032	5.905	74	640	YE KIN WEAR IT WHEN YE GET AMONG THE SWELLS I LOST THE PAPER WHEN I WAS TRYIN TO GET THROUGH THEM FELLERS DOWNSTAIRS
2182-181173-0037	3.190	40	347	AND HE HEARD NOTHING BUT THE HEARTY CHILDISH VOICE CALLING
2182-181183-0008	4.935	62	525	THIS IS WHAT MISTER HOBBS READ IN DICK'S LETTER DERE FREND
2182-181183-0009	2.890	37	318	AN WE SAY HOLD ON AS LONGS U KIN
2182-181183-0010	3.690	47	406	THERE IS A LOT OF OLE THEVES WIL MAKE AL THEY KIN OF U
2182-181183-0011	5.155	65	553	AN IF THERE AINT NO BETTER WAY CUM OVER HERE AN GO IN PARDNERS WITH ME
2182-181183-0012	5.370	68	582	AN ILE SEE NO HARM CUMS TO U ENNY BIG FELER THAT TRISE TO CUM IT OVER U
2182-181183-0013	2.960	37	315	SO NO MORE AT PRESENT DICK
2182-181183-0014	8.085	102	861	I BELIEVE ITS A PUT UP JOB AND THEM THATS DONE IT OUGHT TO BE LOOKED AFTER SHARP AND WHAT I WRITE TO SAY IS TWO THINGS
2182-181183-0015	9.230	116	986	AND IF THE WORST HAPPENS AND THEM EARLS IS TOO MANY FOR US THERES A PARTNERSHIP IN THE GROCERY BUSINESS READY FOR YOU WHEN YURE OLD ENOUGH AND A HOME AND A FRIEND IN
2182-181183-0023	4.080	51	433	AS HE THREW THE PAPER DOWN ON THE COUNTER HELLO
2182-181183-0024	2.515	32	274	LOOK AT IT PANTED DICK
2182-181183-0025	8.345	105	882	THAT'S WHAT YOU LOOK AT SHE AINT NO RISTOCRAT SHE AINT WITH WITHERING SCORN SHE'S NO LORD'S WIFE
2182-181183-0036	2.880	36	310	AND THE SECOND TO BENJAMIN TIPTON
2196-170151-0031	2.195	28	244	IN CONTINUOUS HARMONY WITH THEM
2196-170151-0034	3.810	48	414	WHEN THE SAILS FLAP IDLY AGAINST THE UNSTRAINED MASTS
2196-170379-0003	5.310	67	566	AND WHICH DREW THEIR UNIQUE QUALITIES FROM THE SUN MOON AND STARS CHARCOT
2196-170379-0007	7.160	90	765	IS CONVINCED THAT YOU CANNOT WILL YOURSELF TO BE HYPNOTIZED AND THAT WHENEVER THE WILL AND THE IMAGINATION COME INTO CONFLICT
2196-170379-0010	5.285	67	568	BUT WORDS WHICH RING A BELL OR TAP THE EXPERIENTIAL BACKGROUND OF THE SUBJECT
2196-170379-0015	9.380	118	998	IF THERE IS ONE THING VIRTUALLY CERTAIN ABOUT HYPNOSIS IT IS THAT SOME PARTS OF THE BRAIN ARE INHIBITED AND OTHER PARTS EXPANDED BY THE PROCESS
2196-170379-0021	2.730	35	299	ACTUALLY HYPNOTISTS TODAY
2196-170379-0034	2.260	29	248	AND SO IN MY VIEW
2196-174172-0008	8.080	101	844	BEGIN NOW STOP TALKING ABOUT BEING TOO OLD TO GROW YOU PASS BY TREES DAILY A HUNDRED
2196-174172-0034	7.610	96	803	THEY ARE NEARER THAN EVER LIFE AND LOVE NEVER CHANGE DEATH IS AN UNREALITY THOUGHT MADE
2196-174172-0035	6.045	76	643	THAT IS GLORIFIED IN LIFE AND SPIRIT WHEN YOU BELIEVE YOU WERE CREATED IN HIS IMAGE
2196-174172-0039	2.760	35	302	YOU ARE A LOBE OF THE INFINITE BRAIN
2289-152253-0001	8.890	112	940	THERE WAS A GREAT ROCKY CAVE IN THE MOUNTAINS IN THIS CAVE LIVED A STRANGE MAN CALLED THE HERMIT OF THE ROCKS
2289-152253-0010	4.525	57	481	HE WAS SO ENRAGED AT THIS THAT HE AGAIN BEGAN WAR
2289-152253-0011	4.890	62	525	AND AT LAST THE EMPEROR HAD TO GIVE HIM A LARGE SUM OF MONEY
2289-152253-0015	8.320	104	874	IN THOSE TIMES ALL TOWNS OF ANY GREAT SIZE WERE SURROUNDED BY STRONG WALLS THERE WAS WAR CONSTANTLY GOING ON
2289-152253-0016	5.785	73	619	WHO LIVED BY ROBBING THEIR NEIGHBORS SO THE TOWNS AND CASTLES IN WHICH THERE WAS
2289-152253-0018	9.065	114	958	THE ARMY WHICH ATTILA SAW WAS AN ARMY OF THREE HUNDRED THOUSAND ROMANS AND VISIGOTHS IT WAS LED BY A ROMAN GENERAL
2289-152253-0019	2.380	30	261	THE VISIGOTHS AFTER THE DEATH OF
2289-152253-0021	2.740	35	304	THOR'IS MOND THE SON OF THEODORIC
2289-152253-0025	5.680	71	603	HERE I WILL PERISH IN THE FLAMES HE CRIED RATHER THAN SURRENDER TO MY ENEMIES
2289-152253-0026	6.675	84	703	VERY SOON HOWEVER HE WAS AGAIN ON THE WAR PATH THIS TIME HE INVADED ITALY
2289-152253-0028	6.265	79	665	AND PERSUADED HIM NOT TO ATTACK THE CITY IT IS SAID THAT THE BARBARIAN KING
2289-152253-0029	6.960	87	731	THEY ENCLOSED HIS BODY IN THREE COFFINS ONE OF GOLD ONE OF SILVER AND ONE OF IRON
2289-152253-0030	4.650	59	505	WHEN THE FUNERAL WAS OVER THEY KILLED THE SLAVES WHO HAD DUG THE GRAVE
2289-152254-0001	2.185	28	246	BUT A PLOT WAS FORMED AGAINST HIM
2289-152254-0008	8.250	104	885	HE BUILT GREAT FLEETS AND SAILED OVER THE MEDITERRANEAN CAPTURING TRADING VESSELS FOR MANY YEARS HE PLUNDERED TOWNS ALONG THE COASTS
2289-152254-0014	3.420	43	373	IT WAS ONLY FORTY FIVE YEARS SINCE ALARIC HAD BEEN THERE
2289-152254-0016	2.970	38	323	AND PUBLIC BUILDINGS AND PRIVATE HOUSES
2289-152257-0004	6.735	85	725	AND TRUDGED ALONG THE VALLEY IN HIGH HOPE FEELING CERTAIN THAT HE WOULD REACH THE END OF HIS JOURNEY IN SAFETY
2289-152257-0006	4.270	54	460	AND GAVE HIM THE BEST EDUCATION THAT COULD BE HAD IN THE CITY
2289-152257-0018	4.565	58	497	WHEN THEY ARRIVED THERE THEY MARCHED STRAIGHT TO ROME AND AFTER SOME FIGHTING
2289-152257-0022	7.035	88	748	FOR A LONG TIME THE GRANDEST CHURCH STRUCTURE IN THE WORLD THE GREAT TEMPLE STILL EXISTS IN ALL ITS BEAUTY AND GRANDEUR
2289-152257-0027	6.490	82	693	AND A HARD WORKER HE OFTEN WORKED OR STUDIED ALL DAY AND ALL NIGHT WITHOUT EATING OR SLEEPING
2289-152258-0001	5.280	66	562	AND THE PROPER NAME FOR THEIR RELIGION IS ISLAM WHICH MEANS OBEDIENCE OR SUBMISSION
2289-152258-0002	9.120	114	966	A CITY OF ARABIA HIS PARENTS WERE POOR PEOPLE THOUGH IT IS SAID THEY WERE DESCENDED FROM ARABIAN PRINCES THEY DIED WHEN MOHAMMED WAS A CHILD
2289-152258-0006	2.945	37	320	AND SOLD THERE THE GOODS CARRIED BY THE CAMELS
2289-152258-0009	8.010	101	858	AS QUICKLY AS POSSIBLE HE WENT TO THE HOUSE OF KHADIJAH FOR HE WAS WELL PLEASED AT THE THOUGHT OF BEING EMPLOYED IN SO IMPORTANT A SERVICE
2289-152258-0010	3.040	38	332	SHE SAID I HAVE HEARD MUCH OF YOU AMONG THE TRADERS
2289-152258-0011	6.800	85	722	ARE YOU WILLING TO TAKE CHARGE OF MY CARAVANS AND GIVE YOUR WHOLE TIME AND SERVICE TO ME MOHAMMED WAS DELIGHTED
2289-152258-0012	7.260	91	774	KHADIJAH THEN ENGAGED HIM AS THE MANAGER OF HER BUSINESS AND HE SERVED HER WELL AND FAITHFULLY SHE THOUGHT A GREAT DEAL OF HIM
2289-152258-0014	4.035	51	435	AND CHRISTIANITY BUT HE WAS NOT SATISFIED WITH EITHER OF THEM
2289-152258-0015	3.560	45	387	WORSHIPED IDOLS VERY FEW OF THEM WERE CHRISTIANS
2289-152258-0018	6.160	77	647	THIS BOOK IS CALLED THE KORAN WHICH MEANS LIKE OUR OWN WORD BIBLE THE BOOK
2289-152258-0021	6.175	78	661	SOON AFTERWARDS HE BEGAN TO PREACH TO THE PEOPLE HE SPOKE IN THE MARKET AND OTHER PUBLIC PLACES
2289-152258-0023	7.660	96	822	HE WENT ON TELLING ABOUT THE APPEARANCE OF GABRIEL AND PREACHING THE DOCTRINES WHICH HE SAID THE ANGEL HAD ORDERED HIM TO TEACH THE PEOPLE
2289-152258-0025	8.285	104	883	PEOPLE CAME FROM DISTANT PARTS OF ARABIA AND FROM NEIGHBORING COUNTRIES TO HEAR HIM ONE DAY SIX OF THE CHIEF MEN OF ME DI'NA
2289-152258-0031	5.720	72	611	HE WAS BURIED IN THE MOSQUE IN WHICH HE HAD HELD RELIGIOUS SERVICES FOR SO MANY YEARS
2289-152258-0032	5.635	71	603	THAT THE BODY STILL LIES IN THE COFFIN IN THE SAME STATE AS WHEN IT WAS FIRST BURIED
2289-152258-0034	7.820	98	829	EVERY MUSSULMAN IS BOUND BY HIS RELIGION TO MAKE A VISIT OR PILGRIMAGE TO MECCA AT LEAST ONCE IN HIS LIFE
2289-152258-0036	7.640	96	808	THERE IS A MOSQUE CALLED THE GREAT MOSQUE IT IS A LARGE ENCLOSURE IN THE FORM OF A QUADRANGLE OR SQUARE
2289-152258-0040	9.475	119	1004	AND THIS TITLE HAS BEEN BORNE EVER SINCE BY THE RELIGIOUS CHIEF OF THE MOHAMMEDANS IN MODERN TIMES THE SULTANS OR RULERS OF TURKEY
2384-152900-0004	7.170	90	760	FOR INSULATION WE USED CELLULOSE PULP THE FLOOR AND THE CEILING BETWEEN THE ROOMS AND THE LOFT WERE DOUBLE
2384-152900-0006	8.360	105	888	FOR THE COVERING OF THE ROOF WE TOOK OUT ROOFING PAPER AND FOR THE FLOOR LINOLEUM IN THE MAIN ROOM THERE WERE TWO AIR PIPES
2384-152900-0027	9.245	116	985	IF ONE IS TIRED AND SLACK IT MAY SOMETIMES HAPPEN THAT ONE WILL PUT OFF TILL TO MORROW WHAT OUGHT TO BE DONE TO DAY ESPECIALLY WHEN IT IS BITTERLY COLD
2384-152900-0031	3.300	42	365	FIRST THE REINDEER SKINS HAD TO BE BOUGHT IN A RAW STATE
2384-152900-0032	9.490	119	1004	LET ME TAKE THE OPPORTUNITY OF THANKING THIS MAN FOR THE MANY AND GREAT SERVICES HE HAS RENDERED ME NOT ONLY DURING MY PREPARATIONS FOR THE THIRD VOYAGE OF THE FRAM
2384-152900-0047	6.630	83	703	FOR THE FEET ARE THE MOST EXPOSED MEMBERS AND THE MOST DIFFICULT TO PROTECT ONE CAN LOOK AFTER THE HANDS
2384-152900-0061	6.945	87	739	WHICH IS NOT EXACTLY A CHILD'S FOOT WITH TWO PAIRS OF REINDEER SKIN STOCKINGS ON AND TEN PAIRS WERE MADE
2384-152900-0077	2.400	30	264	AND SNOW GOGGLES FROM DOCTOR SCHANZ
2384-152900-0078	7.885	99	840	DURING THE WHOLE STAY ON THE BARRIER I MYSELF WORE A PAIR OF ORDINARY SPECTACLES WITH YELLOW GLASSES OF QUITE A LIGHT TINT
2384-152900-0079	7.800	98	839	HOW EXCELLENT THESE GLASSES ARE APPEARS CLEARLY ENOUGH FROM THE FACT THAT I NEVER HAD THE SLIGHTEST TOUCH OF SNOW BLINDNESS ON THE SOUTHERN JOURNEY
2391-145015-0006	2.600	33	288	IS CERTAINLY ONE OF THE PRETTIEST SPOTS
2391-145015-0010	7.520	94	806	AND ABOUT FORTY FIVE YEARS AGO IT WAS PULLED DOWN FOR THE PURPOSE OF ERECTING A NEW HOUSE IN A FAR BETTER SITUATION ON THE OPPOSITE SIDE OF THE VALLEY
2391-145015-0012	4.680	59	512	ALONG THE UPPER OR SOUTHERN SIDE OF THIS GARDEN RAN A TERRACE OF THE FINEST TURF
2391-145015-0020	6.580	83	709	THICK COMING FANCIES ROSE IN HER MIND AND GRADUALLY ASSUMED THE FORMS IN WHICH THEY CAME FORTH TO THE WORLD
2391-145015-0025	7.430	93	792	MOREOVER IT SHOULD BE REMEMBERED THAT A PAIR OF HORSES IN THOSE DAYS WERE ALMOST NECESSARY IF LADIES WERE TO MOVE ABOUT AT ALL
2391-145015-0029	8.685	109	923	AFTER THE DEATH OF THEIR OWN PARENTS THE TWO YOUNG COOPERS PAID LONG VISITS AT STEVENTON EDWARD COOPER DID NOT LIVE UNDISTINGUISHED
2391-145015-0033	8.735	110	931	WHO MUST HAVE INTRODUCED GREATER VARIETY INTO THE FAMILY CIRCLE THIS WAS THE DAUGHTER OF MISTER AUSTEN'S ONLY SISTER MISSUS HANCOCK
2391-145015-0037	8.335	105	895	BUT AT THE POST HOUSES MISSUS HENRY AUSTEN GAVE THE NECESSARY ORDERS HERSELF AND HER FRENCH WAS SO PERFECT THAT SHE PASSED EVERYWHERE FOR A NATIVE
2391-145015-0048	6.415	81	687	IN NO CIRCUMSTANCE OF HER LIFE WAS THERE ANY SIMILARITY BETWEEN HERSELF AND HER HEROINE IN MANSFIELD PARK
2391-145015-0051	8.050	101	859	MANY YEARS AFTER HER DEATH SOME CIRCUMSTANCES INDUCED HER SISTER CASSANDRA TO BREAK THROUGH HER HABITUAL RETICENCE AND TO SPEAK OF IT
2391-145015-0052	8.620	108	920	WHOSE CHARM OF PERSON MIND AND MANNERS WAS SUCH THAT CASSANDRA THOUGHT HIM WORTHY TO POSSESS AND LIKELY TO WIN HER SISTER'S LOVE WHEN THEY PARTED
2391-145015-0054	8.490	107	907	ANY DESCRIPTION THAT I MIGHT ATTEMPT OF THE FAMILY LIFE AT STEVENTON WHICH CLOSED SOON AFTER I WAS BORN COULD BE LITTLE BETTER THAN A FANCY PIECE
2391-145015-0059	8.075	101	856	INSTEAD OF SMOKING BEFORE OUR EYES AND NOSES ON THE TABLE TO RECORD SUCH LITTLE MATTERS WOULD INDEED BE TO CHRONICLE SMALL BEER
2391-145015-0061	6.155	77	658	NOR WAS THERE MUCH GLITTER OF PLATE UPON IT FOR THE EARLY DINNER HOUR RENDERED CANDLESTICKS UNNECESSARY
2391-145015-0063	3.760	47	402	AND MIGHT INFLUENCE THE FAMILY DINNER FOR MANY GENERATIONS
2391-145015-0071	3.315	42	363	WE SHOULD MISS THE SLIDING BOOKCASES AND PICTURE STANDS
2391-145015-0072	4.390	55	467	THE PERIODICALS AND ILLUSTRATED NEWSPAPERS ABOVE ALL
2391-145015-0074	4.570	58	497	THERE MUST HAVE BEEN MORE DANCING THROUGHOUT THE COUNTRY IN THOSE DAYS THAN THERE IS NOW
2391-145015-0076	8.150	102	868	TO THE MUSIC OF A HARPSICHORD IN THE HOUSE OR A FIDDLE FROM THE VILLAGE THIS WAS ALWAYS SUPPOSED TO BE FOR THE ENTERTAINMENT OF THE YOUNG PEOPLE
2391-145015-0077	3.545	45	386	FOR SHE ATTRIBUTES THIS TASTE TO HER FAVOURITE HEROINES
2391-145015-0084	9.270	116	990	THE GRACEFUL CARRIAGE OF EACH WEAPON WAS CONSIDERED A TEST OF HIGH BREEDING THE CLOWNISH MAN WAS IN DANGER OF BEING TRIPPED UP BY HIS SWORD GETTING BETWEEN HIS LEGS
2391-145015-0096	6.190	78	669	BUT I DOUBT WHETHER THE RISING GENERATION ARE EQUALLY AWARE HOW MUCH GENTLEMEN ALSO DID FOR THEMSELVES IN THOSE TIMES
2391-145015-0100	5.050	64	555	A YOUNG MAN WHO EXPECTED TO HAVE HIS THINGS PACKED OR UNPACKED FOR HIM BY A SERVANT WHEN HE TRAVELLED
2391-145015-0104	7.310	92	780	OF COURSE THEY CANNOT BE UNIVERSALLY APPLICABLE SUCH DETAILS VARIED IN VARIOUS CIRCLES AND WERE CHANGED VERY GRADUALLY
2391-145015-0105	3.750	47	408	BUT IT IS PROBABLE THAT THEIR WAY OF LIFE DIFFERED A LITTLE FROM OURS
2391-145015-0107	3.790	48	409	THE EARLY HOUR AT WHICH HOUNDS THEN MET MAY ACCOUNT FOR THIS
2391-145015-0118	2.955	37	323	THIS WAS A BETTER OCCUPATION FOR THEM THAN STRAW PLAITING
2391-145015-0120	3.940	50	430	BALLAD POETRY AND FAIRY TALES ARE FULL OF ALLUSIONS TO IT
2391-145015-0122	5.555	70	602	HEATHEN MYTHOLOGY CELEBRATED IT IN THE THREE FATES SPINNING AND MEASURING OUT THE THREAD OF HUMAN LIFE
2416-152137-0015	8.395	105	881	AND THEN SUDDENLY HE REALISED THAT HE WAS ATTRACTING ATTENTION LEVEL STARES FROM THE WOMEN RETURNED HIS GAZE
2416-152139-0010	9.465	119	996	AS HE SMILED IN PRIVATE YOU'VE A STRANGE METHOD OF SECURING PRIVACY HAVEN'T YOU A BIT MELODRAMATIC ISN'T IT
2416-152139-0015	9.055	114	959	EXTRACTED THE KEY FROM THE DOOR LOCK HELD IT UP FOR THE OTHER TO SEE THEN DROPPED IT INTO HIS POCKET AND HIS VOICE COLD BEFORE
2416-152139-0022	3.190	40	341	IN MOYNE'S HOME UP IN HARLEM
2416-152139-0023	5.230	66	556	YOU'RE WISER THAN YOU KNOW MY MAN THAT'S WHAT WE SUSPECTED
2416-152139-0046	6.805	86	734	TO GET BETTER ACQUAINTED WITH THE HOME LIFE OF YOUR EMPLOYEES MISSUS MOYNE WAS GENUINELY PLEASED AND GRATEFUL
2416-152139-0047	2.110	27	235	WHO WAS ALREADY ASLEEP IN BED
2436-2476-0012	5.210	66	565	I SHOULD HAVE HEARD OF YOU NO DOUBT BUT A SMILE PLUCKED AT HIS THIN GRAY LIPS
2436-2476-0014	2.860	36	308	HAS JUST TERMED IT FETISHISM
2436-2476-0015	2.030	26	231	PROTESTED THE MAN AT OB HAHN'S SIDE
2436-2476-0034	3.150	40	343	THE MARTIAN EQUIVALENT OF MISTER AND MISS
2436-2476-0037	4.555	57	489	BOTH MARTIANS AND VENUS PEOPLE ARE BY HERITAGE EXTRAORDINARY LINGUISTS
2436-2477-0008	2.180	28	241	NO MAN WILL PLEASE ME MORE
2436-2477-0015	7.815	98	829	BUT NOT WITHIN EARSHOT WHY DO YOU LOOK SO FURTIVE SHE RETORTED GREGG THERE'S SOMETHING STRANGE ABOUT THIS VOYAGE
2436-2477-0022	8.585	108	918	I SAW THE PURSER IN THE SMOKING ROOM HE WAS VISIBLE FROM WAIT VENZA THAT PROWLER WENT THROUGH THE SMOKING ROOM I KNOW HE DID I COULD HEAR HIM
2436-2477-0024	4.125	52	445	WHERE DID THE PROWLER RUN TO CAN YOU SHE WHISPERED CALMLY
2436-2481-0007	3.960	50	434	I COULD SEE ONLY CARTER BUT I HEARD THE MURMURING VOICE OF DOCTOR FRANK
2436-2481-0008	2.450	31	271	THE CAPTAIN RASPED GET OUT HALJAN
2436-2481-0010	7.230	91	765	TELL BLACKSTONE WHAT'S HAPPENED BUT I DON'T KNOW WHAT'S HAPPENED CARTER WAS GRIM AND WHITE
2436-2481-0016	8.960	112	939	HAD OPENED ANITA'S CORRIDOR DOOR WASN'T IT SEALED YES BUT THE INTRUDER OPENED IT BURST IT
2436-2481-0018	3.045	39	337	NOR DID PRINCE HER SCREAM AWAKENED HIM
2436-2481-0025	6.300	79	671	WAS EMPTY BUT I LEAPED AND STRUCK A SOLID BODY CROUCHING IN THE DOORWAY A GIANT MAN
2514-149482-0012	6.180	78	662	THE PLACE HOWEVER MUFFLED IN CONVENIENCE AND DECORUM CONSTANTLY HUMMED FOR HIM WITH THAT THICK IRONY
2514-149482-0031	7.405	93	788	THIS WAS WHY HIS APPRECIATION HAD TURNED FOR THE INSTANT TO FEAR HAD JUST TURNED AS WE HAVE SAID TO SICKNESS
2514-149482-0037	7.355	92	785	THIS CIRCUMSTANCE OF THEIR CHARMING FRIEND'S ILLNESS WAS THE FIRST THING KATE TOOK UP WITH DENSHER ON THEIR BEING ABLE AFTER DINNER
2514-149482-0053	7.545	95	801	SO THAT BEFORE THE SUBJECT WAS CHANGED HE PERCEIVED WITH SURPRISE AT THE OTHERS THAT THEY HAD GIVEN HER ENOUGH OF IT
2514-149482-0054	5.055	64	546	HAD REALLY NOT MADE IN HER OWN COUNTRY THE MARK SHE HAD CHALKED SO LARGE IN LONDON
2514-149482-0072	4.945	62	530	BUT YOU DIDN'T FORGET HER AUNT MAUD INTERPOSED WITH ALMOST MENACING ARCHNESS
2514-149482-0085	6.895	87	743	AS OCEAN CURRENTS THE HUDDLED HERD HAD DRIFTED TO HER BLINDLY IT MIGHT AS BLINDLY HAVE DRIFTED AWAY
2514-149482-0090	8.405	106	900	THE CREATURE IN FINE AS TO WHOM SPANGLES OR SPOTS OF ANY SUFFICIENTLY MARKED AND EXHIBITED SORT COULD BE LOUDLY ENOUGH PREDICATED
2514-149482-0101	6.990	88	744	SHE SLIPPED IN THE OBSERVATION THAT HER MILLY WAS INCAPABLE OF CHANGE WAS JUST EXACTLY ON THE CONTRARY
2518-154825-0000	6.640	83	699	HOW FEARFUL AND DIZZY TIS TO CAST ONE'S EYES SO LOW I'LL LOOK NO MORE
2518-154825-0008	2.740	35	304	AND HE JERKED HIS THUMB AT MASKEW
2518-154825-0016	8.290	104	878	YET IF THOU ART CONTENT TO HANG THY LIFE UPON A HAIR I WILL CARRY THEE SOME WAY AND WHERE THERE IS NO ROOM TO CARRY
2518-154825-0037	3.685	47	399	AND THEN WHILE HE KNELT DOWN UPON THE PATH
2518-154825-0055	9.435	118	990	AND I COULD OPEN MY EYES WITHOUT A TRACE OF GIDDINESS SO I BEGAN TO MOVE FORWARD AGAIN ON HANDS AND KNEES AND ELZEVIR
2518-154826-0016	9.010	113	966	I WISH I HAD A THIMBLEFUL OF POWDER TO MAKE THIS WHISTLE SOUND' AND HE TOOK MASKEW'S SILVER BUTTED PISTOL AGAIN FROM HIS BOSOM AND HANDLED IT LOVINGLY
2518-154826-0018	2.785	35	303	AND NOW THAT I WAS UNDER THE LEE OF THE WALL
2518-154826-0029	5.785	73	619	AND HIS VOICE HAD SOMETHING OF SURPRISE IN IT NAY BUT MY SHOT ARE OVER SMALL
2518-154826-0035	5.680	71	607	BUT WHEN ELZEVIR SAT DOWN THE BOY GAVE A CAREFUL LOOK ROUND AND SEEING NO ONE WATCHING ANY MORE
2518-154826-0045	3.425	43	372	AND HERE AND THERE STILL STOOD A FORLORN GOOSEBERRY BUSH
2518-154826-0054	8.695	109	921	AND CARRY ME IN A VERY CONSTRAINED ATTITUDE ONLY TWICE DID HE SET ME DOWN AT A TURNING WHILE HE TOOK OUT HIS TINDER BOX AND LIT A MATCH
2691-156745-0013	3.790	48	407	IN THE MORNING HE FOUND HER COLD IN DEATH
2691-156745-0019	8.065	101	858	SHOULD BE HANDED OVER TO CAPTAIN FALLON TO SATISFY THE CLAIMS OF HIS PARTY AND THE OTHER HALF SHOULD BE PUT INTO THE HANDS OF A GUARDIAN
2691-156745-0020	9.415	118	985	NOTWITHSTANDING THESE PLANS FOR OUR WELL BEING UNACCOUNTABLE DELAYS FOLLOWED MAKING OUR SITUATION DAILY MORE TRYING
2691-156745-0028	5.670	71	603	FLOATING NEAR THE END OF THE BOARD AND LAY DOWN UPON IT FOR THE PURPOSE OF CATCHING THEM
2691-156745-0038	8.255	104	878	SOME ONE POINTED TO HIM WHO SAT BESIDE OUR ELDEST SISTER AND GAYLY SAID LOOK AT YOUR NEW BROTHER ANOTHER ASKED
2691-156745-0040	8.465	106	904	SHE AND HER HUSBAND SLIPPED AWAY SOON ON HORSEBACK AND WE WERE TOLD THAT WE WERE TO STAY AT OUR NEIGHBOR'S UNTIL THEY RETURNED FOR US
2691-156745-0043	7.165	90	760	AND HOW FINALLY HE HIMSELF HAD CARRIED TO THE BEREAVED DAUGHTER THE LAST ACCOUNTS FROM DONNER CAMP
2691-156745-0044	7.015	88	748	WOULD SHE TAKE US THREE TO LIVE WITH HER ON THAT CATTLE RANCH TWENTY FIVE MILES BY BRIDLE TRAIL FROM THE FORT
2691-156750-0001	7.190	90	756	EXCITED MEN WOMEN AND CHILDREN RUSHED TO TOWN IN QUEST OF INFORMATION IT WAS FURNISHED BY
2691-156750-0008	5.200	65	556	THEY WENT NOT WITH CHEERING WORDS ONLY BUT WITH SOMETHING IN STORE FOR THE EMPTY CUPBOARDS
2691-156750-0012	5.890	74	633	WE WOULD FIND IN THE PLAIN WOODEN CRADLE A DAINTY BUNDLE OF SWEETNESS ALL DONE UP IN WHITE
2691-156750-0021	4.445	56	483	LAWD HONEY YO NEEDN'T HAVE NO PUNCTIONS BOUT TAKIN DIS YER BOOK
2691-156755-0010	8.190	103	872	AND EMPRESS WOULD ARRIVE IN THAT TOWN AND DINE AT THE TAVERN THEN THE EXCITEMENT AND ENTHUSIASTIC PREPARATIONS WHICH FOLLOWED
2691-156755-0015	7.210	91	770	THAT SHE WAS NERVOUS FROM ADDED RESPONSIBILITIES AND NOT DRESSED FOR PRESENTATION CRIED WITH QUIVERING LIPS
2691-156755-0029	9.470	119	1001	WHILE I CUT THEM OFF AND HOED UP THE ROOTS THE PLANTS TOWERED LUXURIANTLY ABOVE OUR HEADS MAKING THE TASK EXTREMELY PAINFUL
2691-156755-0033	7.580	95	807	AND GREATLY ALARMED US THE TEA MAY HAVE EASED JAKIE'S PAIN BUT IT DID NOT ACCOMPLISH WHAT WE HAD HOPED
2764-36616-0000	3.405	43	372	WHICH WAS THE BIG NEWS OF THE DAY AND HOW COULD I NOT HAVE BEEN
2764-36616-0006	4.315	54	467	SINCE THE PUBLIC INTEREST WAS AT STAKE AND TRANSOCEANIC TRAVEL WAS SUFFERING
2764-36616-0009	3.735	47	407	DESPITE THE ENDLESS WITTICISMS HEAPED ON IT BY THE POPULAR PRESS
2764-36616-0011	1.935	25	219	MY VIEWS WERE IN DEMAND
2764-36616-0019	8.540	107	916	WE MUST LOOK FOR THE ANIMAL IN QUESTION AMONG THOSE MARINE CREATURES ALREADY CATALOGED AND IN THIS EVENT I WOULD BE INCLINED TO ACCEPT THE EXISTENCE OF A GIANT NARWHALE
2764-36616-0022	5.900	74	630	WHICH THE NARWHALE ATTACKS WITH INVARIABLE SUCCESS OTHERS HAVE BEEN WRENCHED NOT WITHOUT DIFFICULTY
2764-36617-0000	6.870	86	721	CHAPTER THREE AS MASTER WISHES THREE SECONDS BEFORE THE ARRIVAL OF J B HOBSON'S LETTER
2764-36617-0013	5.105	64	543	THERE WAS GOOD REASON TO STOP AND THINK EVEN FOR THE WORLD'S MOST EMOTIONLESS MAN
2764-36617-0014	4.075	51	434	CONSEIL I CALLED A THIRD TIME CONSEIL APPEARED
2764-36617-0019	3.130	40	347	IT'S A GLORIOUS MISSION BUT ALSO A DANGEROUS ONE
2764-36617-0022	7.235	91	780	THE HOTEL ELEVATOR DROPPED US OFF IN THE MAIN VESTIBULE ON THE MEZZANINE I WENT DOWN A SHORT STAIR LEADING TO THE GROUND FLOOR
2764-36617-0023	5.385	68	583	I LEFT INSTRUCTIONS FOR SHIPPING MY CONTAINERS OF STUFFED ANIMALS AND DRIED PLANTS TO PARIS FRANCE
2764-36617-0024	4.140	52	450	FOR A FARE OF TWENTY FRANCS THE VEHICLE WENT DOWN BROADWAY TO UNION SQUARE
2764-36617-0036	7.710	97	825	THE WONDERFUL RIGHT BANK OF THIS RIVER ALL LOADED DOWN WITH COUNTRY HOMES AND PASSED BY THE FORTS TO SALUTES FROM THEIR BIGGEST CANNONS
2764-36617-0037	3.660	46	403	WHOSE THIRTY NINE STARS GLEAMED FROM THE GAFF OF THE MIZZEN SAIL
2764-36619-0008	7.445	94	802	I NO LONGER LEFT THE SHIP'S DECK SOMETIMES BENDING OVER THE FORECASTLE RAILINGS SOMETIMES LEANING AGAINST THE STERNRAIL
2764-36619-0018	3.830	48	417	NO DOUBT OUR BOSUN SAID BECAUSE THERE ISN'T ENOUGH WATER FOR HIM
2764-36619-0026	4.560	57	491	NEVER HAD THE CREW OF AN AMERICAN NAVAL CRAFT SHOWN MORE PATIENCE AND ZEAL
2764-36619-0030	4.485	57	486	TWO DAYS PASSED THE ABRAHAM LINCOLN STAYED AT HALF STEAM
2764-36619-0038	4.540	57	487	IN MASTER'S LITTLE APARTMENT CONSEIL ANSWERED IN MASTER'S MUSEUM
2764-36619-0039	6.415	81	687	AND IT WOULD HAVE ATTRACTED EVERY CURIOSITY SEEKER IN TOWN QUITE SO CONSEIL AND WHAT'S MORE
2817-142371-0005	7.665	96	814	YOU'RE ABOUT AS NEAR THE RIGHT LANGUAGE AS A PIG'S SQUEAKING IS LIKE A TUNE PLAYED ON A KEY BUGLE WELL I DON'T KNOW
2817-142371-0006	4.245	54	460	I SHOULD THINK A MAN AS HAS LIVED AMONG THE GENTRY FROM A BY
2817-142371-0008	2.845	36	311	THE REST OF THE PARTY BEING LOAMSNIRE MEN
2817-142371-0010	4.625	58	495	AND THAT FRESH HEARER WAS MARTIN POYSER WHO AS HIS WIFE SAID
2817-142371-0012	8.145	102	864	AS IS A GOING TO TAKE THE CHASE FARM WANTING POYSER TO DO SOMETHING FOR HIM WITHOUT PAY BUT POYSER'S A FOOL IF HE DOES
2817-142371-0022	2.945	37	317	NOT YET I MUST SEE YOUR DAIRY
2817-142371-0025	4.995	63	535	THOUGH THERE'S SOME ON IT AS ONE'S NO NEED TO SEE THE SMELL'S ENOUGH
2817-142371-0034	5.890	74	628	NOT BUT WHAT I'M GLAD TO HEAR O ANYBODY RESPECTABLE COMING INTO THE PARISH THERE'S SOME
2817-142371-0036	3.255	41	354	INDEED SIR IF IT'S ANYTHING T OUR ADVANTAGE
2817-142371-0039	9.090	114	962	THAN CORN LAND MISTER POYSER WAS LEANING FORWARD WITH HIS ELBOWS ON HIS KNEES HIS HEAD ON ONE SIDE AND HIS MOUTH SCREWED UP
2817-142371-0043	7.180	90	754	HELD IT FIRMLY BETWEEN HER CLASPED HANDS SAY WHY I SAY YOU MAY DO AS YOU LIKE
2817-142371-0049	8.840	111	935	WI INS AN OUTS TO FIT INT EVERYTHING ELSE IF YOU COULD MAKE A PUDDING WI THINKING O THE BATTER IT UD BE EASY GETTING DINNER
2817-142371-0050	7.590	95	800	WHAT'S TO MAKE ME SURE AS THE HOUSE WON'T BE PUT O BOARD WAGE AFORE WE'RE MANY MONTHS OLDER AND THEN
2817-142371-0051	7.385	93	790	O NIGHTS WI TWENTY GALLONS O MILK ON MY MIND AND DINGALL ULL TAKE NO MORE BUTTER LET ALONE PAYING FOR IT
2817-142371-0058	9.305	117	981	WAS BEGINNING A MILD REMONSTRANCE EXPLANATORY OF THE INCONVENIENCE HE SHOULD FIND IN HAVING TO BUY AND SELL MORE STOCK WITH
2817-142371-0060	6.890	87	739	SIGN HER SOUL AWAY I'VE A RIGHT TO SPEAK FOR I MAKE ONE QUARTER O THE RENT AND SAVE ANOTHER QUARTER
2817-142371-0062	3.590	45	390	AS IT'S A MERCY THEY HANNA EAT THE CHILDREN LONG AGO
2817-142371-0067	2.905	37	320	FOR WANT O KNOWING HOW T UNDO THE TACKLE
2817-142371-0068	4.275	54	466	AS SPEAKS MY MIND THERE'S PLENTY O THE SAME WAY O THINKING THIS PARISH
2817-142371-0075	5.480	69	590	AND THERE'S LITTLE LIKELIHOOD FOR IT SEEMS AS IF THEM AS AREN'T WANTED HERE ARE TH
2817-142371-0076	8.930	112	950	THIS MICHAELMAS TWELVEMONTH SAID MISTER POYSER AND GOING INTO A STRANGE PARISH WHERE THEE KNOW'ST NOBODY IT'LL BE HARD UPON US BOTH
2817-142380-0002	8.700	109	923	HE HAS ONE ARM OVER THE BACK OF THE CHAIR AND HE SEEMS TO BE LOOKING DOWN AT HIS CLASPED HANDS HE IS ROUSED BY A KNOCK AT THE DOOR
2817-142380-0008	5.455	69	587	IF THEY NOW URGE YOU STRONGLY TO GO AND SEE HER TO MORROW MORNING EVEN WITHOUT HER CONSENT
2817-142380-0017	6.840	86	723	HE MAY BE WEAK BUT HE IS NOT CALLOUS NOT COLDLY SELFISH I AM PERSUADED
2817-142380-0024	4.955	62	528	EVEN IN DETERMINING WHO HAS COMMITTED A SINGLE CRIMINAL ACT AND THE PROBLEM
2817-142380-0029	6.020	76	641	HE FORESAW ENOUGH HE'D NO RIGHT TO EXPECT ANYTHING BUT HARM AND SHAME TO HER
2817-142380-0030	8.350	105	882	NOT HALF SO HATEFUL AS THAT LET A MAN DO WHAT HE WILL IF HE KNOWS HE'S TO BEAR THE PUNISHMENT HIMSELF
2817-142380-0038	7.710	97	812	IT SEEMS THEY HAD NO EXACT ADDRESS ADAM SAT RUMINATING A LITTLE WHILE AND THEN SAID
2817-142380-0039	1.990	25	220	BUT PERHAPS THE POYSERS
2836-5354-0034	4.560	57	487	BESIDES I SHOULD NOT CHOOSE FOR THE OLD MAN'S FUNERAL TO TAKE PLACE WITHOUT ME
2836-5354-0036	8.280	104	875	COOLLY OBSERVED SIR FRANCIS CHANCE IT CHANCE THE LEGITIMACY OF THE CHILD YOU MUST ASSURE THAT BEFORE ALL THINGS
2836-5354-0040	5.520	69	591	NEARLY AN HOUR ELAPSED WHEN SHE REMEMBERED THE BREAKFAST THINGS AND RANG FOR THEM TO BE REMOVED
2836-5354-0041	3.055	39	333	WHERE IS PIERRE MILADI ASKED
2836-5354-0045	6.045	76	651	YOU KNOW THAT THE FRENCH PROTESTANT MINISTER IS PREPARED TO MARRY US THE INSTANT NEWS OF THE DIVORCE SHALL ARRIVE
2836-5354-0050	3.535	45	389	SHE HAD HAD A LONG ILLNESS TERMINATING IN A LOW FEVER
2836-5355-0004	5.710	72	618	YOUR WORDS ARE NOT WORDS OF TRUTH BUT OF DECEIT YOU DID NOT INTEND TO BE BACK IN TIME FOR THE MARRIAGE
2836-5355-0027	8.735	110	931	OVER HIS SHOULDER IN THE DIRECTION OF THE CRADLE WHAT HAVE YOU NAMED THAT YOUNG ARTICLE THERE THE NAME WHICH OUGHT TO HAVE BEEN HIS BY INHERITANCE
2836-5355-0037	9.220	116	983	REMEMBER THOUGH THAT IT IS YOUR DOING NOT MINE BUT YOU CANNOT THINK I AM GOING TO SEE YOU STARVE ISABEL A SUM WE WILL FIX UPON THE AMOUNT AMICABLY
2836-5355-0044	4.905	62	530	HE TOOK OUT HIS POCKET BOOK AND PLACED THE BANK NOTES WITHIN IT YOUR CLOTHES
2836-5355-0047	6.530	82	693	AND CALLING THE SERVANTS BEFORE HIM THERE WERE BUT TWO GAVE THEM EACH A YEAR'S WAGES IN ADVANCE
2843-152918-0005	2.565	33	283	THE TEMPERATURE WAS NOT SO VERY LOW
2843-152918-0008	4.685	59	497	ONE DAY MAY BE PLEASANT ENOUGH BUT TWO THREE FOUR
2843-152918-0024	7.070	89	752	AND DOWNHILL THEY WENT AT THE WILDEST PACE WISTING AFTER THEM I SHOUTED TO HANSSEN TO STOP
2843-152918-0034	4.635	58	495	HAD NOW BROKEN LOOSE AGAIN AND THE NORTH EASTER WAS DOING ALL IT COULD
2843-152918-0038	2.920	37	321	WHICH HAD NOT BEEN NECESSARY DURING THE ASCENT
2843-152918-0040	7.845	99	841	WHICH WAS REAL TORTURE TO ALL OF US A SLEDGE JOURNEY THROUGH THE SAHARA COULD NOT HAVE OFFERED A WORSE SURFACE TO MOVE OVER
2843-152918-0044	4.575	58	494	INSTEAD OF RISING GRADUALLY WE WERE GOING SLOWLY DOWN
2843-152918-0045	4.575	58	493	BUT WHAT ACCORDING TO DEAD RECKONING OUR LATITUDE THAT EVENING
2843-152918-0052	9.160	115	960	TWO LONG NARROW MOUNTAIN RIDGES TO THE WEST OF US RUNNING NORTH AND SOUTH AND COMPLETELY COVERED WITH SNOW THESE
2843-152918-0054	9.040	113	952	THEY GAVE US THE IMPRESSION OF BEING ENTIRELY ISOLATED SUMMITS AS WE COULD NOT MAKE OUT ANY LOFTY RIDGE RUNNING EAST AND WEST
2843-152918-0064	6.630	83	707	WE COULD SEE THAT THE BIG CREVASSES LOST THEMSELVES IN IT AND THE QUESTION OF WHAT THE GLACIER LOOKED LIKE ON THE WEST
2843-152918-0073	4.625	58	495	HAVING FINISHED THE EDIFICE WHICH ROSE AT LEAST SIX FEET INTO THE AIR
2843-152918-0074	8.740	110	928	SO AS TO BE ABLE TO SEE IT STILL MORE EASILY ON THE WAY BACK AN OBSERVATION WE HAD CONTRIVED TO TAKE WHILE THE WORK WAS IN PROGRESS
2843-152918-0075	4.245	54	461	THIS DID NOT AGREE VERY WELL WITH THE LATITUDE OF OUR DEAD RECKONING
2843-152918-0076	9.420	118	996	AND A FINE LIGHT SNOW WAS FALLING WE HAD TAKEN A BEARING OF THE LINE OF GLACIER THAT WAS MOST FREE OF CREVASSES AND SO WE MOVED ON AGAIN
2843-152918-0078	4.820	61	518	WE EXAMINED THE COMPASS FROM TIME TO TIME AND WENT FORWARD CAUTIOUSLY
2843-152918-0079	4.375	55	466	BUT THAT AFTER ALL WAS NOT MUCH OF A HELP TO OUR DRIVERS
2843-152918-0080	6.680	84	711	AS THE CREVASSES WERE OFTEN RENDERED QUITE INVISIBLE BY A THIN OVERLYING LAYER OF SNOW
2843-152918-0093	6.330	80	675	FROM THIS POINT THE GLACIER AS FAR AS OUR VIEW EXTENDED TO THE SOUTH LOOKED BETTER AND BETTER
2843-152918-0101	6.595	83	701	AND ALLOWED US A VERY GOOD SURVEY OF OUR POSITION WE COULD NOW SEE THAT THE TWO MOUNTAIN RANGES
2893-139310-0008	9.385	118	990	IT IS LONDON YES SAID THE YOUNGER MAN AND THOSE WHO MEET IN THE GREAT HALL WITH THE WHITE ATLAS HOW DOES IT CONCERN ME
2893-139310-0013	2.980	38	325	BUT WHO IS OSTROG HE SAID
2893-139310-0014	4.565	58	484	OUR LEADER IN YOUR NAME IN MY NAME
2893-139310-0017	3.955	50	434	THE YOUNGER MAN SUDDENLY BECAME AUDIBLE IN A PAUSE OF THE OUTER THUNDER
2893-139310-0023	5.895	74	622	ON THE ONE HAND WAS THE WHITE COUNCIL POWERFUL DISCIPLINED FEW
2893-139310-0029	5.525	70	596	BUT A MOMENT THAT WAS NEAR TO PANIC PASSED HE TRIED TO MAKE AUDIBLE INQUIRIES OF
2893-139310-0031	6.760	85	725	THE VOICES WERE GATHERED TOGETHER AND UPBORNE BY A TORRENT OF INSTRUMENTAL MUSIC MUSIC LIKE THE MUSIC OF AN ORGAN
2893-139310-0033	5.840	73	625	THE STRENGTH OF THAT CHANT TOOK HOLD OF HIM STIRRED HIM EMBOLDENED HIM THE HALL OPENED TO HIM
2893-139322-0020	4.725	60	508	HAD THE ODDEST EFFECT THE WORK WAS BEAUTIFULLY EXECUTED
2893-139322-0046	8.285	104	881	THE MASTER IS BETRAYED THEY CRIED THE MASTER IS BETRAYED SUDDENLY THE SITUATION SHAPED ITSELF IN HIS MIND REAL AND URGENT
2893-139322-0049	5.035	63	533	IT SOUNDS TRUE SAID ASANO LET US HAVE THE FACTS SAID GRAHAM
2910-131096-0028	4.255	54	465	BUT AT LENGTH THE THOUGHT OF HER PARENTS LEFT IN IGNORANCE OF HER FATE
2910-131096-0034	8.720	109	920	SOON MADE HER CONFESS THAT SHE HAD NEVER SEEN HIM THEN THEY PROCEEDED TO FILL HER BOSOM WITH DARK SUSPICIONS CALL TO MIND THEY SAID
2910-131096-0047	3.890	49	419	BY SEPARATING AND SORTING EVERYTHING TO ITS PROPER PLACE AND KIND
2910-131096-0069	8.485	107	907	BUT THE VOICE ADDED WHEN PROSERPINE HAS GIVEN YOU THE BOX FILLED WITH HER BEAUTY OF ALL THINGS THIS IS CHIEFLY TO BE OBSERVED BY YOU
2911-7601-0001	4.790	60	514	ABOVE ALL WAS THE SENSE OF HEARING ACUTE I HEARD ALL THINGS IN THE HEAVEN
2911-7601-0017	8.765	110	935	PRESENTLY I HEARD A SLIGHT GROAN AND I KNEW IT WAS THE GROAN OF MORTAL TERROR IT WAS NOT A GROAN OF PAIN OR OF GRIEF OH NO
2911-7601-0018	7.590	95	801	WHEN OVERCHARGED WITH AWE I KNEW THE SOUND WELL MANY A NIGHT JUST AT MIDNIGHT WHEN ALL THE WORLD SLEPT
2911-7601-0024	5.780	73	616	STEALTHILY UNTIL AT LENGTH A SIMPLE DIM RAY LIKE THE THREAD OF THE SPIDER
2911-7601-0027	8.690	109	920	AND HAVE I NOT TOLD YOU THAT WHAT YOU MISTAKE FOR MADNESS IS BUT OVER ACUTENESS OF THE SENSE NOW I SAY THERE CAME TO MY EARS
2911-7601-0033	8.915	112	951	WITH A LOUD YELL I THREW OPEN THE LANTERN AND LEAPED INTO THE ROOM HE SHRIEKED ONCE ONCE ONLY IN AN INSTANT I DRAGGED HIM TO THE FLOOR
2911-7601-0038	6.505	82	694	NO BLOOD SPOT WHATEVER I HAD BEEN TOO WARY FOR THAT A TUB HAD CAUGHT ALL HA HA
2911-12359-0001	8.130	102	863	AND SHEEP'S MILK CHEESE TO NIBBLE THE CLASSICAL GREEK CHEESE HAS ALWAYS BEEN FETA AND NO DOUBT THIS WAS THE KIND
2911-12359-0005	5.465	69	589	HEAVENLY MARRIAGES ARE MADE IN BURGUNDY BETWEEN RED AND WHITE WINES OF BOTH COTES
2911-12359-0006	3.940	50	426	AND DE BAUNE AND BURGUNDIAN CHEESES SUCH AS
2911-12359-0007	5.095	64	544	AND PORT SALUT SEEM TO BE MADE FOR EACH OTHER AS DO CHATEAU MARGAUX
2911-12359-0008	2.230	28	246	SUCH NOTABLES AS SAINTE MAURE
2911-12359-0009	4.070	51	432	VENDOME AND THE LOIRE WINES VOUVRAY
2911-12359-0010	3.850	49	416	AND ANJOU GRUYERE MATES WITH CHABLIS
2911-12359-0013	4.535	57	488	GRAPE CHEESE NAMED FROM THE NEUCHATEL WINE IN WHICH IT IS AGED
2911-12359-0020	7.025	88	742	DE DANZIG AND NIBBLE ON LEGITIMATE DANZIG CHEESE UNADULTERATED GOLDWASSER
2911-12359-0023	7.320	92	777	THIS IS ALSO TRUE OF OUR NATIVE JERSEY LIGHTNING AND HARD CIDER WITH THEIR ACCOMPANYING NEW YORK STATE CHEESE
2911-12359-0024	2.315	29	254	FARMERS ALSO DRINK HOMEMADE CIDER
2911-15045-0006	7.970	100	851	WESTWARD THE ERIES ALONG THE SOUTHERN SHORE OF LAKE ERIE AND THE NEUTRAL NATION ALONG ITS NORTHERN SHORE FROM NIAGARA
2911-15045-0012	2.415	31	274	AND THE WHOLE OF NEW BRUNSWICK WERE OCCUPIED
2911-15045-0013	8.830	111	934	TO WHOM AGRICULTURE WAS UNKNOWN THOUGH THE SEA PROLIFIC OF FISH LOBSTERS AND SEALS GREATLY LIGHTENED THEIR MISERIES
2911-15045-0017	4.705	59	506	AND SETTING UP THEIR BARK WIGWAMS ALONG THE STRAND OF THAT WILD HARBOR
2911-15045-0021	7.580	95	805	A NOTED PLACE OF TRADE WHERE A FEW ALGONQUINS OF THE TRIBE CALLED ATTICAMEGUES MIGHT POSSIBLY BE SEEN
2911-15045-0023	6.830	86	731	WHEN THE SHORE SWARMED WITH SAVAGES WHO HAD COME TO THE YEARLY TRADE FROM THE GREAT COMMUNITIES OF THE INTERIOR
2911-15045-0026	7.395	93	786	IT WAS NEARLY THREE HUNDRED MILES BY THE WINDINGS OF THE STREAM BEFORE ONE REACHED THAT ALGONQUIN TRIBE
2911-15045-0029	7.985	100	848	INDICATED A PEOPLE FAR IN ADVANCE OF THE FAMISHED WANDERERS OF THE SAGUENAY OR THEIR LESS ABJECT KINDRED OF NEW ENGLAND
2911-15084-0002	4.115	52	447	ABOUT TWENTY IN NUMBER SEVERAL SOON FELL VICTIMS TO FAMINE
2911-15084-0013	9.240	116	976	BUT NOW NEW SCENES SUCCEED AND OTHER ACTORS ENTER ON THE STAGE A HARDY AND VALIANT BAND MOULDED TO ENDURE AND DARE
2952-407-0016	4.425	56	481	FOR THE SAME REASON THAT SISTER HELEN MADE A LITTLE MAN OF WAX AND NAIL IT
2952-407-0019	6.325	80	688	AFTER THE BELL HAD BEEN ROLLED INTO THE SWAMP THERE WAS OF COURSE NO MORE CHANCE OF RINGING IT IN SUCH WISE AS TO BREAK IT
2952-407-0022	5.820	73	626	CRYING OUT AT THE SAME TIME FOR THREE HUNDRED PIECES OF GOLD A GUEST OF THE INN WHERE THE PAIR WERE STOPPING
2952-407-0023	9.435	118	1004	AFTERWARDS A SONG WAS MADE ABOUT UMEGAE'S BASIN OF BRONZE AND THAT SONG IS SUNG BY DANCING GIRLS EVEN TO THIS DAY UMEGAE NO CHOZUBACHI TATAITE
2952-407-0024	5.175	65	561	IF BY STRIKING UPON THE WASH BASIN OF UMEGAE I COULD MAKE HONORABLE MONEY COME TO ME
2952-407-0025	5.740	72	614	BECAME GREAT AND MANY PEOPLE FOLLOWED THE EXAMPLE OF UMEGAE THEREBY HOPING TO EMULATE HER LUCK
2952-407-0027	5.335	67	570	AND THEY OPENED IT TOGETHER AND THEY FOUND THAT IT WAS FILLED UP TO THE VERY BRIM WITH
2952-408-0000	6.095	77	642	JIKININKI ONCE WHEN MUSO KOKUSHI
2952-408-0005	4.030	51	442	THE PEOPLE WHOM YOU SAW IN THE NEXT ROOM ARE THE INHABITANTS OF THIS VILLAGE
2952-410-0000	3.375	43	370	ALL THE CAPACITIES OF A DARING AND SKILLFUL SOLDIER
2952-410-0002	5.105	64	545	AS IN OTHER YEARS HE HAD LAUGHED AT PERIL SO NOW ALSO HE SCORNED DANGER
2952-410-0003	9.215	116	983	SO HE RESIGNED HIMSELF TO PASS THE NIGHT UNDER THE STARS AND HAVING FOUND A SUITABLE GRASSY SPOT BY THE ROADSIDE HE LAY DOWN THERE AND PREPARED TO SLEEP
2952-410-0005	9.185	115	985	SCARCELY HAD HE LAIN DOWN WHEN A MAN CAME ALONG THE ROAD CARRYING AN AXE AND A GREAT BUNDLE OF CHOPPED WOOD THIS WOODCUTTER HALTED ON SEEING KWAIRYO LYING DOWN
2952-410-0007	7.430	93	790	MY FRIEND CHEERFULLY ANSWERED KWAIRYO I AM ONLY A WANDERING PRIEST A CLOUD AND WATER GUEST AS FOLKS CALL IT
2952-410-0016	5.240	66	568	BUT I LOVED WOMEN AND WINE TOO WELL AND UNDER THE INFLUENCE OF PASSION I ACTED WICKEDLY
2952-410-0021	8.455	106	907	THEN ALL WENT TO SLEEP EXCEPT THE PRIEST WHO BEGAN TO READ THE SUTRAS BY THE LIGHT OF A PAPER LANTERN UNTIL A LATE HOUR HE CONTINUED TO READ AND PRAY
2952-410-0034	8.630	108	905	SINCE MY BODY HAS BEEN MOVED TO REJOIN IT IS NOT POSSIBLE THEN I MUST DIE AND ALL THROUGH THE WORK OF THAT PRIEST
2952-410-0050	3.440	43	370	PERHAPS YOU ONCE BELONGED TO THE SAMURAI CLASS
2952-410-0055	6.685	84	713	THOUGH BRAVE THE HIGHWAYMAN WAS STARTLED HE DROPPED THE GARMENT AND SPRANG BACK THEN HE CRIED OUT YOU
2952-410-0058	3.355	42	364	TAKE THE THING SAID KWAIRYO I WAS NOT JOKING
2989-138028-0000	9.085	114	956	CHAPTER SIX OF WHAT TOOK PLACE BETWEEN DON QUIXOTE AND HIS NIECE AND HOUSEKEEPER ONE OF THE MOST IMPORTANT CHAPTERS IN THE WHOLE HISTORY
2989-138028-0005	2.120	27	237	THERE MUST BE ALL SORTS IN THE WORLD
2989-138028-0012	7.055	89	760	WIELD TRENCHANT BLADES OF DAMASCUS STEEL OR CLUBS STUDDED WITH SPIKES ALSO OF STEEL SUCH AS I HAVE MORE THAN ONCE SEEN
2989-138028-0015	3.120	39	342	FOR HE WAS THE MOST HUMBLE MINDED AND COURTEOUS KNIGHT OF HIS TIME
2989-138028-0017	4.150	52	453	AND ONE HAS NEED OF EXPERIENCE AND DISCERNMENT TO DISTINGUISH THESE TWO KINDS OF GENTLEMEN
2989-138028-0018	4.190	53	454	GOD BLESS ME SAID THE NIECE THAT YOU SHOULD KNOW SO MUCH UNCLE
2989-138028-0022	4.080	51	441	THOSE THAT HAD AN HUMBLE ORIGIN AND ROSE TO THE GREATNESS THEY STILL PRESERVE
2989-138028-0023	6.080	76	646	FOR EXAMPLES OF THE SECOND SORT OF LINEAGE THAT BEGAN WITH GREATNESS AND MAINTAINS IT STILL WITHOUT ADDING TO IT
2989-138028-0029	8.595	108	909	THERE ARE TWO ROADS MY DAUGHTERS BY WHICH MEN MAY REACH WEALTH AND HONOURS ONE IS THAT OF LETTERS THE OTHER THAT OF ARMS
2989-138028-0030	3.380	43	370	I AM THEREFORE IN A MEASURE CONSTRAINED TO FOLLOW THAT ROAD
2989-138028-0035	2.605	33	291	AT THIS MOMENT THERE CAME A KNOCKING AT THE DOOR
2989-138028-0037	5.440	68	577	SO THAT TO BRING HIM ROUND AGAIN EVER SO LITTLE COST ME MORE THAN SIX HUNDRED EGGS
2989-138028-0040	2.435	31	275	THAT WOULD DO IF IT WAS THE TOOTHACHE MY MASTER HAD
2989-138028-0041	2.260	29	256	I KNOW WHAT I AM SAYING MISTRESS HOUSEKEEPER
2989-138028-0042	3.820	48	411	REPLIED CARRASCO AND WITH THIS THE HOUSEKEEPER RETIRED
2989-138028-0043	3.295	42	362	AND ARRANGE WITH HIM WHAT WILL BE TOLD IN ITS PROPER PLACE
2989-138028-0044	3.105	39	338	ONCE OR TWICE AS WELL AS I REMEMBER REPLIED SANCHO
2989-138028-0045	3.170	40	344	FOR I KNOW NOT WHAT I AM SO FOCILE MEANS
2989-138028-0047	4.490	57	484	BUT TO COME TO THE POINT WHAT DOES TERESA SAY TERESA SAYS
2989-138028-0048	9.130	115	965	AND SO SAY I SAID DON QUIXOTE CONTINUE SANCHO MY FRIEND GO ON YOU TALK PEARLS TO DAY THE FACT IS CONTINUED SANCHO
2989-138028-0049	6.610	83	714	AND THE LAMB GOES AS SOON AS THE SHEEP AND NOBODY CAN PROMISE HIMSELF MORE HOURS OF LIFE IN THIS WORLD THAN GOD MAY BE PLEASED TO GIVE HIM
2989-138028-0050	9.015	113	958	AND THAT THE SAME HE PAID ME OUT OF YOUR ESTATE FOR I DON'T CARE TO STAND ON REWARDS WHICH EITHER COME LATE OR ILL OR NEVER AT ALL GOD HELP ME WITH MY OWN
2989-138028-0051	3.005	38	330	AND SO LONG AS ONE GAINS SOMETHING THERE IS NOTHING LOST
2989-138028-0052	8.695	109	936	AND SO WELL UNDERSTOOD RETURNED DON QUIXOTE THAT I HAVE SEEN INTO THE DEPTHS OF THY THOUGHTS AND KNOW THE MARK THOU ART SHOOTING AT WITH THE COUNTLESS SHAFTS OF THY PROVERBS
2989-138028-0055	8.070	101	858	AND IN SHORT I MEAN TO SAY AND I DO SAY THAT IF YOU DON'T LIKE TO COME ON REWARD WITH ME AND RUN THE SAME CHANCE THAT I RUN GOD BE WITH YOU
2989-138028-0059	6.230	78	664	ANY LONGER CURBED AND CHECKED FOR BY HIS INACTIVITY HE IS DEFRAUDING THE WORLD OF THE REDRESS OF WRONGS
2989-138028-0060	9.090	114	970	OF THE HONOUR OF VIRGINS OF THE AID OF WIDOWS AND OF THE SUPPORT OF WIVES AND OTHER MATTERS OF THIS KIND APPERTAINING BELONGING PROPER AND PECULIAR
2989-138028-0064	2.710	34	295	THE BREAD EATEN AND THE COMPANY DISPERSED
2989-138028-0065	5.240	66	564	WHO THE PANZAS FROM WHOM I AM DESCENDED WERE AND WHAT IS MORE I KNOW AND HAVE LEARNED
2989-138028-0067	6.885	87	743	AND SO THERE'S NOTHING MORE TO DO BUT FOR YOUR WORSHIP TO MAKE YOUR WILL WITH ITS CODICIL IN SUCH A WAY THAT IT CAN'T BE PROVOKED
2989-138028-0068	8.650	109	928	SO I OFFER AGAIN TO SERVE YOUR WORSHIP FAITHFULLY AND LOYALLY AS WELL AND BETTER THAN ALL THE SQUIRES THAT SERVED KNIGHTS ERRANT IN TIMES PAST OR PRESENT
2989-138028-0069	9.275	116	987	AS HE WAS THERE DESCRIBED BUT NOW HEARING HIM TALK OF A WILL AND CODICIL THAT COULD NOT BE PROVOKED INSTEAD OF WILL AND CODICIL THAT COULD NOT BE REVOKED
2989-138028-0072	8.725	110	940	POURED OUT ON THE BACHELOR WERE PAST COUNTING THEY TORE THEIR HAIR THEY CLAWED THEIR FACES AND IN THE STYLE OF THE HIRED MOURNERS THAT WERE ONCE IN FASHION
2989-138028-0073	6.055	76	650	SAMSON'S INTENTION IN PERSUADING HIM TO SALLY FORTH ONCE MORE WAS TO DO WHAT THE HISTORY RELATES FARTHER ON
2989-138028-0074	2.785	35	305	WITH WHOM HE HAD PREVIOUSLY DISCUSSED THE SUBJECT
2989-138035-0005	2.330	30	260	WHO IS CALLED PAR EXCELLENCE
2989-138035-0007	7.810	98	828	BUT NO ONE MINDS THAT NOW A DAYS FOR WEALTH CAN SOLDER A GREAT MANY FLAWS AT ANY RATE CAMACHO IS FREE HANDED
2989-138035-0009	2.515	32	281	NOR OF THE MANY OTHERS I HAVE OMITTED TO MENTION
2989-138035-0010	2.875	36	316	AND HE LIVED IN THE HOUSE NEXT DOOR TO THAT OF HER PARENTS
2989-138035-0011	4.170	53	453	SO THAT THE LOVES OF THE TWO CHILDREN BASILIO AND QUITERIA
2989-138035-0012	3.015	38	332	HE ARRANGED A MATCH FOR HIS DAUGHTER WITH THE RICH CAMACHO
2989-138035-0014	2.830	36	312	BOWLS OVER THE NINE PINS AS IF BY MAGIC
2989-138035-0015	3.335	42	360	AND ABOVE ALL HANDLES A SWORD AS WELL AS THE BEST
2989-138035-0018	8.655	109	935	ONE WOULD BE FOR CHOOSING HER FATHER'S SERVANT AND ANOTHER SOME ONE SHE HAS SEEN PASSING IN THE STREET AND FANCIES GALLANT AND DASHING THOUGH HE MAY BE A DRUNKEN BULLY
2989-138035-0019	3.115	39	337	AND THE MATRIMONIAL CHOICE IS VERY LIABLE TO ERROR
2989-138035-0022	6.515	82	702	IF HE SLEEPS AT ALL IT IS IN THE FIELD ON THE HARD EARTH LIKE A BRUTE BEAST SOMETIMES HE GAZES AT THE SKY
2989-138035-0024	7.315	92	780	AND ANY ONE OF THEM OR ANY MOMENT THE HOUSE MAY FALL I HAVE SEEN THE RAIN COMING DOWN AND THE SUN SHINING ALL AT ONE TIME
2989-138035-0026	1.985	25	218	FOR LOVE I HAVE HEARD SAY
2989-138035-0027	8.330	105	884	POVERTY WEALTH AND BLEAR EYES PEARLS WHAT ART THOU DRIVING AT SANCHO CURSES ON THEE SAID DON QUIXOTE
2989-138035-0031	3.585	45	383	AND YET THEY ARE ALL TOLEDANS PURE CORRECT
2989-138035-0036	9.140	115	982	THOUGH IT MIGHT BE THAT YOUR GRAVE WOULD BE DUG ON THE SPOT WHERE YOU PLANTED YOUR FOOT THE FIRST TIME I MEAN THAT YOU WOULD BE STRETCHED DEAD THERE FOR DESPISING SKILL WITH THE SWORD
2989-138035-0042	5.440	68	584	AND THEY WERE BETTER FRIENDS THAN EVER AND NOT CARING TO WAIT FOR THE NOTARY WHO HAD GONE FOR THE SWORD
2989-138035-0045	2.005	26	225	PSALTERIES PIPES
2989-138035-0047	4.320	54	465	OTHERS SINGING OTHERS PLAYING THE VARIOUS INSTRUMENTS ALREADY MENTIONED
2989-138035-0048	3.155	40	346	WERE FRISKING AND GAMBOLLING ALL OVER THE MEADOW
2989-138035-0049	5.215	66	564	EVEN WERE IT UNDER GILDED CEILINGS AND SO TURNED ASIDE A LITTLE OUT OF THE ROAD
2989-138035-0050	5.505	69	593	AS THE GOOD QUARTERS HE HAD ENJOYED IN THE CASTLE OR HOUSE OF DON DIEGO CAME BACK TO HIS MIND
2989-138035-0051	6.840	86	731	WHEREIN AN ACCOUNT IS GIVEN OF THE WEDDING OF CAMACHO THE RICH TOGETHER WITH THE INCIDENT OF BASILIO THE POOR
2989-138035-0053	4.885	62	529	SPRANG TO HIS FEET AND CALLED TO HIS SQUIRE SANCHO WHO WAS STILL SNORING
2989-138035-0054	3.935	50	426	THAT WITHOUT ENVYING OR BEING ENVIED SLEEPEST
2989-138035-0057	8.735	110	926	HE AWOKE AT LAST DROWSY AND LAZY AND CASTING HIS EYES ABOUT IN EVERY DIRECTION OBSERVED THERE COMES IF I DON'T MISTAKE
2989-138035-0060	4.165	53	455	SENOR IT'S MY OPINION THE POOR MAN SHOULD BE CONTENT WITH WHAT HE CAN GET
2989-138035-0061	2.695	34	295	AND IF THAT BE SO AS NO DOUBT IT IS
2989-138035-0062	6.705	84	712	BUT WHEN SUCH GIFTS FALL TO ONE THAT HAS HARD CASH I WISH MY CONDITION OF LIFE WAS AS BECOMING AS THEY ARE
2989-138035-0063	3.775	48	409	FOR GOD'S SAKE SANCHO SAID DON QUIXOTE HERE
2989-138035-0067	6.720	84	719	THEY SWALLOWED UP WHOLE SHEEP AND HID THEM AWAY IN THEIR INSIDES WITHOUT SHOWING ANY MORE SIGN OF THEM THAN IF THEY WERE PIGEONS
2989-138035-0069	6.145	77	654	THERE WAS A WALL MADE OF CHEESES ARRANGED LIKE OPEN BRICK WORK AND TWO CAULDRONS FULL OF OIL
2989-138035-0071	8.495	107	907	THE SPICES OF DIFFERENT KINDS DID NOT SEEM TO HAVE BEEN BOUGHT BY THE POUND BUT BY THE QUARTER AND ALL LAY OPEN TO VIEW IN A GREAT CHEST
2989-138035-0072	2.465	31	272	BUT ABUNDANT ENOUGH TO FEED AN ARMY
2989-138035-0073	6.270	79	671	CONTEMPLATED ALL AND EVERYTHING WON HIS HEART THE FIRST TO CAPTIVATE AND TAKE HIS FANCY WERE THE POTS
2989-138035-0075	6.285	79	679	AND SO SAYING HE SEIZED A BUCKET AND PLUNGING IT INTO ONE OF THE HALF JARS TOOK UP THREE HENS AND A COUPLE OF GEESE
2989-138035-0076	5.425	68	582	FALL TO FRIEND AND TAKE THE EDGE OFF YOUR APPETITE WITH THESE SKIMMINGS UNTIL DINNER TIME COMES
2989-138035-0077	5.930	75	640	WELL THEN SAID THE COOK TAKE SPOON AND ALL FOR CAMACHO'S WEALTH AND HAPPINESS FURNISH EVERYTHING
2989-138035-0078	7.355	92	783	DON QUIXOTE WAS WATCHING THE ENTRANCE AT ONE END OF THE ARCADE OF SOME TWELVE PEASANTS ALL IN HOLIDAY AND GALA DRESS
3112-9554-0020	9.320	117	986	IN NO OTHER CASE EXCEPT FRAMLEY PARSONAGE DID MY FATHER PUBLISH EVEN THE FIRST NUMBER OF ANY NOVEL BEFORE HE HAD FULLY COMPLETED THE WHOLE TALE
3112-9554-0021	5.620	71	600	HE WAS SEIZED WITH PARALYSIS ON THE RIGHT SIDE ACCOMPANIED BY LOSS OF SPEECH
3112-9554-0023	4.715	59	501	IN WHAT I HAVE HERE SAID I DO NOT THINK I HAVE EXCEEDED HIS INSTRUCTIONS
3112-9555-0000	3.125	40	336	CHAPTER ONE MY EDUCATION
3112-9555-0006	5.915	74	631	MY MISFORTUNES ARISING FROM A MIXTURE OF POVERTY AND GENTLE STANDING ON THE PART OF MY FATHER
3112-9555-0010	5.435	68	580	CHAMBERS WHICH ON ONE MELANCHOLY OCCASION DID BECOME ABSOLUTELY SUICIDAL
3112-9555-0026	3.255	41	348	IN CONNECTION WITH ALL ITALIAN SUBJECTS
3112-9555-0033	4.500	57	491	THEN MY FATHER FOLLOWED THEM TAKING MY ELDER BROTHER BEFORE HE WENT TO OXFORD
3112-9555-0036	3.255	41	351	HE HAD STUDIED THE THEORIES OF DRACO
3112-9555-0070	2.515	32	277	AND MY FATHER THOUGH HE WOULD TRY
3112-9555-0077	5.185	65	549	I WONDER HOW MANY DOZEN TIMES I READ THOSE TWO FIRST VOLUMES
3112-9555-0088	9.190	115	968	AT THE SCHOOL AT SUNBURY THERE WAS CERTAINLY A WRITING MASTER AND A FRENCH MASTER THE LATTER WAS AN EXTRA AND I NEVER HAD EXTRAS
3112-9555-0091	6.440	81	683	AND I HAVE OFTEN BOASTED THAT I OBTAINED THEM ALL LOOKING BACK OVER HALF A CENTURY
3168-173564-0008	9.220	116	970	BUT YOU DIDN'T SEE IT YES REALLY I DID NATASHA REPLIED IN A VOICE THAT PLEADED TO BE LEFT IN PEACE
3168-173564-0010	8.970	113	947	THEN TOUCHED HER FOREHEAD WITH HER LIPS AS IF TO FEEL WHETHER SHE WAS FEVERISH AND FINALLY KISSED HER YOU ARE COLD
3168-173564-0011	6.800	85	712	LIE DOWN ALL RIGHT I WILL I'LL LIE DOWN AT ONCE SAID NATASHA
3168-173564-0021	8.040	101	856	THAT HAD BEEN MADE UP ON THE FLOOR JERKED HER THIN AND RATHER SHORT PLAIT OF HAIR TO THE FRONT AND BEGAN REPLAITING IT
3168-173564-0036	4.995	63	537	SHE DID NOT KNOW WHY SHE HAD TO SHE KNEW THE MEETING WOULD BE PAINFUL
3168-173564-0042	6.235	78	658	DRESSING JACKET AND NIGHTCAP THE VALET'S SLEEPY FRIGHTENED EXCLAMATION
3168-173565-0012	7.205	91	769	HE KEPT ASKING THEM TO GET HIM THE BOOK AND PUT IT UNDER HIM WHAT TROUBLE WOULD IT BE TO YOU HE SAID
3168-173565-0035	4.310	54	459	NOW AGAIN I FEEL THAT BLISS TO LOVE ONE'S NEIGHBORS
3168-173565-0036	3.425	43	369	BUT AN ENEMY CAN ONLY BE LOVED BY DIVINE LOVE
3168-173565-0038	7.285	92	774	YET HOW MANY PEOPLE HAVE I HATED IN MY LIFE AND OF THEM ALL I LOVED AND HATED NONE AS I DID HER
3168-173565-0046	3.610	46	400	HE MOVED A LITTLE AND SUDDENLY THERE WAS A RINGING IN HIS EARS
3168-173565-0052	3.910	49	411	FORGIVE WHAT HE ASKED
3214-167602-0001	4.320	54	463	WHAT DECISION HAVE YOU BEEN PLEASED TO COME TO SAID HE ROSTOV STOPPED
3214-167602-0002	2.045	26	224	DECISION WHAT DECISION
3214-167602-0005	5.435	68	585	WITHOUT CONSIDERING WHAT HE WOULD DO HE MOVED UNCONCIOUSLY WITH QUICK RESOLUTE STEPS TOWARD THE CROWD
3214-167602-0009	4.950	62	533	YOU BEGRUDGED YOUR LUMP OF A SON A LITTLE OLD MAN SUDDENLY BEGAN ATTACKING DRON
3214-167602-0010	8.655	109	934	KARP THRUSTING HIS FINGERS INTO HIS BELT AND SMILING A LITTLE WALKED TO THE FRONT DRON ON THE CONTRARY RETIRED TO THE REAR AND THE CROWD DREW CLOSER TOGETHER
3214-167602-0011	4.585	58	496	SHOUTED ROSTOV COMING UP TO THE CROWD WITH QUICK STEPS THE ELDER
3214-167602-0013	3.365	43	372	MEEK AND FLUSTERED VOICES HERE AND THERE WERE HEARD CALLING
3214-167602-0015	6.445	81	687	UNMEANINGLY IN A VOICE NOT HIS OWN GRIPPING KARP BY THE COLLAR BIND HIM BIND HIM HE SHOUTED
3214-167602-0016	7.960	100	852	LAVRUSHKA HOWEVER RAN UP TO KARP AND SEIZED HIM BY THE ARMS FROM BEHIND SHALL I CALL UP OUR MEN FROM BEYOND THE HILL HE CALLED OUT
3214-167602-0022	6.675	84	712	WAS STANDING IN THE YARD DIRECTING THE MEN DON'T PUT IT IN SO CARELESSLY SAID ONE OF THE PEASANTS
3214-167602-0024	4.460	56	480	LOOK HERE PUT IT UNDER THE BAST MATTING AND COVER IT WITH HAY THAT'S THE WAY
3214-167602-0028	3.135	40	349	SAID HE WITH A SENSE OF SHAME AND WISHING TO CHANGE THE SUBJECT
3214-167606-0000	5.740	72	621	WHEN PIERRE RETURNED HOME HE WAS HANDED TWO OF ROSTOPCHIN'S BROADSHEETS THAT HAD BEEN BROUGHT THAT DAY
3214-167606-0001	8.145	102	869	ON THE CONTRARY HE WAS GLAD THAT LADIES AND TRADESMEN'S WIVES WERE LEAVING THE CITY THERE WILL BE LESS PANIC AND LESS GOSSIP RAN THE BROADSHEET
3214-167606-0031	6.990	88	739	AND THAT HIS SADDLE HORSES SHOULD BE SENT THERE THIS COULD NOT ALL BE ARRANGED THAT DAY SO ON
3214-167607-0009	3.300	42	363	THE HISTORIANS PROVIDED CUNNINGLY DEVISED EVIDENCE
3214-167607-0023	7.605	96	812	WHICH CROSSES THE HIGHROAD NOT AT A RIGHT ANGLE BUT AT AN ACUTE ANGLE SO THAT THE LEFT FLANK WAS AT SHEVARDINO
3214-167607-0037	7.190	90	764	NAMELY THE LOSS OF OUR POSITION ON THE LEFT FLANK AND THE SHIFTING OF THE WHOLE FIELD OF THE FORTHCOMING BATTLE FROM RIGHT TO LEFT
3214-167607-0040	8.610	108	920	IN AN EFFORT TO CONCEAL OUR COMMANDERS MISTAKES EVEN AT THE COST OF DIMINISHING THE GLORY DUE TO THE RUSSIAN ARMY AND PEOPLE IT HAS BEEN DESCRIBED
3235-11599-0004	7.390	93	779	ONE OR MORE OF THESE BEATS BEING STRONGER THAN THE REST TWO CERTAIN RHYTHMIC FIGURES
3235-11599-0010	5.470	69	580	AND COMPOUND A SIMPLE MEASURE IS ONE WHICH HAS BUT A SINGLE ACCENT
3235-11599-0013	5.730	72	603	ARE ALSO CLASSIFIED AS COMPOUND MEASURES AN ENGLISH WRITER
3235-11599-0015	7.980	100	847	AND THAT A COMPOUND MEASURE IS ONE IN WHICH EACH BEAT IS REPRESENTED BY A DOTTED NOTE WHOSE VALUE CAN BE DIVIDED INTO THREE PARTS
3235-11599-0018	5.050	64	547	PERHAPS THE EASIEST WAY OUT OF THE DIFFICULTY IS TO ADMIT THAT BOTH MAY BE TRUE
3235-11599-0019	6.060	76	642	IN WHICH THERE ARE THREE BEATS THE FIRST ONE BEING ACCENTED THE SECOND AND THIRD UNACCENTED
3235-11599-0021	2.835	36	308	THE SECOND AND FOURTH UNACCENTED
3235-11599-0023	2.520	32	278	IT WILL BE NOTED THAT THE TWO MEASURES
3235-11599-0027	5.980	75	636	BUT USAGE VARIES SOMEWHAT AND THE SECOND SIGN IS SOMETIMES USED TO INDICATE FOUR HALF MEASURE
3235-11599-0028	8.835	111	928	BUT AN INCOMPLETE CIRCLE DIFFERENTIATING TWO BEAT IMPERFECT MEASURE FROM THREE BEAT PERFECT MEASURE
3235-28433-0004	9.455	119	1004	OUR STEAMER WAS THE GOOD SHIP SAINT PAUL BELONGING TO THE ALASKA COMMERCIAL COMPANY AND WAS ADVERTISED TO SAIL ON MAY TWENTY FIFTH
3235-28433-0049	8.005	101	857	AN OLD FRIEND OF OUR CAPTAIN HAD DECIDED TO FOLLOW IN OUR WAKE HE BEING LESS FAMILIAR THAN THE LATTER WITH ALASKAN WATERS
3235-28452-0014	4.975	63	536	MANY WERE SIMPLY PASSING THROUGH ON THEIR WAY UP FISH RIVER TO THE MINES
3235-28452-0019	3.365	43	368	AFFAIRS CONNECTED WITH MY GOLD CLAIMS WERE WITH
3235-28452-0021	8.790	110	927	I WAS DETERMINED TO GO TO SAINT MICHAEL UP THE YUKON TO DAWSON AND OUTSIDE AND LAID MY PLANS ACCORDINGLY
3235-28452-0033	5.650	71	599	FAREWELL TO MY WHITE FACED FRIENDS AND TO THE DARK SKINNED ONES
3240-131231-0002	7.310	92	787	I'D LIKE TO EMPHASIZE SOMETHING THAT I AM PERMITTED TO SEE BECAUSE I AM STILL PRIMITIVE OR INTELLIGENT OR IN A STATE OF MALADJUSTMENT
3240-131231-0003	5.565	70	590	OF A FALL OF TADPOLES FROM THE SKY AS TO THERE IN THE FIRST PLACE
3240-131231-0006	3.560	45	390	MANY INSTANCES OF FROGS THAT WERE SEEN TO FALL FROM THE SKY
3240-131231-0007	3.010	38	325	AS TO HAVING BEEN THERE IN THE FIRST PLACE
3240-131231-0008	2.495	32	283	JULY THIRTIETH EIGHTEEN THIRTY EIGHT
3240-131231-0009	5.025	63	535	LITTLE TOADS FOUND IN A DESERT AFTER A RAINFALL NOTES AND QUERIES
3240-131231-0014	4.800	60	516	BUT A WHIRLWIND IS THOUGHT OF AS A CONDITION OF CHAOS QUASI CHAOS
3240-131231-0024	8.745	110	930	DATE NOT GIVEN BUT I HAVE SEEN IT RECORDED SOMEWHERE ELSE THE BEST KNOWN FALL OF FISHES FROM THE SKY IS THAT WHICH OCCURRED AT MOUNTAIN ASH
3240-131231-0025	5.435	68	581	FEBRUARY ELEVENTH EIGHTEEN FIFTY NINE THE EDITOR OF THE ZOOLOGIST
3240-131231-0028	7.270	91	771	NEVERTHELESS THE TREATMENT BY THE ZOOLOGIST OF THE FALL REPORTED FROM MOUNTAIN ASH IS FAIR FIRST APPEARS
3240-131231-0029	7.040	88	750	VICAR OF ABEDARE ASSERTING THAT THE FALL HAD OCCURRED CHIEFLY UPON THE PROPERTY OF MISTER NIXON OF MOUNTAIN ASH
3240-131231-0033	6.365	80	677	OR CONSIDERABLY OUT OF RANGE OF THE PLAYFUL PAIL OF WATER ACCORDING TO THE ANNUAL REGISTER
3240-131231-0042	6.805	86	731	THE EVIDENCE OF THE FALL OF FISH ON THIS OCCASION WAS VERY CONCLUSIVE A SPECIMEN OF THE FISH WAS EXHIBITED
3240-131231-0043	7.925	100	841	LEIRUS GASTEROSTEUS IS THE STICKLEBACK ALTOGETHER I THINK WE HAVE NOT A SENSE OF TOTAL PERDITION
3240-131231-0051	3.385	43	369	JULY EIGHTEEN TWENTY FOUR LIVING AGE
3240-131231-0052	4.090	52	445	FIFESHIRE SCOTLAND SUMMER OF EIGHTEEN TWENTY FOUR
3240-131231-0053	5.300	67	567	MORADABAD INDIA JULY EIGHTEEN TWENTY SIX LIVING AGE
3240-131231-0054	3.370	43	370	ROSS SHIRE SCOTLAND EIGHTEEN TWENTY EIGHT
3240-131231-0055	4.260	54	465	MORADABAD INDIA JULY TWENTIETH EIGHTEEN TWENTY NINE
3240-131231-0056	4.225	53	457	FERIDPOOR INDIA FEBRUARY NINETEENTH EIGHTEEN THIRTY
3240-131231-0060	2.160	27	243	JULY TWENTY FIFTH EIGHTEEN FIFTY
3240-131231-0069	8.010	101	853	AGAIN THE SMALL AREA ABOUT SIXTY BY THIRTY YARDS THE FALL OCCURRED DURING A HEAVY RAIN THAT WAS ACCOMPANIED BY THUNDER
3240-131231-0081	7.555	95	808	OF ALL INCREDIBILITIES THAT WE HAVE TO CHOOSE FROM I GIVE FIRST PLACE TO A NOTION OF A WHIRLWIND POUNCING UPON A REGION
3240-131231-0085	7.370	93	786	OR ARGUES FOR A GREAT SPECIFIC DISTURBANCE OF WHICH THERE IS NO RECORD FOR THE MONTH OF MAY EIGHTEEN NINETY FOUR
3240-131232-0001	3.815	48	410	BUT MAY AFTER A WHILE BE SHAKEN DOWN BY STORMS
3240-131232-0015	6.200	78	658	THERE ARE OTHER DATA THAT ARE SIMILAR TO DATA OF FALLS OF FISHES SCIENCE GOSSIP
3240-131232-0017	7.370	93	789	NONE SEEN TO FALL BY THE WRITER OF THIS ACCOUNT SNAILS SAID TO BE QUITE DIFFERENT TO ANY PREVIOUSLY KNOWN IN THIS DISTRICT
3240-131232-0022	6.790	85	723	IN SUCH QUANTITIES THAT THEY WERE SHOVELED UP IT IS SAID THAT THE SNAILS MAY BE CONSIDERED AS A LOCAL SPECIES
3240-131232-0025	6.940	87	740	THERE IS NO MENTION OF WHATEVER MAY HAVE BEEN UPON THE GROUND IN THE FIRST PLACE NOR OF A WHIRLWIND LIZARDS
3240-131232-0033	7.670	96	814	STONES FENCE RAILS LIMBS OF TREES SAY THAT THE SNAKES OCCUPIED THE NEXT GRADATION AND WOULD BE THE NEXT TO FALL
3240-131232-0039	5.750	72	615	FALL OF ANTS CAMBRIDGE ENGLAND SUMMER OF EIGHTEEN SEVENTY FOUR SOME WERE WINGLESS
3240-131232-0040	6.940	87	742	ENORMOUS FALL OF ANTS NANCY FRANCE JULY TWENTY FIRST EIGHTEEN EIGHTY SEVEN MOST OF THEM WERE WINGLESS
3242-8112-0009	3.230	41	360	SOMEBODY WOULD GET THAT WORKED OUT PRETTY SOON WOULDN'T THEY
3242-8112-0018	6.335	80	668	RIGHT THERE ON HARVEST MOON THEY DID HE SAID IT WAS FAYLE
3242-8112-0023	4.390	55	473	I WAS WATCHING IT MAJOR QUILLAN SAID REASSURINGLY FROM THE END OF THE TABLE
3242-8112-0024	3.065	39	336	MANTELISH BROUGHT IT BACK TO MACCADON WITH HIM
3242-8112-0027	4.040	51	429	TRIGGER SHOOK HER HEAD WONDERFUL SO
3242-8112-0030	5.415	68	584	HE WAS VISITING ANOTHER LAB WHERE THEY HAD A COUPLE OF PLASMOIDS WHICH ACTUALLY MOVED NOW AND THEN
3242-8112-0031	5.750	72	611	THE TWO LAB PLASMOIDS STOPPED MOVING WHILE HE WAS THERE THEY HAVEN'T MOVED SINCE
3242-8112-0032	4.905	62	526	RIGHT HE THOUGHT ABOUT THAT AND THEN LOCATED ANOTHER MOVING PLASMOID
3242-8112-0033	4.390	55	471	THE BIG ONE INDUCES PLASMOID ACTIVITY THE LITTLE ONE MODIFIES IT
3242-8112-0038	3.745	47	408	MANTELISH TALKS OF SOMETHING HE CALLS PROXIMITY INFLUENCE
3242-8112-0044	3.625	46	399	I CAN TELL YOU MOST OF WHAT I KNOW AT THE MOMENT SAID THE COMMISSIONER
3242-67153-0011	3.740	47	407	AND THAT HE HAD BETTER TURN HIS ATTENTION TO THE STOCKS OF MESS PORK
3242-67153-0021	3.805	48	412	OF COURSE HE CLAIMED A RAISE AGAIN FOR EFFECTING SUCH A SAVING
3242-67153-0024	7.010	88	752	AND HE KEPT THEM POUNDING AWAY UNTIL THEY HAD MADE ME GIVE THEM A TRIAL THEN IT WAS ALL UP WITH MISTER JIM'S JOB AGAIN
3242-67153-0034	6.370	80	680	I SUPPOSE YOU'RE ASKING WHY IF I'M SO HOT FOR EDUCATION I'M AGAINST THIS POST GRADUATE COURSE
3242-67168-0003	7.220	91	765	ABUSE AND FLATTERY THE FIRST CAN'T HARM YOU AND THE SECOND CAN'T HELP YOU SOME MEN ARE LIKE YELLOW DOGS
3242-67168-0012	3.780	48	408	GRAHAM'S EXTRACT IT MAKES THE WEAK STRONG
3242-67168-0014	7.100	89	758	THEN I FOUND A FELLOW WHO WANTED TO BUILD IN THAT NEIGHBORHOOD SOLD HIM THE LOT CHEAP AND GOT OUT OF THE CRECHE INDUSTRY
3242-67168-0019	6.405	81	696	AND THEN SHE'D SHED ALL WORRY OVER THEM FOR THE REST OF THE DAY ALLOWED THAT IF THEY GOT HURT THE NEIGHBORS WOULD BRING THEM HOME
3242-67168-0020	4.665	59	504	AND SOMEWAYS THE WHOLE DROVE ALWAYS SHOWED UP SAFE AND DIRTY ABOUT MEAL TIME
3242-67168-0024	8.260	104	892	BUT FINALLY AT THE END OF A WEEK WHEN THEY'D STRAINED THE WHOLE RIVER THROUGH THEIR DRAGS AND HADN'T ANYTHING TO SHOW FOR IT BUT A COLLECTION OF TIN CANS AND DEAD CATFISH
3242-67168-0029	4.880	61	520	AND THE OLD MAN RESPONDED PROMPTLY WHERE'S BUD ASKED THE WIDOW
3242-67168-0033	2.330	30	264	SHE CHASED THEM OFF THE LOT WITH A BROOM
3242-67168-0034	4.310	54	462	AND THAT THEY WOULD JUST STAND PAT NOW AND WAIT FOR HIM TO MAKE THE NEXT MOVE
3242-67168-0039	1.875	24	211	I SAIL FOR HOME TO MORROW
3259-158083-0000	8.200	103	853	ADMINISTRATION TERRORISM THE ADMINISTRATION TRIED IN ANOTHER WAY TO STOP PICKETING
3259-158083-0005	1.915	24	210	MISSUS L H HORNSBY
3259-158083-0006	3.760	47	404	MISSUS CYN THIA COHEN MISS M TILDEN BURRITT
3259-158083-0011	4.940	62	523	MINNESOTA MISSUS J H SHORT MINNEAPOLIS IOWA
3259-158083-0014	8.805	111	934	AS SHE SAID IN COURT WE TOOK THIS ACTION WITH GREAT CONSECRATION OF SPIRIT WITH WILLINGNESS TO SACRIFICE PERSONAL LIBERTY
3259-158083-0025	6.405	81	690	AT THIS SUGGESTION TINY MISSUS NOLAN PULLED HERSELF UP ON HER TOES AND SAID WITH GREAT DIGNITY
3259-158083-0026	4.620	58	492	I HAVE A NEPHEW FIGHTING FOR DEMOCRACY IN FRANCE
3259-158083-0028	3.345	42	357	FOR THE LIBERTY OF AMERICAN WOMEN
3259-158083-0031	5.400	68	573	SAID SHE MUST SPEAK TO WHITTAKER THE SUPERINTENDENT OF THE PLACE
3259-158083-0032	4.580	58	490	MISSUS HERNDON CALLED MY NAME BUT I DID NOT ANSWER
3259-158083-0035	2.970	38	325	THE DOOR WAS BARRED FROM TOP TO BOTTOM
3259-158083-0036	9.065	114	965	MISSUS COSU WOULD NOT LET ME LIE ON THE FLOOR SHE PUT ME ON THE COUCH AND STRETCHED OUT ON THE FLOOR ON ONE OF THE TWO PADS THEY THREW IN
3259-158083-0037	3.675	46	401	WHEN MISSUS LEWIS DOUBLED OVER AND HANDLED LIKE A SACK OF SOMETHING
3259-158083-0038	2.975	38	326	AND ONLY HALF CONSCIOUS UNTIL MORNING
3259-158083-0039	2.150	27	234	I BADE THEM BOTH GOOD BY
3259-158083-0040	2.980	38	329	THEY TOOK ME TO MISTER WHITTAKER'S OFFICE
3259-158083-0041	3.400	43	369	YOU'RE MISSUS MARY NOLAN SAID WHITTAKER
3259-158083-0046	9.165	115	972	AND MANY OTHERS THEY HAD ON COARSE STRIPED DRESSES AND BIG GROTESQUE HEAVY SHOES I BURST INTO TEARS AS THEY LED ME AWAY
3259-158083-0049	8.795	110	939	THE NEXT DAY MISTER O'BRIEN AGAIN ATTEMPTED TO SEE HIS CLIENTS AS DID ALSO THE MOTHER OF MISS MATILDA YOUNG THE YOUNGEST PRISONER IN MISTER WHITTAKER'S CARE
3259-158083-0050	9.140	115	971	WHO WENT ASKING TO SEE HER MOTHER MISS MOREY WAS HELD UNDER ARMED GUARD HALF A MILE FROM THE PRISON ADMISSION WAS DENIED TO ALL OF THEM
3259-158083-0052	7.180	90	762	HE BROUGHT NEWS THAT UNKNOWN TORTURES WERE GOING ON MISTER O'BRIEN IMMEDIATELY FORCED HIS WAY THROUGH BY A COURT ORDER
3259-158083-0061	5.175	65	558	LATER I WAS TAKEN TO PUT ON PRISON CLOTHES REFUSED AND RESISTED STRENUOUSLY
3259-158083-0076	5.355	67	570	WAS THE UNEXPECTED SYMPATHY AND UNDERSTANDING OF ONE OF THE GOVERNMENT DOCTORS
3259-158083-0077	8.935	112	943	I HAVE SEEN WOMEN IN RUSSIA UNDERGO EXTREME SUFFERING FOR THEIR IDEALS BUT UNLESS I HAD SEEN THIS WITH MY OWN EYES
3259-158083-0080	2.200	28	244	AND FORCE THE HAND OF THE GOVERNMENT
3259-158083-0088	2.660	34	295	BY THE ARMS TWIST OR FORCE THEM BACK OF HER
3259-158083-0090	8.670	109	936	I SAW THE GUARDS SEIZING THE DIFFERENT WOMEN OF THE PARTY WITH THE UTMOST VIOLENCE THE FURNITURE BEING OVERTURNED AND THE ROOM A SCENE OF THE UTMOST DISTURBANCE
3259-158083-0097	8.730	110	930	GAG YOU AND PUT YOU IN A STRAITJACKET I WISH TO STATE AGAIN THAT THE CELLS INTO WHICH WE WERE PUT WERE SITUATED IN THE MEN'S PRISON
3259-158083-0099	3.010	38	326	THE MEN WHO HAD SHORTLY BEFORE ATTACKED US
3259-158083-0105	9.395	118	1000	AND REQUESTED PERMISSION TO LIE DOWN FEELING SO ILL I COULD NOT SLEEP HAVING A SENSE OF CONSTANT DANGER I WAS ALMOST PARALYZED AND IN WRETCHED PHYSICAL CONDITION
3259-158083-0114	8.920	112	950	THERE FOLLOWED A WEEK MORE MELODRAMATIC THAN THE MOST STIRRING MOVING PICTURE FILM ALTHOUGH THE WRIT HAD BEEN APPLIED FOR IN THE GREATEST SECRECY
3374-298025-0003	3.330	42	357	HUMAN BEINGS AND WHAT THEY WANT AND DO
3374-298025-0007	8.885	112	938	FROM THIS FEELING OR THOUGHT NOTHING COULD HAVE TURNED ME NEITHER GENERAL DESPAIR NOR PERSONAL FEAR FOR I BELIEVED
3374-298025-0009	3.285	42	359	A SUBTLE FIRE FLOWED THROUGH MY VEINS
3374-298025-0017	7.890	99	837	MY VISION DOUBTLESS OWES THE GROVE AND ITS SOUTHERN COLOR EFFECT TO THE HUGE MASS OF FLOWERS HERE BESIDE ME
3374-298025-0018	3.805	48	410	ALL THE REST IS READILY EXPLAINED BY PSYCHOLOGY
3374-298025-0022	4.860	61	517	I WAS ABOUT TO DESCRIBE THE APPRENTICESHIP OF MY MANHOOD
3374-298025-0032	7.915	99	831	FOR ONCE WE KNOW TO A CERTAINTY THAT WE LIVE IN A MOST BEAUTIFUL WORLD THE NEXT NEED IS OBVIOUS
3374-298026-0000	7.010	88	746	IT LOOKS AT ME JOYOUSLY OUT OF ITS DEEP EYES AND OPENS ITS ARMS TO EMBRACE MY SPIRIT
3374-298026-0002	8.630	108	903	ARE MERELY THE COMMON ATMOSPHERE OF OUR SPIRITUAL BREATH AND LIFE THE WORDS ARE WEAK AND VAGUE
3374-298026-0004	3.700	47	398	EACH IDEA DEVELOPS A COUNTLESS PROGENY
3374-298026-0005	6.860	86	724	I REMEMBER EVERYTHING EVEN THE GRIEFS AND ALL MY THOUGHTS THAT HAVE BEEN AND ARE TO BE
3374-298026-0018	9.140	115	964	AS THAT LAST GLASS OF CHAMPAGNE WE DRANK TOGETHER WHEN I SAID AND SO LET US DRINK OUT THE REST OF OUR LIVES
3374-298026-0024	8.760	110	919	AND EVEN ILLUMINATES THE DARKNESS OF THE FUTURE WITH ITS BRIGHT LUSTRE AS IT IS IN A SMALL WAY
3374-298026-0038	5.670	71	593	YES EVEN MORALITY THE CHARMING MORALITY OF LOVE
3374-298026-0040	1.525	20	174	I REPLIED
3374-298026-0041	6.980	88	743	A MAN FEELS IT HE MUST WISH TO TALK ABOUT IT AND WHAT A MAN WISHES TO TALK ABOUT HE MAY WRITE
3374-298026-0046	3.955	50	429	SINCE SHE TOO IS A LADY WHOM I LOVE MOST TENDERLY
3374-298032-0001	6.940	87	731	AND AT THE SAME TIME OF OPENING UP A FATHOMLESS ABYSS OF PAIN AND SUFFERING
3374-298032-0013	2.760	35	303	I HELD MY HEAD UP AND CRIED ALOUD
3374-298032-0014	5.325	67	567	WHY SHOULD YOU TORMENT YOURSELF IN A FEW MINUTES YOU CAN BE WITH HER
3374-298032-0015	6.940	87	740	I WAS ALREADY HASTENING TO YOU WHEN SUDDENLY A NEW THOUGHT HELD ME BACK AND I SAID TO MY SPIRIT
3374-298032-0017	4.690	59	499	AND THEN PRESENT YOURSELF AGAIN WHEN YOUR ORDERS HAVE BEEN EXECUTED
3374-298032-0031	8.225	103	867	NOW IT WAS LIKE THE TERRIBLE GLEAM OF VISIBLE OMNIPOTENCE NOW LIKE A SOFT RAY OF GOLDEN CHILDHOOD
3374-298032-0032	9.060	114	958	BECAUSE EVERY EARTHLY SENTIMENT WAS ENTIRELY STRANGE TO ME AND THE FEELING NEVER LEFT ME THAT I WAS CONSECRATED TO DEATH
3374-298032-0034	6.215	78	659	TO ME THEY WERE MERELY HOLY SYMBOLS AND EVERYTHING BROUGHT ME BACK TO MY ONE BELOVED
3374-298032-0037	5.680	71	596	THE BEST STRENGTH OF LIFE WAS GONE AND STILL ART AND VIRTUE
3374-298032-0039	4.150	52	446	THEN YOU APPEARED TO ME BECKONING WITH THE SUMMONS OF DEATH
3436-172162-0011	6.595	83	701	THEN THE TEN KNIGHTS OF THE ROUND TABLE DREW THEIR SWORDS AND THE OTHER PARTY RUN AT THEM WITH THEIR SPEARS
3436-172162-0013	4.420	56	481	SLAY NOT MY NOBLE KNIGHTS AND I WILL GO WITH YOU UPON THIS COVENANT THAT
3436-172162-0030	6.790	85	725	BUT TO ADMIT HIS COMPANION WHOM SHE SUPPOSED TO BE A CRIMINAL OR AT LEAST A PRISONER IT PLEASED HER NOT
3436-172162-0031	4.135	52	449	AT SUPPER SIR LAUNCELOT CAME NEAR BEING CONSIGNED TO THE KITCHEN
3436-172162-0051	7.515	94	794	AND THAT IT WAS HIS DUTY TO SET HER RIGHT HE THEREFORE RETURNED COMPELLED MALEAGANS TO RELEASE HIS PRISONERS
3436-172162-0052	3.220	41	353	HAD THE SATISFACTION OF MEETING HIM THE NEXT DAY
3436-172171-0000	6.305	79	668	WHERE HE WAS BROUGHT UP IN TOTAL IGNORANCE OF ARMS AND CHIVALRY HE WAS ALLOWED NO WEAPON
3436-172171-0004	6.905	87	736	TELL ME GOOD LAD SAID ONE OF THEM SAWEST THOU A KNIGHT PASS THIS WAY EITHER TODAY OR YESTERDAY
3436-172171-0010	7.255	91	775	AND ASK OF HIM TO BESTOW KNIGHTHOOD ON THEE AND WHENEVER THOU SEEST A CHURCH REPEAT THERE THY PATER NOSTER
3436-172171-0020	7.760	97	825	THEN ALL THE HOUSEHOLD BEGAN TO JEER AND LAUGH AT HIM BUT THERE WAS A CERTAIN DAMSEL WHO HAD BEEN A WHOLE YEAR AT ARTHUR'S COURT
3436-172171-0022	9.220	116	991	AND CARRIED A BELL OR BAWBLE IN HIS HAND THOUGH CALLED A FOOL HIS WORDS WERE OFTEN WEIGHED AND REMEMBERED AS IF THERE WERE A SORT OF ORACULAR MEANING IN THEM
3436-172171-0027	3.920	49	418	DIDST THOU SEE ANY ONE COMING AFTER ME FROM THE COURT
3436-172171-0030	6.390	80	684	UPON THIS THE KNIGHT RAN AT HIM FURIOUSLY AND STRUCK HIM A VIOLENT BLOW WITH THE SHAFT OF HIS SPEAR
3436-172171-0034	7.610	96	819	SIR OWAIN UNFASTENED THE ARMOR AND HELPED PERCEVAL TO PUT IT ON AND TAUGHT HIM HOW TO PUT HIS FOOT IN THE STIRRUP AND USE THE SPUR
3436-172171-0037	6.145	77	654	WENT BACK TO THE COURT AND RELATED ALL THESE THINGS TO ARTHUR AND GUENEVER AND TO ALL THE HOUSEHOLD
3436-172171-0051	2.240	28	244	I WILL GO AND LEARN WHO HE IS
3436-172171-0057	5.060	64	547	AND PERCEVAL WAS RESTING ON THE SHAFT OF HIS SPEAR PONDERING THE SAME THOUGHT
3436-172171-0062	3.115	39	331	WHO ART THOU AND HE REPLIED
3436-172171-0064	7.050	89	752	GLADLY WILL I DO SO ANSWERED PERCEVAL SO THEY WENT TOGETHER TO ARTHUR AND SALUTED HIM
3440-171006-0024	3.635	46	396	AND HER FATHER'S VOICE SAID GOOD MORNING LITTLE DAUGHTER
3440-171009-0003	5.765	73	618	VERY TRYING TO THE PATIENCE OF THEIR ATTENDANTS O ELSIE EXCLAIMED CARRY HOWARD
3440-171009-0008	8.290	104	884	HER BLUE EYES OPENED WIDE WITH ASTONISHMENT WHEN ELSIE QUIETLY REPLIED THAT HER PAPA HAD KINDLY ARRANGED TO GIVE HER AN HOUR EVERY MORNING
3440-171009-0017	7.355	92	779	WHO WAS SOBBING AND WIPING HER EYES WITH THE CORNER OF HER APRON ENNA TOOK MY BLOCKS SOBBED THE CHILD
3440-171009-0032	2.810	36	312	BUT I THINK I WILL REMEMBER NOT TO DO IT AGAIN
3440-171009-0042	4.805	61	517	SO FINE AND SOFT AND GLOSSY SUCH A BEAUTIFUL COLOR TOO
3440-171009-0049	8.105	102	869	IT IS SUCH A LOVELY DAY BUT HOW SOON DO YOU START AS SOON AS THE LADIES CAN BE READY THE HORSES WILL BE AT THE DOOR IN A VERY FEW MOMENTS
3440-171009-0062	3.765	48	412	THAT THEIR CURIOSITY WAS NOW ON THE POINT OF BEING GRATIFIED
3440-171009-0077	2.375	30	264	AND HE LAUGHED AND STROKED HER HAIR
3440-171009-0080	5.015	63	535	THEN PLEASE KEEP IT FOR ME UNTIL TO MORROW PAPA WILL YOU YES HE SAID
3440-171009-0082	7.285	92	784	THAT ELSIE WAS VERY MUCH SURPRISED WHEN HER FATHER CALLED HER TO GO TO BED IS IT HALF PAST NINE ALREADY PAPA SHE ASKED
3486-166424-0007	6.555	82	694	EVEN THE RUINS HAD LOST THEIR SINISTER SHAPE WERE TIME WORN CRUMBLING PILES NOTHING MORE
3486-166424-0016	8.395	105	882	HE REACHED OUT TOUCHED ME YOU'RE RIGHT WALTER HE GRINNED IT DOES SEEM LIKE CARRYING COALS TO NEWCASTLE
3486-166424-0027	3.280	41	354	I WONDERED WHY FOR NOW WE WERE WELL WITHIN THEIR RANGE
3486-166424-0042	8.660	109	926	THEIR GAZE FASTENED UPON THE SWATHED WOMAN VENTNOR'S HAND SHOT OUT GRIPPED MY SHOULDER HALTED ME SHE HAD THROWN UP HER HEAD
3486-166424-0044	9.225	116	982	BEFORE THE CRY HAD CEASED THERE POURED WITH INCREDIBLE SWIFTNESS OUT OF THE CREVICE SCORE UPON SCORE OF THE METAL THINGS THE FISSURES VOMITED THEM
3486-166424-0047	3.315	42	359	UP FROM THEM THRUST A THICK RECTANGULAR COLUMN
3486-166424-0049	7.935	100	840	WITH MAGICAL QUICKNESS THE ARMS LENGTHENED BEFORE US STOOD A MONSTROUS SHAPE A GEOMETRIC PRODIGY
3486-166424-0051	3.830	48	413	FLEXING THEMSELVES IN GROTESQUE IMITATION OF A BOXER
3486-166424-0052	7.195	90	767	AGAIN IN GIGANTIC AWFUL PARODY OF THE SPIKED GLOVES OF THOSE ANCIENT GLADIATORS WHO FOUGHT FOR IMPERIAL NERO
3486-166424-0053	2.710	34	293	PREENING TESTING ITSELF LIKE AN ATHLETE
3486-166424-0061	8.075	101	859	OUT FROM THE MIDDLE OF THIS RING STRETCHED A TENTACLE WRITHING UNDULATING LIKE A SERPENT OF STEEL FOUR SCORE YARDS AT LEAST IN LENGTH
3486-166424-0062	5.115	64	542	WITH THE THREE LONG PRONGS OF THIS TRIDENT THE THING STRUCK SWIFTLY
3486-166446-0001	4.910	62	522	OF HUMAN LIFE OF GREEN LIFE OF LIFE OF ANY KIND THERE WAS NONE
3486-166446-0004	4.465	56	479	DWELT CURIOUSLY UPON THE RED BRAND ACROSS VENTNOR'S FOREHEAD
3486-166446-0007	7.560	95	798	FROM NORHALA OF COURSE I LOOKED FOR NO PERCEPTION OF ANY OF THIS BUT FROM RUTH MY REACTION GREW
3486-166446-0011	4.385	55	472	ME THEY STRIPPED LIKE A SLAVE THEY LED ME THROUGH THE CITY AND THE PEOPLE MOCKED ME
3486-166446-0016	9.170	115	982	AND AS THEY ROSE STEADILY THEY DREW LIFE FROM THE CLEAR RADIANCE SUMMONING DREW CLOSER TO THE SEMBLANCE OF THAT TRANQUIL SPIRIT WHICH HER VENGEANCE HAD BANISHED
3486-166446-0032	8.310	104	876	PURGED NOT ONLY BY SUFFERING BUT BY IT CAME TO ME SOME STRANGE KNOWLEDGE NO USE DRAKE HE SAID DREAMILY
3486-166446-0039	9.390	118	1000	AS I TOLD YOU OR THINK I TOLD YOU SPEAKING WITH UNTHINKABLE EFFORT THROUGH LIPS THAT SEEMED ETERNITIES AWAY FROM ME THE ATOM WHO STROVE TO OPEN THEM
3486-166446-0042	5.145	65	553	IT WAS NO GLOBE IT WAS A WORLD OF MANY FACETS OF SMOOTH AND POLISHED PLANES
3486-166446-0043	8.410	106	886	A GEOMETRIC THOUGHT OF THE GREAT CAUSE OF GOD IF YOU WILL MADE MATERIAL IT WAS AIRLESS WATERLESS SUNLESS
3526-175658-0012	4.840	61	522	THIS ROOM WAS CARPETED AND THEREIN WAS A PIANO A COUCH A CHIFFONNIERE
3526-175658-0014	7.015	88	753	FOR I AM NOT EASILY EMBARRASSED I COMMENCED THE CONVERSATION BY REMARKING ON THE PLEASANT ASPECT OF HER LITTLE CABINET
3526-175658-0015	4.520	57	482	YES SHE SAID SHE OFTEN THOUGHT SO AND ADDED
3526-175658-0019	7.850	99	840	IT LOOKED PLEASANT TO ME VERY PLEASANT SO LONG A TIME HAD ELAPSED SINCE I HAD SEEN A GARDEN OF ANY SORT
3526-176653-0012	8.820	111	916	WHERE NO ANSWER WHAT'S YOUR NAME LITTLE GIRL AND STILL SHE STARED
3526-176653-0015	5.525	70	595	HE SAID SHAKING HIS HEAD AFFIRMATIVELY A LONG CRY CAME DOWN THE RAVINE
3526-176653-0018	4.790	60	506	HAVE YOU GOT A FATHER LIKE A FLASH HER WHOLE FACE CHANGED
3526-176653-0020	6.005	76	646	THE GIANT'S HEAVY EYES LIFTED QUICKLY BUT HE SPOKE TO THE GIRL YOU GO ON HOME
3526-176653-0023	7.985	100	852	FOR A MOMENT THERE WAS SILENCE AND A PUZZLED FROWN GATHERED ON THE MOUNTAINEER'S FACE THAT'S A BRIGHT LITTLE GIRL OF YOURS
3526-176653-0036	7.185	90	761	A MAN WITH A WOMAN BEHIND HIM BOTH OLD AND SPECTACLED ALL THREE MOTIONLESS ON THE BANK AND LOOKING AT HIM
3526-176653-0038	4.870	61	517	AND THEN SHE SAID IN A COMMANDING UNDERTONE GO ON BILLY
3526-176653-0039	8.640	108	908	HALE SMILED HE LOVED OLD PEOPLE AND TWO KINDER FACES HE HAD NEVER SEEN TWO GENTLER VOICES HE HAD NEVER HEARD
3526-176653-0050	3.475	44	378	GEE GEE THE FROG HOPPED SEVERAL TIMES
3526-176653-0051	2.550	32	282	SAID THE LITTLE FELLOW PANTING IN SYMPATHY
3607-29116-0001	5.205	66	564	AH COME IN SIT DOWN AND THE SENATOR CLOSED THE BOOK AND LAID IT DOWN I WANTED TO SEE YOU
3607-29116-0007	9.490	119	1015	OH NO I TOLD HIM YOU WERE DAFT ABOUT THE NEGRO AND THE PHILANTHROPY PART OF IT AS YOU ARE DAFT IS A LITTLE STRONG LAURA BUT YOU KNOW THAT I WOULDN'T TOUCH THIS BILL
3607-29116-0014	3.160	40	350	I EXPECT TO SEE THE CHAIRMAN OF THE COMMITTEE TO DAY MISTER BUCKSTONE
3607-29116-0015	5.550	70	598	BUT HE HAS CHARITABLE IMPULSES IF WE SECURE HIM WE SHALL HAVE A FAVORABLE REPORT BY THE COMMITTEE
3607-29116-0043	4.240	53	457	AND IN MY OPINION THESE ARE QUALITIES THAT ENNOBLE THEM FAR MORE THAN ANY AMOUNT OF
3607-135982-0000	6.760	85	725	THE CARS CAME SCUDDING IN TOWARDS DUBLIN RUNNING EVENLY LIKE PELLETS IN THE GROOVE OF THE NAAS ROAD
3607-135982-0011	6.505	82	697	HIS FATHER REMONSTRATIVE BUT COVERTLY PROUD OF THE EXCESS HAD PAID HIS BILLS AND BROUGHT HIM HOME
3607-135982-0038	2.185	28	243	TO A MUSIC OF MERRY BELLS
3607-135982-0051	5.015	63	541	THE CABIN DOOR OPENED AND HE SAW THE HUNGARIAN STANDING IN A SHAFT OF GREY LIGHT
3664-11714-0017	6.315	79	675	GOD WILL FORGIVE YOUR VANITIES YOUR ADULTEROUS PLEASURES YOUR OBSCENE FESTIVALS SO MUCH FOR YOUR SINS
3664-11714-0022	6.800	85	717	MY FATHER SHALL I HAVE TIME ASKED THE DYING MAN GOD WILL GIVE IT TO YOU REPLIED THE MONK
3664-11714-0029	7.390	93	790	A SPIRIT ALREADY DETACHED FROM THE EARTH AT THE CRY WHICH BROKE FROM LORENZO DEI MEDICI WHEN HE SAW HIM DISAPPEAR
3664-178355-0010	5.310	67	575	TILL THEY WOULD FINALLY CIRCLE ROUND AND ROUND ON THIS MORNING THE BUFFALOES WERE VERY ACCOMMODATING
3664-178355-0019	4.680	59	504	THEY PREPARED TO DEPART HAVING DECLINED AN INVITATION TO PASS THE NIGHT THERE
3664-178355-0036	8.925	112	953	AND WHENEVER I AGAIN VISIT MEMPHIS I SHALL SURELY GO AND SEE BRIGHAM IF HE IS STILL ALIVE BUT TO RETURN TO THE THREAD OF MY NARRATIVE FROM WHICH I HAVE WANDERED
3664-178366-0007	3.720	47	410	THAT IT WAS MORE DIFFICULT FOR ME TO FACE THE THRONG OF BEAUTIFUL LADIES
3664-178366-0027	9.465	119	1010	THE AUDIENCE UPON LEARNING THAT THE REAL BUFFALO BILL WAS PRESENT GAVE SEVERAL CHEERS BETWEEN THE ACTS AND I WAS CALLED ON TO COME OUT ON THE STAGE AND MAKE A SPEECH
3699-19401-0025	8.240	103	871	THERE WAS NOTHING WHICH SHOULD PUT IT OFF BEYOND THE NEXT MORNING SO ACCORDINGLY IT WAS RESOLV'D UPON FOR ELEVEN O'CLOCK
3699-19402-0002	7.030	88	746	SHE RAISED HER FINGERS AND LET THEM FALL IT COULD SCARCE BE CALL'D A TAP OR IF IT WAS A TAP
3699-19402-0003	8.625	108	909	WHETHER TWAS A TAP OF REMONSTRANCE OR A TAP OF CONFESSION MY FATHER WHO WAS ALL SENSIBILITIES FROM HEAD TO FOOT
3699-19402-0018	6.105	77	657	AND WITH HIS HAIR TUCK'D UP UNDER HIS MONTERO CAP WHICH HE HAD FURBISH'D UP FOR THE OCCASION
3699-19402-0020	6.320	79	662	LIKE A PIKE IT LOOKS WELL AT LEAST QUOTH MY FATHER TO HIMSELF
3699-19402-0026	8.570	108	910	YOUR HONOUR REPLIED THE CORPORAL KNOWS OF TOM'S MISFORTUNES BUT THIS AFFAIR HAS NOTHING TO DO WITH THEM ANY FURTHER THAN THIS
3699-47246-0026	9.000	113	961	SO SHE BEGAN TO FEEL THAT SHE HAD MISCALCULATED THE ADVANTAGES OF A NEIGHBOURHOOD WHERE PEOPLE ARE WELL ACQUAINTED WITH EACH OTHER'S PRIVATE AFFAIRS
3699-47246-0031	7.240	91	770	THUS THERE WAS REALLY NOT MUCH AFFECTATION IN HER SWEET SPEECHES AND ATTENTIONS TO MISTER AND MISSUS BARTON
3699-175950-0000	4.750	60	513	S'DEATH CRIED MY GREAT GRANDFATHER CLAPPING HIS HAND UPON HIS NOSE
3699-175950-0002	8.375	105	892	BY THE WAY IF YOU WOULD KNOW THE STRANGE WAY OF GETTING A KIN AMONGST SO FLAT NOSED A PEOPLE YOU MUST READ THE BOOK FIND IT OUT YOURSELF YOU NEVER CAN
3699-175950-0005	5.170	65	557	AS SOON AS EVER HE ENTER'D UPON THE ODD FIFTY HE GENERALLY GAVE A LOUD HEM
3699-175950-0010	8.850	111	939	THAT IT MUST BE ONE OF THE GREATEST PROBLEMS IN CIVIL LIFE WHERE THE SAME NUMBER OF LONG AND JOLLY NOSES FOLLOWING ONE ANOTHER IN A DIRECT LINE
3723-171115-0001	4.965	63	542	WHO WAS THE MURDERER OF HIS BROTHER AND SENDS THAT HEAD TO HIS OTHER BROTHER PHERORAS
3723-171115-0003	7.580	95	807	FOR THAT MACHAERUS WOULD NOT BE SUCH AN ASSISTANT AS HE COULD DEPEND ON AS IT APPEARED BY WHAT HE HAD DONE ALREADY
3723-171115-0004	5.720	72	612	AND MARCHED TOWARDS JERICHO WITH FIVE COHORTS WHICH MACHAERUS SENT WITH HIM
3723-171115-0009	6.530	82	698	HE MADE AN IRRUPTION INTO GALILEE AND MET HIS ENEMIES AND DROVE THEM BACK TO THE PLACE WHICH THEY HAD LEFT
3723-171115-0022	5.735	72	613	UPON THE CONFIDENCE OF WHICH VICTORY HEROD HAD MARCHED IMMEDIATELY TO JERUSALEM
3723-171115-0028	6.530	82	699	AND THERE IT WAS THAT POMPEY TOOK THE CITY SO HE PARTED THE WORK AMONG THE ARMY AND DEMOLISHED THE SUBURBS
3723-171115-0047	8.005	101	858	AND TOLD HIM THAT HE JUDGED THE DOMINION OF THE HABITABLE EARTH TOO SMALL A COMPENSATION FOR THE SLAUGHTER OF SO MANY CITIZENS
3723-171115-0050	5.975	75	637	LEADING ANTIGONUS AWAY IN BONDS TO ANTONY THEN DID THE AXE BRING HIM TO HIS END
3723-171115-0052	4.675	59	501	HEREUPON KING HEROD DISTINGUISHED THE MULTITUDE THAT WAS IN THE CITY
3723-171115-0057	5.420	68	574	NOW IT WAS NOT LONG AFTER THIS THAT ANTONY WAS COME BACK FROM PARTHIA
3723-171631-0010	5.370	68	569	NO MEUM ET TUUM BUT AN UNIVERSAL COMMUNITY OVERALL
3723-171631-0023	6.200	78	657	ALL THAT THOU ASKEST OF ME IS MY HEART MY SON GIVE ME THY HEART
3723-171631-0024	8.575	108	907	AS LONG AS I HAVE BUT MY HEART WILT THOU GIVE ME AN INHERITANCE A FILIATION ANY THING FOR MY HEART
3723-171631-0025	5.530	70	595	HAST THOU CONSIDERED MY SERVANT JOB THAT THERE IS NONE LIKE HIM UPON THE EARTH
3723-171631-0027	3.845	49	418	AND WOULDST THOU HAVE THAT AND SHALL I BE THY SON
3723-171631-0028	7.985	100	839	FOR GIVING THAT THE HEART IS DECEITFUL ABOVE ALL THINGS AND DESPERATELY WICKED WHO CAN KNOW IT
3723-171631-0030	8.010	101	846	AND WOULDST THOU HAVE MY HEART O GOD OF ALL LIGHT I KNOW THOU KNOWEST ALL AND IT IS THOU
3723-171631-0032	4.385	55	470	YET THOU SOUGHTEST AND FOUNDEST A MAN AFTER THINE OWN HEART
3723-171631-0035	7.720	97	815	A HEAVINESS AND DEJECTION OF SPIRIT UPON HIM I HAVE FOUND THESE HEARTS AND A WORSE THAN THESE
3723-171631-0037	6.570	83	698	AND I HAVE NOT THAT TO THOSE OF THE OTHER KIND THOU GIVEST FAINTNESS OF HEART
3723-171631-0038	5.605	71	602	IF YOU RETURN TO THE LORD WITH ALL YOUR HEARTS PREPARE YOUR HEARTS UNTO THE LORD
3723-171631-0042	3.685	47	402	AND HIS HEART SMOTE HIM WHEN HE HAD NUMBERED HIS PEOPLE
3723-171631-0046	7.260	91	767	AND THE PEACE OF GOD WHICH PASSETH ALL UNDERSTANDINGS SHALL KEEP MY HEART AND MIND THROUGH CHRIST JESUS
3807-4923-0012	6.425	81	689	LOOK ALIVE THERE LOWER AWAY THE JOLLY BOAT MISSUS VICKERS GO DOWN TO YOUR CABIN AND GET ANYTHING YOU WANT
3807-4923-0014	6.680	84	716	RUN DOWN WITH YOUR MAMMA AND DON'T BE FRIGHTENED SYLVIA FLASHED BURNING RED AT THIS INDIGNITY FRIGHTENED
3807-4923-0036	7.355	92	782	RUSSEN AND FAIR PULLING LYON RILEY CHESHIRE AND LESLY WITH MUSKETS AND JOHN REX IN THE STERN SHEETS
3807-4923-0038	8.555	107	914	HE HAD FEARED THAT THE CHILD WAS INJURED BY THE DIRECTION OF REX THE WHALE BOAT WAS BROUGHT ALONGSIDE THE JOLLY BOAT AND CHESHIRE AND LESLY BOARDED HER
3807-4923-0043	7.960	100	856	SYLVIA SAID NOTHING AND SEEMED TO SHRINK FROM THE LIEUTENANT PERHAPS IN HER CHILDISH FANCY SHE HAD PICTURED HIM AS COMING TO HER RESCUE
3807-4923-0047	2.300	29	255	DIMLY CAUGHT THE MEANING OF THE SENTENCE
3807-4923-0058	7.165	90	765	GREAT GOD CRIED BATES RUNNING UP TO HIS KNEES IN WATER AFTER THE DEPARTING BOATS WOULD YOU LEAVE US HERE TO STARVE
3807-4955-0008	7.245	91	770	THE NEXT INSTANT THE RUSHING WATER CARRYING THE SIX LEGGED ATOM WITH IT CREAMED UP OVER THIS STRIP OF BEACH
3807-4955-0032	9.160	115	979	BLUNT HAD NOT CHOSEN MEN WHO WERE LIKELY TO BETRAY HIM THOUGH FOR THAT MATTER REX HAD SUGGESTED A PRECAUTION WHICH RENDERED BETRAYAL ALMOST IMPOSSIBLE
3807-4955-0038	6.670	84	717	STOOPING AND RISING AS THOUGH FEEDING THE FIRE ONE MIGHT HAVE IMAGINED THAT A DOOR IN VULCAN'S SMITHY
3830-12529-0001	9.305	117	984	AND SUCH FUEL FOR THE CAMP FIRE BROKEN LIMBS WITH JUST ENOUGH PITCH TO MAKE A CHEERFUL BLAZE AND YET BODY ENOUGH TO LAST WELL
3830-12529-0003	8.050	101	851	AN ENCAMPMENT OF INDIANS BEING NEAR A PARTY OF THEM SOON VISITED OUR CAMP AND BEGAN MAKING SIGNS FOR TRADE
3830-12529-0005	3.940	50	425	WE WERE ABLE TO IMPART THE INFORMATION THAT WE WANTED
3830-12530-0014	8.205	103	871	BY THIS TIME WE HAD DRIFTED INTO THE NARROWS AND WE SOON FOUND WE HAD SOMETHING MORE IMPORTANT TO DO THAN TO TOW A DEER
3830-12530-0015	6.035	76	644	A PERPENDICULAR BLUFF ROSE FROM THE HIGHWATER MARK LEAVING NO PLACE FOR CAMP FIRE OR BED
3830-12530-0021	8.420	106	897	AND DRAG OUR CANOE AROUND THE DRIFTS IT WAS A STORY OF CONSTANT TOIL WITH CONSEQUENT DISCOURAGEMENT NOT ENDING UNTIL WE CAMPED
3830-12530-0022	2.975	38	327	AN INDIAN TRAIL LED UP THE RIVER FROM
3830-12530-0033	4.680	59	505	ONE WOULD DROP INTO THE BOAT WE SOON DISCOVERED SOME INDIANS FOLLOWING THE SCHOOL
3830-12530-0037	8.860	111	940	LATER THE BONE OF CONTENTION BETWEEN OUR GOVERNMENT AND GREAT BRITAIN WHEN THE NORTHERN BOUNDARY OF THE UNITED STATES WAS SETTLED PORT TOWNSEND LAY
3830-12530-0045	7.650	96	816	US BACK IN THE BAY WE SOUGHT BUT THE SHIPS WERE GONE NOT A SAILING CRAFT OF ANY KIND WAS IN SIGHT OF THE LITTLE TOWN
3830-12531-0003	6.815	86	735	TAKING THEIR PLACE I WAS DRESSED FOR THE RACE AND WAS EAGER FOR THE TRIAL AT OLYMPIA I HAD PARTED WITH MY BROTHER
3830-12531-0008	2.500	32	277	WE NEVER WATCHED FOR THE SUN TO GO DOWN
3830-12531-0025	7.500	94	795	A VERY LITTLE FOOD AND NO MONEY THE MONEY HAD ALL BEEN EXPENDED ON THE CANOE PASSAGE SHOULD WE PACK THE OXEN AND WALK
3830-12531-0026	8.615	108	912	THIS LAST PROPOSITION WAS THE MOST ATTRACTIVE AND SO NEXT MORNING DRIVING MY OXEN BEFORE ME AND LEAVING WIFE AND BABY TO TAKE CARE OF THE CAMP
3830-12531-0027	7.305	92	776	STRANGER THOUGH I WAS TO SAY YES YOU CAN HAVE TWO IF YOU NEED THEM JACKSON HAD SETTLED THERE EIGHT YEARS BEFORE
3830-12531-0028	8.575	108	913	THE DREAD DISEASE HAD TERRORS THEN THAT IT DOES NOT NOW POSSESS COULD IT BE POSSIBLE MY FOLKS HAD BEEN TAKEN SICK
3830-12531-0030	2.945	37	317	AND SHARING HER HOUSE WHICH WAS NEAR BY
3830-12531-0031	4.405	56	486	FINDING THAT THE BOAT AND PROVISIONS HAD BEEN TAKEN AND SEEING SMOKE IN THE BIGHT
3830-12535-0002	8.110	102	863	AS THE SUN ROSE THE HEAT BECAME INTOLERABLE THE DUST IN PLACES BROUGHT VIVID MEMORIES OF THE TRIP ACROSS THE PLAINS
3830-12535-0003	2.495	32	279	TO CATCH A GLIMPSE OF THE EXPECTED TRAIN
3830-12535-0004	3.880	49	423	AND COMPELLED ME TO LEAVE THE ROAD AND DESCEND INTO THE VALLEY FOR WATER
3830-12535-0018	3.795	48	419	AND HAD MET MY PEOPLE THEY WERE CAMPED SOME THIRTY MILES AWAY HE THOUGHT
3830-12535-0019	2.190	28	245	BUT I COULD NOT WAIT THERE FOR THEM
3830-12535-0020	3.880	49	423	DETERMINED TO REACH CAMP THAT NIGHT IF I COULD POSSIBLY DO SO
3830-12535-0031	8.435	106	897	BUT BETTER FOOD WAS OBTAINABLE AND THE GOAL WAS NEAR AT HAND IT WAS A POSITIVE PLEASURE THEREFORE TO PASS OVER THE MILES ONE BY ONE
3830-12535-0032	4.730	60	518	WHEN OUR LITTLE TRAIN AT LAST EMERGED FROM THE FORESTS AND CAME OUT INTO THE NISQUALLY PLAINS
3857-180923-0011	8.420	106	900	AT THE TIME OF HIS DEATH IN EIGHTEEN NINETY SEVEN HE WAS A LECTURER IN THE YALE LAW SCHOOL AND MEMBER OF THE SUPREME COURT OF ERRORS
3857-180923-0020	9.370	118	1005	THERE ARE NOT A FEW OTHER NAMES UPON THE ROLLS OF THE REGIMENT WHICH UPON MORE THOROUGH INVESTIGATION THAN HAS BEEN POSSIBLE IN THE PRESENT CASE WOULD CERTAINLY BE ADDED TO THE LIST
3857-182315-0022	4.300	54	458	AND HOW GREAT A DEVELOPMENT COULD THEY ATTAIN TO THEREAFTER
3857-182315-0025	7.750	97	820	THEY ARE NOT EASILY LEFT BEHIND EVEN AFTER LONG STAGES AND THEY FORM A TERRIBLE OBSTACLE TO ALL HIGH ADVANCEMENT
3857-182315-0045	8.985	113	954	IT'S BY VIRTUE OF FEVERISH TOIL THAT YOU HAVE BECOME WHAT YOU ARE BEING ENDLESSLY INDUSTRIOUS IS THE BEST ROAD FOR YOU TO THE HEIGHTS
3857-182317-0027	6.255	79	669	AND THEREAFTER ACHIEVE A HIGH CIVILIZATION BUT THAT WASN'T THE PROBLEM THE REAL PROBLEM
3879-173592-0003	5.735	72	612	A HUMBLER ADVENTURER WAS PIERRE GAMBIE A ROBUST AND DARING YOUTH
3879-173592-0013	4.175	53	453	BEGGED FOR TEN ARQUEBUSIERS TO AID HIM ON A NEW RAID
3879-173592-0021	7.030	88	747	THE THIRD ANNIVERSARY OF THE DAY WHEN RIBAUT AND HIS COMPANIONS FULL OF DELIGHTED ANTICIPATION HAD FIRST EXPLORED
3879-173592-0028	6.880	86	730	IN VAIN THE WATCHMAN ON THE HILL SURVEYED THE SOLITUDE OF WATERS A DEEP DEJECTION FELL UPON THEM
3879-173592-0030	4.970	63	537	LEST THEY SHOULD PAY THE PENALTY OF THEIR EXTORTION THEY WOULD NOT ENTER THE FORT
3879-173592-0035	4.065	51	437	SOME GATHERED PITCH IN THE PINE FORESTS SOME MADE CHARCOAL
3879-173592-0043	3.565	45	387	WAITED TWO DAYS AND THEN DESCENDED THE RIVER WITH HIS PRISONER
3879-174923-0005	2.595	33	283	HE MUST VANISH OUT OF THE WORLD
3879-174923-0010	8.855	111	938	NOT BUT WHAT HE'S DISGRACED HIMSELF BY WHAT HE'S BEEN AND DONE NOW MISTER SLIDE IN FORMER DAYS HAD BEEN THE EDITOR OF THE PEOPLE'S BANNER
3879-174923-0017	3.345	42	361	JUST AS HE USED TO DO AND NEVER GOT SO MUCH OUT OF IT
3879-174923-0018	8.395	105	893	THAT I DON'T KNOW HOW TO BEAR IT WELL YES THAT IS TRUE MISTER FINN THERE NEVER WAS A MAN BETTER AT BRINGING HOME HIS MONEY TO HIS WIFE THAN BUNCE
3879-174923-0022	7.790	98	823	NOW LORD CHILTERN WAS AGAIN HIS VERY INTIMATE FRIEND AND THERE HAD USED TO SIT A NEEDY MONEY LENDER WHOM
3879-174923-0051	7.845	99	834	ASSUME THAT THEY HAVE AT LAST GOT A PERSON TO DO A DUTY WHICH HAS ALWAYS HITHERTO BEEN NEGLECTED VIOLET DOES WRITE
3879-174923-0052	2.465	31	269	AS THE WIFE OF A MASTER OF HOUNDS
3879-174923-0057	4.940	62	529	WE CERTAINLY DID NOT THINK THAT YOU WOULD COME OUT STRONG AGAINST THE CHURCH
3879-174923-0065	8.875	111	941	I COMPLAIN OF NO INJUSTICE OUR CASTLE WAS BUILT UPON THE SAND WHY SHOULD MISTER KENNEDY HAVE BEEN A CABINET MINISTER AND WHY SHOULD I HAVE BEEN HIS WIFE
3879-174923-0070	3.650	46	399	I HAVE TOLD PAPA THAT I SHOULD ASK YOU AND HE WOULD BE DELIGHTED
3879-174923-0072	9.430	118	994	THOUGH HE COMPLAINS IN MARCH WE MOVE DOWN SOUTH FOR A COUPLE OF MONTHS DO COME IF YOU CAN MOST SINCERELY YOURS LAURA KENNEDY
3947-13260-0008	7.995	100	846	WILL BE A POWERFUL FACTOR IN RAYMOND TO DO AS JESUS WOULD ABOUT MY OTHER PLAN RACHEL I WANT YOU TO WORK WITH ME
3947-13260-0048	6.115	77	649	ROLLIN WAS SILENT THEN HE WENT ON WITH MORE EMOTION I STILL LOVE HER VIRGINIA
3947-13262-0005	7.460	94	797	I HAVE BEEN BUSY REPLIED ROLLIN BRIEFLY TELL ME SOMETHING ABOUT IT PERSISTED RACHEL YOU SAY SO LITTLE
3947-13262-0016	4.840	61	520	WHEN I ASKED AS YOU DID WHAT WOULD JESUS DO THAT WAS MY ANSWER
3947-13262-0033	8.380	105	891	NEVERTHELESS IT WAS EVIDENT TO HERSELF THAT HER EMOTION WAS NOT THAT OF REGRET OR SORROW SOMEHOW A GLAD NEW JOY HAD COME TO HER
3947-13262-0035	6.690	84	719	AND ROLLIN AS HE WENT BACK TREASURED A HOPE THAT HAD BEEN A STRANGER TO HIM SINCE RACHEL HAD SAID NO THAT DAY
3947-13262-0039	5.245	66	570	BUT A MILLION DOLLARS IN THE HANDS OF A PERSON WHO TRULY WANTS TO DO WITH IT AS JESUS WOULD
3947-13262-0042	7.140	90	766	EVEN COUNTING VIRGINIA'S AND RACHEL'S WORK AND MISTER GRAY'S WHERE HAD IT ACTUALLY COUNTED IN ANY VISIBLE QUANTITY
3947-13262-0045	8.690	109	924	HE SICKENED AT THE SIGHT HE FOUND HIMSELF ASKING HOW MUCH CLEANSING COULD A MILLION DOLLARS POURED INTO THIS CESSPOOL ACCOMPLISH
3947-13262-0046	9.130	115	975	WAS NOT THE LIVING SOURCE OF NEARLY ALL THE HUMAN MISERY THEY SOUGHT TO RELIEVE UNTOUCHED AS LONG AS THE SALOONS DID THEIR DEADLY BUT LEGITIMATE WORK
3982-178459-0004	3.295	42	359	WELL MAYBE IF YOU KEEP ON THE WAY YOU BEEN
3982-178459-0007	3.545	45	390	WHAT IS THE MATTER I SAW SOMETHING WAS TERRIBLY WRONG WHEN I
3982-178459-0010	6.265	79	672	THEY'VE MADE YOU GIVE UP YOUR FATHER'S WON YOU'RE GOING TO DO WHAT HE WANTS YOU'VE GIVEN UP
3982-178459-0012	4.415	56	475	SHE DID NOT SPEAK AGAIN FOR A LITTLE WHILE THEN SHE SAID
3982-178459-0018	9.410	118	983	YOU'VE GIVEN UP TO YOUR FATHER SHE SAID SLOWLY AND THEN YOU CAME TO ASK ME SHE BROKE OFF
3982-178459-0036	3.580	45	380	AND TO DAY I HEARD THAT THAT YOU
3982-178459-0049	1.975	25	221	YOU MIGHT WONDER WHY I DIDN'T
3982-178459-0050	8.865	111	936	AND I WONDER MYSELF WHY WHEN A FAMILY LOSES ITS MONEY PEOPLE ALWAYS SAY THE DAUGHTERS OUGHT TO GO AND BE STENOGRAPHERS IT'S CURIOUS
3982-178459-0061	2.630	33	284	AND I'VE HURT YOU LIKE THIS
3982-178459-0066	2.130	27	235	HE GOT HIMSELF TO THE DOOR
3982-182255-0000	4.085	52	439	CHAPTER EIGHT THE GREAT FIGHT FOR CLEAN GOVERNMENT
3982-182255-0006	5.885	74	629	THEY HAD BEEN SITTING IN A QUIET CORNER OF THE CLUB IT WAS ON A SUNDAY EVENING
3982-182255-0026	5.115	64	550	A MAN WOULD SOMETIMES ASK ON PLUTORIA AVENUE OH JUST ONE OF THE CITY ALDERMEN
3982-182255-0027	3.975	50	433	OH I SEE I BEG YOUR PARDON I THOUGHT IT MIGHT BE SOMEBODY IMPORTANT
3983-5331-0027	9.195	115	972	IN SOME OBSCURE HIDING PLACE AND NOW CONTINUED BARBARA I WANT YOU TO ADVISE ME HAD I BETTER INFORM MAMMA THAT RICHARD IS HERE OR NOT
3983-5331-0036	9.470	119	1010	BEFORE THE CLERKS OR HER FATHER MAMMA WANTED MISTER CARLYLE'S OPINION UPON A LITTLE PRIVATE BUSINESS AND NOT FEELING WELL ENOUGH TO COME HERSELF SHE SENT ME
3983-5331-0038	6.850	86	734	WHEN DISSENTING FROM A PROBLEM SHE WAS SURE THERE WAS SOME MYSTERY ASTIR SHE TURNED AND WALKED DOWN THE STREET WITH BARBARA
3983-5331-0051	9.035	113	959	NO WONDER POOR BARBARA WAS FLURRIED AND NERVOUS FOR THERE'S DANGER ON ALL SIDES IS HE AT THEIR HOUSE HOW COULD HE BE THERE AND HIS FATHER IN IT
3983-5331-0052	7.285	92	781	AND WILL BE AT THE GROVE TO NIGHT TO RECEIVE THIS MONEY I HAVE INVITED THE JUSTICES TO GET MISTER HARE SAFE AWAY FROM HIS OWN HOUSE
3983-5371-0002	4.685	59	506	DUCK HIM THE POND BE CLOSE AT HAND LET'S GIVE HIM A TASTE OF HIS DESERVINGS
3983-5371-0018	7.010	88	748	THEY LOOK AS STRONG AS EYES CAN LOOK BUT WHY WEAR COLORED GLASSES WHITE ONES WOULD ANSWER EVERY PURPOSE I SHOULD SUPPOSE
3983-5371-0021	8.145	102	865	QUITE A COLLECTION OF GENTLEMEN MISTER CARLYLE AND LORD MOUNT SEVERN HEADING THEM WHAT COULD IT MEAN THE MOB THEY WERE ENCOUNTERING
3983-5371-0039	4.575	58	500	AND WITH THAT HE BURST OUT CRYING AND GAVE BILL WHITE HALF A CROWN OUT OF HIS POCKET
3983-5371-0040	3.315	42	370	AFY SAW IT IF YOU'LL EXCUSE ME MENTIONING HER NAME TO YOU MA'AM
3983-5371-0044	7.945	100	854	SHE TURNED HERSELF ROUND FROM THE LOOKING GLASS AND GAZED FULL IN JOYCE'S FACE WAITING FOR THE ANSWER JOYCE LOWERED HER VOICE AS SHE GAVE IT
3983-5371-0045	5.895	74	633	AND I CAN TELL YOU JOYCE THAT I WAS CONFOUNDED AT THE LIKENESS IT IS AN EXTRAORDINARY LIKENESS
3983-5371-0048	8.760	110	931	IT WAS MY DUTY TO DO SO THERE WAS NO ONE ELSE TO UNDERTAKE IT DID YOU ASCERTAIN POSITIVELY BEYOND ALL DOUBT THAT SHE DID DIE
3983-5371-0055	8.250	104	889	THE DRIVE I THINK WILL DO HIM GOOD REPLIED MISTER CARLYLE AND I WOULD LIKE YOU TO ACCOMPANY HIM IF YOU DO NOT MIND THE TROUBLE YOU CAN HAVE THE PONY CARRIAGE
3983-5371-0058	5.710	72	611	AND TO KNOW THAT THEY WERE SEPARATED FOR EVER AND EVER THAT SHE WAS WORSE TO HIM THAN NOTHING
4014-186175-0000	8.935	112	937	CHAPTER SEVEN THE TIMELY RESCUE IT WAS NO PLEASANT THOUGHT TO CONTEMPLATE THE PRESENCE OF A BOLD
4014-186175-0005	4.140	52	448	JERRY HAD SOME LETTERS TO WRITE SO SLIM WENT TO THE UPPER DECK ALONE
4014-186175-0007	3.325	42	365	LIKE THE AWAKENING CALL THAT COMES TO A MAN IN A SOUND SLEEP
4014-186175-0008	4.885	62	529	TO FIND SOMEONE STANDING DIRECTLY OVER HIM LOUDLY AND INSISTENTLY CALLING HIS NAME
4014-186175-0011	5.170	65	553	WHO ARE YOU AND WHERE LIEUTENANT MACKINSON THE MESSAGE BEGAN TO COME BACK
4014-186175-0016	9.340	117	995	THEY STOOD SILENT A MOMENT AND THEN FAINT AND INDISTINCT APPARENTLY FROM SOMEWHERE SEVERAL FEET AHEAD OF THEM THEY BOTH HEARD REPEATED THAT WHICH HAD MADE SLIM STOP
4014-186175-0017	2.715	34	298	THE LAD REPEATED THEM FOR THE INFORMATION OF THE CAPTAIN
4014-186175-0018	5.715	72	596	M O T H E R I N G
4014-186175-0020	6.350	80	685	THE OFFICER WHIPPED OUT A POCKET FLASHLIGHT THEY WERE DIRECTLY IN FRONT OF A HEAVY WOODEN DOOR IT WAS LOCKED
4014-186175-0021	3.900	49	424	AND SLIM HASTENED AWAY TO RETURN TWO MINUTES LATER WITH ALL THREE TOOLS
4014-186175-0022	2.520	32	276	BUT THERE WAS NO RESPONSE FROM WITHIN
4014-186175-0023	8.400	105	897	TWO MORE ATTEMPTS AND THE PANEL FELL IN STRIPS TO THE FLOOR THUS GIVEN SOMETHING FOR A GRIP HOLD THE CAPTAIN WHO WAS A MASSIVE MAN TOOK HOLD WITH BOTH HANDS
4014-186175-0024	2.310	29	256	BROUGHT THE ENTIRE DOOR FROM ITS HINGES
4014-186175-0026	4.295	54	464	HELP US CARRY THIS MAN TO FRESH AIR IMMEDIATELY HE ORDERED HE HAS BEEN OVERCOME
4014-186175-0028	5.135	65	560	FOUND HIM LOCKED IN A SMALL COMPARTMENT DOWN NEAR THE AUXILIARY ENGINE ROOM THE COMMANDER SAID BRIEFLY
4014-186175-0029	3.475	44	381	HE MADE HIS WHEREABOUTS KNOWN BY TAPPING A MESSAGE ON A STEAM PIPE
4014-186175-0030	1.860	24	211	NEARLY SUFFOCATED TOO
4014-186175-0031	2.435	31	272	HIS HEART ACTION IS PRETTY WEAK EVEN YET
4014-186175-0032	5.055	64	548	AT THAT MOMENT JERRY CAME HURRYING DOWN THE DECK HE WAS VISIBLY EXCITED BUT
4014-186175-0035	6.495	82	698	LET THIS BE A WARNING THAT NO FURTHER INTERFERENCE WILL BE OF AVAIL THE CAPTAIN LOOKED FROM THE NOTE TO THE CHAIN
4014-186175-0036	4.215	53	449	AND NO SIGNATURE I BELIEVE SIR SAID JERRY
4014-186175-0041	2.535	32	275	WE ARE NOT SAFE WHILE HE IS FREE
4014-186176-0000	3.255	41	349	CHAPTER EIGHT THE DEATH OF THE SPY
4014-186176-0002	6.250	79	681	PRESUMABLY FROM THE ENGINE OR BOILER ROOM THROW ASIDE SOMETHING AS HE HURRIED ALONG THE PASSAGEWAY LEADING FROM THE WIRELESS ROOM
4014-186176-0003	3.460	44	385	AND YOU STOOPED TO PICK UP WHATEVER IT WAS THAT HAD BEEN THROWN AWAY
4014-186176-0005	8.940	112	951	I WAS GROPING MY WAY ALONG WHEN I THOUGHT I HEARD STEPS JUST AHEAD OF ME I STOPPED TO LISTEN AND WHEN THE SOUND WAS NOT REPEATED I PROCEEDED ONWARD
4014-186176-0006	5.160	65	562	BEFORE I COULD UTTER A WORD I WAS A PRISONER BEHIND A LOCKED DOOR I CALLED SEVERAL TIMES AND
4014-186176-0008	8.295	104	890	AND THAT WAS ALL THAT LIEUTENANT MACKINSON COULD TELL THE MYSTERIOUS STRANGER REMAINED WHAT HE HAD BEEN FROM THE FIRST A DESPERATE AND DANGEROUS AND UNKNOWN SPY
4014-186176-0011	3.550	45	389	WELL SAID JOE I THINK I'VE GOT A PLAN THAT WILL WORK BUT
4014-186176-0016	5.650	71	610	AND TO DO THAT HE WILL HAVE TO USE THE WIRELESS SOMEHOW IT SEEMS LIKELY THAT HE WOULD MAKE HIS EFFORT AT NIGHT
4014-186176-0017	5.580	70	605	THE LIEUTENANT COULD BE IN THE WIRELESS ROOM AND ONE OF US IN THE BATTERY ROOM WHILE THE OTHER TWO DID DUTY OUTSIDE
4014-186176-0018	2.880	36	314	IT WOULD BE TIRESOME AND MONOTONOUS WORK ALL RIGHT
4014-186176-0019	4.170	53	455	I'M WILLING SAID JERRY BUT YOU AND I WILL HAVE TO DO THE OUTSIDE WORK
4014-186176-0021	7.670	96	817	TO THE THREE BOYS UNABLE TO SEE OR TALK TO EACH OTHER AND JOE AND JERRY SCARCELY DARING TO MOVE THE MINUTES LAGGED LIKE HOURS
4014-186176-0022	3.565	45	380	BLACK ENDLESS NIGHTS DAWN CAME
4014-186176-0023	6.140	77	655	THERE WERE MUTUAL FEELINGS OF DISAPPOINTMENT BUT NONE OF WEAKENED DETERMINATION WHAT LUCK
4014-186176-0024	3.520	44	384	I WILL ARRANGE FOR ANOTHER MAN TO STAY IN THE WIRELESS ROOM DURING TO DAY
4014-186176-0029	3.150	40	345	YE WILL WILL YE HISSED THE VOICE OF THE ENGINEER AGAIN
4014-186176-0030	3.240	41	356	YE DIRTY HOUND I'VE A MIND TO BOOT YE INTO THE SEA
4014-186176-0031	2.145	27	239	AND WHIN I ASKED HIM WHAT HE WAS ABOUT
4014-186176-0032	3.925	50	431	SO SAID THE CAPTAIN IN A VOICE SO STERN IT MADE JOE WINCE
4014-186176-0033	3.555	45	387	HE'S A THIRD CLASS MACHINIST SIR THE ENGINEER REPLIED
4014-186176-0034	3.235	41	358	YES AND I BELIEVE HE'S WORSE THAN THAT THE CAPTAIN ADDED
4014-186176-0035	2.845	36	314	THERE WAS A STRAINED SILENCE FOR A MOMENT THEN
4014-186176-0036	3.360	42	366	IT LOOKS AS THOUGH WE'D CAUGHT THE MAN THE DOCTOR WHISPERED
4014-186176-0039	2.075	26	228	AT THE SAME INSTANT THE PRISONER
4014-186179-0003	8.360	105	898	WE HAVE A LONG TRIP BEFORE US LIEUTENANT MACKINSON INFORMED THEM AND WE LEAVE HERE ON A SPECIAL TRAIN IN TWO HOURS IN A SHORT TIME WE WILL BE IN THE THICK OF IT
4014-186179-0004	3.805	48	415	KNOWING THEY HAVE IMPORTANT WORK TO DO AND FEELING CAPABLE OF DOING IT WELL
4014-186179-0005	2.590	33	290	GOT HERE TWO WEEKS AGO THE BIG FELLOW ANSWERED
4014-186179-0008	6.140	77	660	WELL TELL THEM ALL ABOUT IT DEMANDED TOM RAWLE IMPATIENT AT FRANK'S UNWILLINGNESS TO TALK MUCH ABOUT HIMSELF
4014-186179-0009	2.675	34	299	AND IT WAS A SURPRISE PARTY FOR FAIR I CAN TELL YOU
4014-186179-0012	4.195	53	454	ALL READY THEY ANSWERED AND THE LIEUTENANT LED THE WAY TO THE TRAIN
4014-186179-0013	8.175	103	874	ALSO THERE WAS A WIRE COMPANY OF THE SIGNAL CORPS WHICH WAS GOING TO JOIN ANOTHER AMERICAN UNIT FOR THE FIRST THREE OR FOUR HOURS OF THE TRIP THE LADS
4014-186179-0017	3.205	41	356	WHERE IN THAT COUNTRY THEY HAD SEEN BIG CONCENTRATION CAMPS AND
4014-186179-0024	7.250	91	778	WAS A CONSTANTLY MOVING LINE OF MOTOR TRUCKS COMING FORWARD WITH MEN AND SHELLS WHILE OUT AHEAD OF THEM TREMENDOUS AND MENACING BIG TANKS
4014-186179-0026	7.535	95	812	EQUIPPED WITH GUNS AND MEN THAT COULD TRAVEL WITH THEIR OWN POWER PRACTICALLY ANYWHERE ACROSS SHELL HOLES OVER TRENCHES THROUGH BARBED WIRE
4014-186179-0027	3.350	42	364	AWAIT ME HERE HE SAID TO THE FIVE MEN UNDER HIS IMMEDIATE COMMAND
4014-186179-0029	9.105	114	969	AND AFTER DARK TO NIGHT WE ARE TO ESTABLISH AN OUTLYING COMMUNICATION FROM THE FARTHEST SKIRMISH POINTS TO HEADQUARTERS ALMOST AS HE FINISHED THE SENTENCE THEY WERE STARTED
4014-186179-0033	5.815	73	628	AS THEY ALL LEANED OVER HIS DESK TO FOLLOW THE TRACING OF HIS PENCIL WITH WHICH HE SHOWED THEM THE COURSE THEY WERE TO TAKE
4014-186179-0036	2.760	35	304	AND IF WOUNDED MIGHT OTHERWISE STARVE TO DEATH
4014-186179-0037	8.130	102	867	AND PROMPTLY AT SEVEN O'CLOCK THEY STARTED UPON THE DANGEROUS MISSION WITH NIGHTFALL THE BIG CANNONADING HAD NOTICEABLY SHUT DOWN
4014-186179-0040	3.280	41	352	EXAMINED THE MAP AGAIN TO MAKE CERTAIN OF THEIR LOCATION
4014-186179-0043	7.850	99	840	WHAT DID YOU FALL OVER THE LIEUTENANT FINALLY ASKED OF SLIM IN A SCARCELY AUDIBLE TONE I JUST FOUND IT REPLIED SLIM
4014-186179-0044	3.960	50	433	COPPER EXCLAIMED THE LIEUTENANT HOSKINS LET ME HAVE THAT KIT
4014-186179-0046	3.725	47	403	LEAD ENEMY TO BELIEVE WHOLE ATTACK CENTERED FROM YOUR POSITION
4014-186183-0000	9.185	115	979	FRANK HOSKINS ELBOW WOUND HEALED QUICKLY WITHOUT ANY SERIOUS RESULTS AND TOM RAWLE WHO HAD BEEN UNDER TREATMENT AT THE FIELD HOSPITAL WAS ABLE TO GET ABOUT THE CAMP
4014-186183-0003	6.310	79	673	IT WAS A SURPRISE ATTACK IN EVERY SENSE OF THE WORD WITH ALL THE TERRIBLE CARNAGE THAT SUCH A BATTLE BRINGS
4014-186183-0005	2.285	29	252	INCLUDING FOOD AND AMMUNITION TRAINS
4014-186183-0006	8.880	111	938	EVERYTHING MOVED LIKE CLOCKWORK AND WITH THE GREATEST POSSIBLE SPEED AND THROUGHOUT IT ALL MEN ON BOTH SIDES WERE SHOOTING SHOUTING SHRIEKING
4014-186183-0007	2.450	31	267	OR LIFELESS BEFORE SUPERIOR NUMBERS
4014-186183-0011	3.145	40	344	TO MAKE SURE THAT THUS FAR HIS FRIEND WAS STILL SAFE
4014-186183-0012	8.280	104	882	THE WAVERING SWAYING TARGET WAS WATCHED FROM TIME TO TIME AND SPECULATIONS MADE AS TO HOW LONG IT COULD REMAIN WITHOUT BEING PUNCTURED BY A BULLET
4014-186183-0015	6.240	78	660	AND SOON IN GREAT MEASURE AT LEAST HOSTILITIES WOULD BE SUSPENDED FOR THE NIGHT THEIR WORK COMPLETED
4014-186183-0017	4.350	55	474	AND THE HEAVY ROAR OF THE ARTILLERY ALSO WAS PUNCTUATED WITH LONGER PAUSES
4014-186183-0020	7.040	88	757	MORE EASILY HANDLED AEROPLANES AND USED IN GREAT NUMBERS BY THE GERMANS SHOT INTO THE AIR AT GREAT SPEED FROM BEHIND THE BOCHE ENTRENCHMENTS
4014-186183-0021	4.875	61	525	IT SIMPLY INDICATED THAT THOSE MANNING THE AMERICAN AND FRENCH ANTI AIRCRAFT GUNS
4014-186183-0022	3.210	41	356	AND EVEN THIS MIGHT HAVE BEEN CONSIDERED A WELL DESIGNED HOAX
4014-186183-0025	3.985	50	431	THE AMERICAN PLANES MANEUVERED IN SUCH A WAY AS TO ENCIRCLE THE TAUBE
4014-186183-0026	8.110	102	871	AND THE OTHER GERMAN PLANES TURNED BACK TOWARD THEIR OWN LINES THE TAUBE CONTINUED ON ITS WAVERING CRIPPLED DOWNWARD COURSE TOWARD THE ALLIED LINES
4014-186183-0027	4.790	60	518	AS THE TAUBE CAME WITHIN A HUNDRED YARDS OF THE GROUND AND RIGHTED HERSELF FOR A LANDING
4014-186183-0029	6.785	85	730	AND AFTER DESCENDING A LITTLE BY PERMITTING SOME OF THE GAS TO ESCAPE WE JUMPED OVER THE SIDE OF THE BASKET AND CAME DOWN ON OUR PARACHUTES
4018-103416-0012	5.505	69	582	NO TOOTS DEAR BUT I CAN EASILY MOTHER MARION EXPLAINED
4018-103416-0015	4.435	56	467	ABOUT THE NEW WAR CONTRACTS OH BUSINESS
4018-103416-0023	4.165	53	455	THEY BROUGHT OR SENT HER TRIBUTE FLOWERS CANDY AND CIGARETS
4018-107312-0036	2.470	31	273	I WAS SPEAKING OF IT TO HARRIET LAST NIGHT
4018-107338-0002	3.650	46	401	AND I VENTURE TO BELIEVE MY PRAYERS AND VIGILS HAVE BEEN ACCEPTED
4018-107338-0006	5.675	71	598	DETRACT FROM THE FAVOURABLE EFFECT THAT HE ALWAYS AT ONCE PRODUCED
4051-10927-0002	4.795	60	514	HOW SIMPLE AND NATURAL WERE HER WORDS AND HOW LIKELY THAT SHE WAS SIMPLY SLEEPY
4051-10927-0009	8.615	108	913	I WASN'T DULL DOES THAT OFFEND YOU ALEXEY ALEXANDROVITCH SHIVERED AND BENT HIS HANDS TO MAKE THE JOINTS CRACK
4051-10927-0010	8.035	101	859	ANNA IS THIS YOU SAID ALEXEY ALEXANDROVITCH QUIETLY MAKING AN EFFORT OVER HIMSELF AND RESTRAINING THE MOTION OF HIS FINGERS
4051-10927-0012	9.000	113	956	HE HAD UNCONSCIOUSLY BECOME AGITATED OVER WHAT WAS THE AFFAIR OF HER CONSCIENCE AND WAS STRUGGLING AGAINST THE BARRIER HE FANCIED BETWEEN THEM
4051-10927-0022	3.925	50	431	THAT MY WORDS SEEM TO YOU UTTERLY UNNECESSARY AND OUT OF PLACE
4051-10927-0023	6.875	86	730	IN THAT CASE I BEG YOU TO FORGIVE ME BUT IF YOU ARE CONSCIOUS YOURSELF OF EVEN THE SMALLEST FOUNDATION FOR THEM
4051-10927-0027	5.180	65	558	WITH A NEW TRANQUIL RHYTHM IT'S LATE IT'S LATE SHE WHISPERED WITH A SMILE
4051-11217-0002	6.285	79	677	WHEN THE PRINCES UNDERSTOOD WHITHER THE ARGONAUTS WERE GOING THEY OFFERED TO TURN BACK AND GUIDE THEM TO COLCHIS
4051-11217-0003	7.025	88	749	EVERY PERSON WHO MIGHT VENTURE WITHIN HIS REACH THERE ARE OTHER DIFFICULTIES IN THE WAY CONTINUED THE YOUNG PRINCES
4051-11217-0004	6.275	79	675	I DO NOT WONDER THAT YOU THINK THE DRAGON VERY TERRIBLE YOU HAVE GROWN UP FROM INFANCY IN THE FEAR OF THIS MONSTER
4051-11217-0006	8.090	102	863	MUCH GOOD MAY IT DO HIM AND ORPHEUS WHOSE CUSTOM IT WAS TO SET EVERYTHING TO MUSIC BEGAN TO HARP AND SING MOST GLORIOUSLY
4051-11217-0008	3.735	47	404	HEARD OF THEIR ARRIVAL HE INSTANTLY SUMMONED JASON TO COURT
4051-11217-0009	3.925	50	427	WHO DETHRONED HIS FATHER YOU ARE WELCOME BRAVE JASON
4051-11217-0010	2.255	29	255	PRAY ARE YOU ON A PLEASURE VOYAGE
4051-11217-0011	7.130	90	757	OR WHAT OTHER CAUSE HAS PROCURED ME THE HAPPINESS OF SEEING YOU AT MY COURT GREAT SIR REPLIED JASON
4051-11217-0012	4.905	62	531	FOR CHIRON HAD TAUGHT HIM HOW TO BEHAVE WITH PROPRIETY WHETHER TO KINGS OR BEGGARS
4051-11217-0015	4.510	57	492	HAD COME TO COLCHIS WITH THE SOLE PURPOSE OF TAKING AWAY HIS CHIEF TREASURE
4051-11217-0019	6.125	77	655	I MUST ENCOUNTER THE PERIL ANSWERED JASON COMPOSEDLY SINCE IT STANDS IN THE WAY OF MY PURPOSE
4051-11217-0025	7.840	98	835	HE BEHELD A WONDERFUL INTELLIGENCE IN HER FACE SHE WAS ONE OF THOSE PERSONS WHOSE EYES ARE FULL OF MYSTERY SO THAT WHILE LOOKING INTO THEM
4051-11217-0027	1.920	24	213	FOR BEAUTIFUL AS SHE NOW LOOKED
4051-11217-0030	5.075	64	552	WHICH WILL PREVENT YOU FROM BEING BURNED UP AND CURE YOU IF YOU CHANCE TO BE A LITTLE SCORCHED
4051-11217-0032	8.850	111	946	AND WARNED THEM TO BE IN READINESS IN CASE THERE MIGHT BE NEED OF THEIR HELP AT THE APPOINTED HOUR HE MET THE BEAUTIFUL MEDEA ON THE MARBLE STEPS OF THE KING'S PALACE
4051-11217-0034	2.870	36	316	WITH A BRIGHT GLEAM ALONG THE EASTERN EDGE OF THE SKY
4051-11217-0037	2.000	25	221	THE INSTANT HE MADE A STEP FARTHER
4051-11217-0040	6.265	79	674	ONE OTHER STRIDE DID BOLD JASON MAKE AND SUDDENLY AS A STREAK OF LIGHTNING ON CAME THESE FIERY ANIMALS
4051-11218-0000	3.965	50	431	GREATLY ENCOURAGED AT FINDING HIMSELF NOT YET TURNED INTO A CINDER
4051-11218-0004	3.960	50	433	IT WAS NOW EASY TO YOKE THE BULLS AND TO HARNESS THEM TO THE PLOW
4051-11218-0008	6.105	77	656	AND WHOLE MONTHS BEFORE THE YELLOW GRAIN WOULD BE RIPENED FOR THE SICKLE BUT BY AND BY ALL OVER THE FIELD
4051-11218-0011	8.305	104	880	FULL OF RAGE AND STORMY PASSIONS AND READY TO TAKE THE LIFE OF EVERY HUMAN BROTHER IN RECOMPENSE OF THE BOON OF THEIR OWN EXISTENCE
4051-11218-0017	8.010	101	854	AND INSTEAD OF RUNNING ANY FARTHER TOWARDS JASON THEY BEGAN TO FIGHT AMONG THEMSELVES THE CONFUSION SPREAD THROUGH THE HOST
4051-11218-0023	8.925	112	958	WILL TAKE THE TROUBLE TO PUT LAUREL WREATHS ON THEIR RUSTY AND BATTERED HELMETS COULD YOU HELP SMILING PRINCE JASON TO SEE THE SELF CONCEIT OF THAT LAST FELLOW
4051-11218-0025	3.310	42	364	THAT THE FIRST PART OF YOUR ALLOTTED TASK IS FULFILLED
4051-11218-0027	7.215	91	773	AND HAVE CONCLUDED NOT TO GET YOURSELF SCORCHED TO A CINDER IN ATTEMPTING TO TAME MY BRAZEN LUNGED BULLS
4051-11218-0028	6.220	78	662	THE FIELD HAS BEEN PLOWED THE DRAGON'S TEETH HAVE BEEN SOWN BROADCAST AND HARROWED INTO THE SOIL
4051-11218-0029	3.075	39	337	AND DEPART WITH MY NINE AND FORTY COMRADES
4051-11218-0035	5.475	69	589	AT SO MANY MOUTHFULS BY THE DRAGON BUT AS JASON WAS HASTENING DOWN THE PALACE STEPS
4051-11218-0039	3.830	48	417	STEALING THROUGH THE STREETS OF COLCHIS ON THEIR WAY TO THE SACRED GROVE
4051-11218-0040	5.460	69	588	LOWING NODDING THEIR HEADS AND THRUSTING FORTH THEIR SNOUTS WHICH AS OTHER CATTLE DO
4051-11218-0041	8.110	102	869	THEIR FIERCE NATURE WAS THOROUGHLY TAMED AND WITH THEIR FIERCENESS THE TWO FURNACES IN THEIR STOMACHS HAD LIKEWISE BEEN EXTINGUISHED
4051-11218-0046	4.765	60	508	WHAT IS IT ASKED JASON HAVE YOU COME SO FAR TO SEEK IT
4051-11218-0059	8.260	104	886	WITH HER PEACOCK BESIDE HER SHE CLAPPED HER HANDS FOR JOY AND BECKONING HIM TO MAKE HASTE DISAPPEARED AMONG THE DUSKINESS OF THE TREES
4088-158077-0006	4.915	62	532	POINTED OUT EDITORIALLY IN ITS ISSUE OF APRIL TWENTY FIRST NINETEEN SEVENTEEN
4088-158077-0010	8.590	108	912	BELIEVING AS THE CONVENTION STATED IN ITS RESOLUTIONS THAT IN SO DOING THE ORGANIZATION SERVES THE HIGHEST INTEREST OF THE COUNTRY
4088-158077-0011	9.105	114	969	THEY WERE ALSO UNANIMOUS IN THE OPINION THAT ALL SERVICE WHICH INDIVIDUALS WISHED TO GIVE TO WAR OR PEACE SHOULD BE GIVEN THROUGH GROUPS ORGANIZED FOR SUCH PURPOSES
4088-158077-0016	5.390	68	578	COMPARE THE METHODS WOMEN ADOPTED TO THOSE MEN USE IN THE PURSUIT OF DEMOCRACY
4088-158077-0021	8.170	103	877	JUST AS THE BLUFF OF A DEMOCRATIC CRUSADE MUST BE CALLED SO MUST THE KNIGHT LEADER OF THE CRUSADE BE EXPOSED TO THE CRITICAL EYES OF THE WORLD
4088-158077-0025	5.680	71	605	IN OUR CAPACITY TO EMBARRASS MISTER WILSON IN HIS ADMINISTRATION LAY OUR ONLY HOPE OF SUCCESS
4088-158077-0027	6.240	78	666	I TELL YOU SOLEMNLY LADIES AND GENTLEMEN WE CANNOT ANY LONGER POSTPONE JUSTICE IN THESE UNITED STATES
4088-158077-0028	5.990	75	643	AND IF HE DOESN'T LISTEN TO MY ADVICE I AM GOING TO MAKE IT AS UNPLEASANT AS I CAN PRESIDENT WILSON
4088-158077-0031	6.760	85	720	IN ADDITION TO THIS PLANK THEY ADOPTED A RESOLUTION CALLING FOR THE ESTABLISHMENT OF DEMOCRACY AT HOME
4088-158077-0032	6.825	86	730	AND INSTRUCTING THE CHAIRMAN OF THE CONVENTION TO REQUEST A COMMITTEE CONSISTING OF REPRESENTATIVES OF ALL LIBERAL GROUPS
4088-158077-0033	9.050	114	970	THEY APPOINTED A COMMITTEE FROM THE CONVENTION TO CARRY THESE RESOLUTIONS TO THE PRESIDENT THE COMMITTEE INCLUDED MISTER J A H HOPKINS OF THE PROGRESSIVE PARTY AS CHAIRMAN
4088-158077-0044	9.025	113	959	THE PICKETS CONTINUED THEIR VIGIL AND THE MOTION CARRIED STILL UNCERTAIN AS TO THE PURPOSES OF THE REPUBLICANS THE DEMOCRATS WERE MOVED TO FURTHER ACTION
4088-158077-0048	3.395	43	372	THE FACT WAS THAT THE PICKETS HAD MOVED THE DEMOCRATS A STEP
4088-158077-0056	4.065	51	437	AND DID NOT RELISH HAVING OUR QUESTION SO VIVID IN THE PUBLIC MIND
4088-158077-0057	8.485	107	906	THEY HAD TO FACE A POSSIBLE CHARGE OF INCONSISTENCY INSINCERITY OR BAD FAITH THE FREEDOM OF IRELAND FOR EXAMPLE WAS NOT IN THE PROGRAM
4088-158077-0076	3.695	47	397	NO WAS THE REPLY BUT YOU MUST STOP IT
4088-158077-0078	2.530	32	278	TO HAVE A VOICE IN THEIR OWN GOVERNMENT
4088-158077-0084	3.175	40	347	THEY TOO WERE DISMISSED AND THEIR CASES NEVER TRIED
4088-158077-0087	6.225	78	663	AND MISS MABEL VERNON OF DELAWARE MISS LAVINIA DOCK OF PENNSYLVANIA MISS MAUD
4088-158077-0097	8.360	105	889	A POLITE BOW AND FOR THE REST A COMPLETE IGNORING OF THEIR EXISTENCE HE HAPPENS TO BE THE MAN AROUND WHOM THE LITTLE WHIRLWIND
4088-158077-0098	4.365	55	466	AND FINALLY WITH AN ADMONITION THAT THE REST OF THE COUNTRY
4088-158079-0011	8.765	110	936	CAPTAIN FLATHER OF THE FIRST PRECINCT WITH TWO DETECTIVES LATER EXAMINED THE HOLES AND DECLARED THEY HAD BEEN MADE BY A THIRTY EIGHT CALIBER REVOLVER
4137-11701-0007	6.400	80	682	NO DOUBT THEY TOLD EACH OTHER THAT THE PRINCESS HYACINTH BLESS HER PRETTY FACE HAD FOUND HER MAN AT LAST
4137-11701-0016	3.300	42	364	A DIFFERENT THING COUNTESS FROM WHEN I LAST SAW HIM
4137-11701-0020	4.930	62	522	I RODE SAID CORONEL IT'S A SECRET HE ADDED
4137-11701-0033	4.645	59	508	THERE HASN'T BEEN A SINGLE WORD ABOUT IT MENTIONED UNTIL YOU PUSHED YOUR WAY IN JUST NOW
4137-11701-0037	2.210	28	244	PROTESTED UDO INDIGNANTLY
4137-11701-0038	4.635	58	490	AH AND WHO WOULD LISTEN TO A HOPELESS STORY LIKE THAT
4137-11701-0042	8.630	108	914	UDO EVIDENTLY HADN'T THOUGHT OF THIS HE TRIED TO SHOW THAT HE WAS NOT IN THE LEAST FRIGHTENED SHE COULDN'T DO ANYTHING
4137-11702-0003	9.085	114	967	HE HAD BEEN DISCOVERED BY THE CHIEF ARMOURER OF BARODIA AT FULL LENGTH ON THE WET GRASS SEARCHING FOR TRACKS THE CHIEF ARMOURER A KINDLY MAN
4137-11702-0008	8.070	101	857	HYACINTH WOULD BE GROWING UP AND GETTING MARRIED SOON LIFE WOULD BE LONELY IN EURALIA THEN UNLESS SHOULD HE RISK IT
4137-11702-0015	8.075	101	845	OF OUR MOTHERS AND WIVES AND DAUGHTERS PROLONGED CHEERING AS THE CASE MAY BE HEAR HEAR
4137-11702-0025	2.940	37	320	BUT SHE WAS STILL ENGROSSED WITH THE WHISKERS
4137-11702-0028	6.465	81	692	HE TOLD HER OF HIS SECRET JOURNEY TO THE KING OF BARODIA'S TENT HE TOLD HER OF THE KING OF BARODIA'S LETTER
4137-11702-0029	3.685	47	409	AND HIS BOYISH PLEASURE IN IT ALL WAS SO EVIDENT AND SO INNOCENT
4137-11702-0060	9.115	114	956	HYACINTH PUT OUT HER HAND AND CORONEL PRESSED IT ENCOURAGINGLY HIS ROYAL HIGHNESS PRINCE UDO SHE SAID
4160-11549-0001	5.015	63	540	I AM GOING TO SEE MISS GOWER AUNT SHE VENTURED TO SAY ONE MORNING AT THE BREAKFAST TABLE
4160-11549-0004	6.855	86	734	ALBEIT THE FAT GRAY HORSES AND FAT GRAY COACHMAN DID OCCASIONALLY RECOGNIZE THE EXISTENCE OF THAT REMOTE LOCALITY
4160-11550-0020	6.050	76	658	AND WHEN SHE HAD READ IT TOLD THE WHOLE STORY OF HER SISTER'S GENEROSITY IN A LITTLE BURST OF ENTHUSIASTIC LOVE AND GRATITUDE
4160-11550-0039	8.935	112	955	WITH AN UNEXPECTED INCONSISTENT FEELING OF WRETCHEDNESS I WOULD HAVE STAYED ANYWHERE TO HAVE SEEN HIM ONLY FOR A MINUTE HE HAD NO NEED TO BE SO READY TO GO AWAY
4195-17507-0001	2.945	37	318	CERTAINLY THEY MUST MAKE THE AMALFI DRIVE
4195-17507-0003	4.235	53	451	AH BUT THE AMALFI ROAD SIGNORE SURELY YOU WILL SEE THAT
4195-17507-0011	3.975	50	433	IT MAY BE A BIRD BUT IT DON'T LOOK IT SAID UNCLE JOHN DOUBTFULLY
4195-17507-0013	8.865	111	941	IT WAS STANDING JUST AS IT HAD BEFORE AND BESIDE IT WAS ANOTHER MAN DRESSED IN THE SPLENDID UNIFORM HIS DRIVER HAD CLAIMED THAT HE HAD LEFT AT HOME
4195-17507-0014	9.210	116	980	WE'VE BEEN SWINDLED MY DEARS HE SAID SWINDLED MOST BEAUTIFULLY BUT I SUPPOSE WE MAY AS WELL MAKE THE BEST OF IT BETTER AGREED PATSY
4195-17507-0016	5.335	67	576	INDEED THE SUN DID COME OUT BUT ONLY TO GIVE A DISCOURAGED LOOK AT THE LANDSCAPE AND RETIRE AGAIN
4195-17507-0019	8.690	109	929	FOR HE WILL PERMIT NO REPROACH TO LIE ON HIS BELOVED LAND BUT THE TRAVELLER FREQUENTLY BECOMES DISCOURAGED AND THE AMERICAN CONTINGENT ESPECIALLY
4195-17507-0023	2.725	35	302	AND HAS NO DUPLICATE IN ALL THE KNOWN WORLD
4195-17507-0025	5.395	68	582	AND ON THE OTHER SIDE OF THE ROAD THE CLIFFS CONTINUE TO ASCEND A LIKE DISTANCE TOWARD THE SKY
4195-17507-0026	6.260	79	670	PILGRIMS WHEN IT RAINED THEY PUT UP THE CARRIAGE TOP WHICH AFFORDED BUT PARTIAL SHELTER
4195-17507-0031	7.680	96	819	WHILE THE CARRIAGE LAY WEDGED AGAINST THE WALL AND THE DRIVER SCREAMED PITIFULLY FROM HIS DANGEROUS POSITION MIDWAY BETWEEN SEA AND SKY
4195-17507-0033	4.600	58	502	THE HORSES AS SOON AS THE STRAIN UPON THEIR BITS WAS RELAXED WERE EASILY QUIETED
4195-17507-0034	8.125	102	868	THE ADVENTURE WAS ACCOMPLISHED THE PERIL WAS PAST AND ALL WAS WELL AGAIN UNCLE JOHN LEAPED FROM THE CARRIAGE FOLLOWED BY LOUISE AND PATSY
4195-17507-0035	3.415	43	369	SO OPPORTUNELY WAS NONE OTHER THAN COUNT FERRALTI
4195-17507-0036	3.460	44	382	HE WAS SITTING UPON HIS HORSE AND STARING WITH AMAZEMENT AT BETH
4195-17507-0039	3.940	50	432	WE'D BETTER GET BACK TO SORRENTO SAID UNCLE JOHN ABRUPTLY
4195-17507-0040	2.695	34	296	THAT IS IF YOU PERMIT ME TO ACCOMPANY YOU
4195-17507-0042	6.635	83	713	THE WIND HAD SUBSIDED AS SUDDENLY AS IT HAD ARISEN AND AS THEY PASSED THROUGH POSITANO WHICH IS FOUR HUNDRED FEET HIGH
4195-17507-0043	4.795	60	517	COUNT FERRALTI RODE AT THE SIDE OF THE CARRIAGE BUT DID NOT ATTEMPT MUCH CONVERSATION
4195-17507-0046	9.065	114	966	WHO HAD ONCE LIVED IN AMERICA FOR THEIR LUNCHEON AN HOUR LATER AND JUST AS THEY WERE SITTING DOWN TO THE MEAL COUNT FERRALTI REJOINED THEM
4195-17507-0048	3.440	43	373	AND BETH MOUNTED THE BOX AND RODE BESIDE HER FRIEND THE DRIVER
4195-186236-0000	8.900	112	948	CHAPTER TWENTY THREE PATSY ADOPTS AN UNCLE UNCLE JOHN AND MISTER WATSON DID NOT APPEAR AT DINNER BEING CLOSETED IN THE FORMER'S ROOM
4195-186236-0002	6.725	85	727	BUT THERE WERE FEW TEARS SHED FOR JANE MERRICK AND THE NEW REGIME COULD NOT FAIL TO BE AN IMPROVEMENT OVER THE LAST
4195-186236-0006	3.510	44	381	THE BALANCE OF POWER SEEMED TO BE IN PATRICIA'S HANDS HOWEVER
4195-186236-0008	2.930	37	322	AND THEN SHE WENT TO BED AND SLEPT PEACEFULLY
4195-186236-0009	4.925	62	535	LAWYER WATSON AND UNCLE JOHN WERE THERE LOOKING AS GRAVE AS THE IMPORTANT OCCASION DEMANDED
4195-186236-0010	2.530	32	277	AND THE SUBSEQUENT FINDING OF THE WILL
4195-186236-0011	5.285	67	573	WAS MADE SUBSEQUENT TO THE ONE UNDER WHICH JANE MERRICK INHERITED AND THEREFORE SUPERCEDES IT
4195-186236-0012	2.220	28	245	OF THE ESTATE DURING HER LIFETIME
4195-186236-0020	2.860	36	316	I'M WONDERING THAT MYSELF SAID THE LITTLE MAN MEEKLY
4195-186236-0021	6.925	87	744	NO REPLIED UNCLE JOHN THE MERRICKS ARE OUT OF ELMHURST NOW AND IT RETURNS TO ITS RIGHTFUL OWNERS YOU OWE ME NOTHING MY LAD
4195-186236-0024	7.550	95	810	NO NO SAY NOTHING AT ALL SIR COME YOU SHALL IF I HAVE TO DRAG YOU AND IF YOU ACT NAUGHTY I'LL SEND FOR THE MAJOR TO PUNISH YOU
4195-186236-0026	2.740	35	306	AND HE SAID HE HOPED TO SEE ALL THE GIRLS AGAIN
4195-186236-0027	3.465	44	384	THE LAWYER WHO HAD CONSENTED TO STAY AT THE MANSION FOR A TIME
4195-186236-0028	1.990	25	221	THAT MAY BE ANSWERED THE BOY
4195-186237-0000	6.085	77	646	CHAPTER TWENTY FOUR HOME AGAIN THE MAJOR WAS AT THE STATION TO MEET THEM
4195-186237-0009	8.585	108	913	NOT AT ALL DADDY THEN DON'T MIND IT CHILD LIKE AS NOT THE MONEY WOULD BE THE RUINATION OF US ALL EH SIR APPEALING TO UNCLE JOHN
4195-186237-0022	5.430	68	589	MAY I SMOKE OF COURSE BUT DON'T SPOIL THE LACE CURTAINS DEAR ANSWERED PATSY MISCHIEVOUSLY
4195-186237-0026	8.225	103	878	AND IF HE HAS MONEY HE WANTS TO TREAT EVERY MAN HE MEETS UNCLE JOHN SHOOK HIS HEAD REPROACHFULLY AT THE MAJOR A VERY BAD HABIT SIR HE SAID
4195-186237-0029	8.265	104	886	UNCLE JOHN HESITATED A MOMENT AND THEN DREW FROM AN INNER POCKET OF HIS COAT A THIN WALLET FROM THIS WHEN SHE HAD RECEIVED IT FROM HIS HAND THE GIRL
4195-186237-0033	2.115	27	237	YOU OUGHT TO BE VERY CONTENTED SIR
4195-186238-0000	3.485	44	377	CHAPTER TWENTY FIVE UNCLE JOHN ACTS QUEERLY
4195-186238-0013	7.515	94	802	BUT HE DIDN'T GO AWAY QUIETLY YOU MAY BE SURE MISTER MARVIN AND MISTER ISHAM BOTH ESCORTED THEIR FAMOUS CLIENT TO THE DOOR
4195-186238-0015	6.410	81	692	BESIDES THE CHECK BOOK WHICH WAS CAREFULLY HIDDEN AWAY IN AN INSIDE POCKET SO THE COST OF THE CAB DID NOT WORRY HIM
4195-186238-0019	2.770	35	310	THEY'D MISSED ME AT THE OFFICE AND WERE GLAD TO HAVE ME BACK
4195-186238-0024	6.320	79	678	AND ISSUED A STRING OF ORDERS IN A VOICE NOT NEARLY SO MEEK AND MILD AS IT WAS WHEN HE WAS IN PATSY'S PRESENCE
4195-186238-0025	8.385	105	893	EXCEEDINGLY YOU MUST BE NEARLY BANKRUPT BY THIS TIME SAID PATSY ON TUESDAY EVENING IT'S AN EXPENSIVE CITY TO LIVE IN SIGHED UNCLE JOHN
4195-186238-0026	9.335	117	990	YOUR EXPENSES ARE NOTHING AT ALL DECLARED THE MAJOR WITH A WAVE OF HIS HAND BUT MY DINNERS AT DANNY REEVES PLACE MUST COST A LOT PROTESTED UNCLE JOHN
4214-7146-0000	7.000	88	742	DIANA IS INVITED TO TEA WITH TRAGIC RESULTS OCTOBER WAS A BEAUTIFUL MONTH AT GREEN GABLES
4214-7146-0002	9.385	118	999	ANNE REVELED IN THE WORLD OF COLOR ABOUT HER OH MARILLA SHE EXCLAIMED ONE SATURDAY MORNING COMING DANCING IN WITH HER ARMS FULL OF GORGEOUS BOUGHS
4214-7146-0006	7.100	89	765	IT WAS DREADFUL OF ME TO FORGET SAID ANNE APOLOGETICALLY BUT THAT WAS THE AFTERNOON I WAS TRYING TO THINK OF A NAME FOR VIOLET VALE
4214-7146-0021	6.635	83	709	DIANA HAD MUCH TO TELL ANNE OF WHAT WENT ON IN SCHOOL SHE HAD TO SIT WITH GERTIE PYE AND SHE HATED IT
4214-7146-0022	6.845	86	740	RUBY GILLIS HAD CHARMED ALL HER WARTS AWAY TRUE'S YOU LIVE WITH A MAGIC PEBBLE THAT OLD MARY JOE FROM THE CREEK GAVE HER
4214-7146-0025	7.865	99	845	AND EVERYBODY MISSED ANNE SO AND WISHED SHE'S COME TO SCHOOL AGAIN AND GILBERT BLYTHE BUT ANNE DIDN'T WANT TO HEAR ABOUT GILBERT BLYTHE
4214-7146-0027	8.405	106	901	NOW PLEASE HELP YOURSELF DIANA SHE SAID POLITELY I DON'T BELIEVE I'LL HAVE ANY JUST NOW I DON'T FEEL AS IF I WANTED ANY AFTER ALL THOSE APPLES
4214-7146-0029	4.880	61	523	THERE ARE SO MANY RESPONSIBILITIES ON A PERSON'S MIND WHEN THEY'RE KEEPING HOUSE ISN'T THERE
4214-7146-0033	8.625	108	928	AND THEN I TOOK THE SMALLPOX AND DIED AND I WAS BURIED UNDER THOSE POPLAR TREES IN THE GRAVEYARD AND YOU PLANTED A ROSEBUSH BY MY GRAVE AND WATERED IT WITH YOUR TEARS
4214-7146-0040	4.280	54	462	YOU KNOW THEY ARE VERY STYLISH PEOPLE ESPECIALLY MISSUS CHESTER ROSS
4267-72637-0004	8.225	103	865	I ASKED AS WE WERE RESTING IN THE DOOR OF THE JOLLY SAILOR EDINBURGH NEVER SHE REPLIED
4267-72637-0005	5.790	73	623	AND WRITE UP A RECORD OF OUR ENTIRE TRIP FROM WINCHESTER WHILE THE IMPRESSIONS WERE FRESH IN MY MIND
4267-72637-0017	2.965	38	325	DURHAM JULY NINETEENTH
4267-72637-0018	5.100	64	543	HOW DID IT HAPPEN TO BE ELECTION TIME WHY DID THE INNS CHANCE TO BE FULL
4267-72637-0019	7.615	96	810	I DO NOT KNOW I ONLY KNOW FATE SMILES THAT KITTY AND I EAT OUR MORNING BACON AND EGGS TOGETHER
4267-72637-0020	3.285	42	367	AND DINE WITH KITTY AND WALK IN THE GLOAMING WITH KITTY
4267-72637-0030	5.955	75	635	IT MAY COME AGAIN MY FIRST TOO HASTY ASSURANCE HAD CALMED KITTY'S FEARS
4267-72637-0035	5.350	67	572	SHE CRIED PUTTING HER HAND OVER MY LIPS AND GETTING IT WELL KISSED IN CONSEQUENCE
4267-78186-0001	9.080	114	975	IT'S ALL SUNSHINE OR ALL CLOUDS WITH HER AND IF SHE'S IN ONE OF HER TANTRUMS SHE'LL STRETCH OUT HER NECK AND HISS LIKE A GOOSE WITH A FLOCK OF GOSLIN'S
4267-78186-0006	5.415	68	577	THE BOYS THINK THE OLD MINISTER'S GRAFTIN HAS ALL SUCCEEDED ABOUT AS WELL AS THAT ROW
4267-78186-0007	8.690	109	925	IF PUGWASH HAD A WATERY MOUTH WHEN HE MARRIED I GUESS IT'S PRETTY PUCKERY BY THIS TIME HOWEVER IF SHE GOES TO ACT UGLY
4267-78186-0029	3.710	47	403	THEIR HEARTS ARE MADE OF STOUT LEATHER I TELL YOU
4267-287369-0001	7.465	94	784	I FANCY THEY WANTED IT AS CONSPICUOUS AS POSSIBLE YES AGREED TOM
4267-287369-0004	5.840	73	613	A HASTY EXAMINATION HOWEVER SHOWED THAT NOTHING HAD BEEN DISTURBED
4297-13006-0014	7.260	91	776	WHEN GOING TO MISTER WHARTON AT HIS CHAMBERS HE HAD NOT INTENDED TO CHEAT THE LAWYER INTO ANY ERRONEOUS IDEA ABOUT HIS FAMILY
4297-13006-0018	6.410	81	689	AND DECLARED AS SHE ALWAYS DID ON SUCH OCCASIONS THAT SHE COULD GO ROUND THE CORNER WITHOUT HAVING ANY ONE TO LOOK AFTER HER
4297-13006-0036	8.435	106	892	ALREADY PRONOUNCED YOU KNOW PAPA THAT I TRUST YOU SHE SAID AND I HAVE PROMISED YOU THAT I WILL NOT DISOBEY YOU
4297-13009-0039	5.410	68	584	THOUGH HE WOULD HARDLY KNOW THE CAUSE OF HIS MISERY HER RIDICULE AND RAILLERY HE COULD BEAR
4297-13009-0040	6.610	83	707	OR HER SULLENNESS IF EVER SHE WERE SULLEN UPSET HIM ALTOGETHER HE WAS IN TRUTH SO SOFT OF HEART
4297-13009-0041	7.800	98	835	HE HAD EXPRESSLY ASKED HER FOR HER SYMPATHY IN THE BUSINESS HE HAD ON HAND THEREBY GOING MUCH BEYOND HIS USUAL COLDNESS OF MANNER
4297-13009-0046	8.475	106	897	IT'S A PITY SHE SHOULD NOT REMEMBER HERS IN THE WAY SHE DRESSES SAID THE DUCHESS THIS WAS MARVELLOUS TO HIM THAT HIS WIFE
4297-13009-0059	5.135	65	555	SHE HAS ALWAYS BEHAVED WELL BOTH TO ME AND TO MY UNCLE SHE WAS AN ANGEL TO HIM
4340-15220-0000	8.420	106	886	CHAPTER THIRTEEN SOMEBODY RUNS AWAY SCHOOL IS DONE NOW WE'LL HAVE FUN SUNG BAB AND BETTY
4340-15220-0017	6.430	81	686	I WOULDN'T GIVE TWO CENTS FOR SUCH A SLOW OLD PLACE AS THIS WHY LAST FOURTH AT THIS TIME
4340-15220-0045	5.385	68	579	WHILE HIS EYES WERE ON HIS WORK BAB'S WERE DEVOURING THE BILL WHICH SAM STILL HELD
4340-15220-0047	3.840	48	413	WHISPERED FAY HOPING TO MAKE MISCHIEF CIRCUS
4340-15220-0058	5.755	72	614	HE COULD NOT HELP FEELING THAT HE OUGHT TO HAVE ASKED LEAVE TO GO AND BEEN KINDER TO BAB
4340-15220-0063	4.735	60	509	WAS VISIBLE FROM THE HILL WE'LL CUT ACROSS THOSE FIELDS
4340-15220-0074	7.520	94	797	AND THERE ISN'T ANY OTHER ROAD TO THE CIRCUS SEEMS TO ME BAB SPOKE AS IF THE DOG COULD UNDERSTAND AND ANSWER
4340-15220-0084	8.430	106	897	I GUESS SHE'LL SAY YOU LED ME INTO MISCHIEF AND THE SHARP CHILD NODDED AS IF SHE DEFIED HIM TO DENY THE TRUTH OF THAT
4340-15220-0085	3.115	39	331	ADVISED SAM THINKING BAB GREAT FUN
4340-15220-0087	8.905	112	947	WAS THE PROMPT ANSWER BUT YOU HAVEN'T ANY MONEY OH I'D ASK SOMEBODY TO PAY FOR ME I M SO LITTLE IT WOULDN'T BE MUCH
4340-15220-0097	3.095	39	333	WELL HE WON'T LIKE THAT NOR YOU EITHER
4340-15220-0098	4.200	53	456	AND I SHOULDN'T WONDER IF YOU'D GOT POISONED BAB DON'T TOUCH IT
4340-15220-0100	4.110	52	446	NOT FOR A DAY OR SO I GUESS BUT IT'S BAD WHEN IT DOES COME
4362-15663-0085	3.865	49	422	MIGHT COLLECT IN SUFFICIENT QUANTITIES TO CAUSE SLEEP AND DEATH
4362-15663-0092	7.020	88	748	THE FROST GREW MORE AND MORE INTENSE AND WE BECAME ICY AND COVERED OVER WITH A CRUST OF FROZEN SNOW
4397-15666-0003	2.035	26	229	WITH BILLOWS OF DUST AND SAND
4397-15666-0026	4.760	60	517	AND THE FARMERS GRAIN ARE FRESH AS IF LIKE THE SNOW THEY HAD COME OUT OF HEAVEN
4397-15668-0013	8.790	110	935	TWO LILIACEOUS PLANTS IN PARTICULAR ERYTHRONIUM GRANDIFLORUM AND FRITILLARIA PUDICA ARE MARVELOUSLY BEAUTIFUL AND ABUNDANT
4397-15668-0030	8.035	101	854	I SHOOK MY BIG HANDFUL OF LILIES IN HIS FACE AND SHOUTED HERE ARE THE TRUE SAINTS ANCIENT AND LATTER DAY ENDURING FOREVER
4397-15668-0031	2.700	34	290	HE SAID THEY ARE NICE
4397-15668-0032	5.360	67	567	ARE TWO SPECIES OF ZIGADENAS FRITILLARIA ATROPURPUREA
4397-15678-0030	3.045	39	337	THIRTY OR FORTY MILES EASTWARD FROM SEATTLE
4397-15678-0039	7.435	93	794	SET IN A ROMANTIC DELL THATCHED WITH DRIPPING MOSSES AND FERNS AND EMBOWERED IN DENSE EVERGREENS AND BLOOMING BUSHES
4397-15678-0043	6.765	85	727	THE MAJESTIC TREES OVERHEAD LEANING OVER THE BRINK LIKE LISTENERS EAGER TO CATCH EVERY WORD OF THE WHITE REFRESHING WATERS
4406-16882-0001	9.440	118	1001	BUT OUT WE MUST GO THE FIRE INCREASING AND COMING ALONG BEHIND US ROARING AND THE INDIANS GAPING BEFORE US WITH THEIR GUNS SPEARS AND HATCHETS TO DEVOUR US
4406-16882-0007	5.510	69	591	OH THE DOLEFUL SIGHT THAT NOW WAS TO BEHOLD AT THIS HOUSE COME BEHOLD THE WORKS OF THE LORD
4406-16882-0008	7.760	97	829	AND RELATIONS LIE BLEEDING OUT THEIR HEART BLOOD UPON THE GROUND THERE WAS ONE WHO WAS CHOPPED INTO THE HEAD WITH A HATCHET AND STRIPPED NAKED
4406-16882-0014	8.445	106	903	SOME ROASTING SOME LYING AND BURNING AND SOME BOILING TO FEED OUR MERCILESS ENEMIES WHO WERE JOYFUL ENOUGH THOUGH WE WERE DISCONSOLATE
4406-16882-0023	5.335	67	571	BY A LITTLE FIRE AND A FEW BOUGHS BEHIND ME WITH MY SICK CHILD IN MY LAP
4406-16882-0025	4.265	54	462	AND WE WERE BOTH ALIVE TO SEE THE LIGHT OF THE NEXT MORNING THE THIRD REMOVE
4406-16882-0027	2.935	37	319	THIS DAY IN THE AFTERNOON ABOUT AN HOUR BY SUN
4406-16882-0031	5.235	66	567	THERE WAS NO RESISTING BUT GO I MUST AND LEAVE IT WHEN I HAD BEEN AT MY MASTER'S WIGWAM
4406-16882-0032	4.540	57	496	WHEN I CAME I ASKED THEM WHAT THEY HAD DONE WITH IT THEN THEY TOLD ME IT WAS UPON THE HILL
4406-16882-0033	2.540	32	280	AND THERE THEY TOLD ME THEY HAD BURIED IT
4406-16882-0034	8.180	103	879	GOD HAVING TAKEN AWAY THIS DEAR CHILD I WENT TO SEE MY DAUGHTER MARY WHO WAS AT THIS SAME INDIAN TOWN AT A WIGWAM NOT VERY FAR OFF
4406-16882-0035	7.045	89	756	SHE WAS ABOUT TEN YEARS OLD AND TAKEN FROM THE DOOR AT FIRST BY A PRAYING INDIANA AND AFTERWARD SOLD FOR A GUN
4406-16882-0036	4.245	54	460	AND YE WILL TAKE BENJAMIN ALSO ALL THESE THINGS ARE AGAINST ME
4406-16882-0041	6.180	78	663	BY THEIR NOISE AND HOOPING THEY SIGNIFIED HOW MANY THEY HAD DESTROYED WHICH WAS AT THAT TIME TWENTY THREE
4406-16882-0044	8.840	111	935	AND TURN ALL THOSE CURSES UPON OUR ENEMIES I DO NOT DESIRE TO LIVE TO FORGET THIS SCRIPTURE AND WHAT COMFORT IT WAS TO ME NOW
4406-16882-0045	7.540	95	808	SOME ONE WAY AND SOME ANOTHER THERE WERE NOW BESIDES MYSELF NINE ENGLISH CAPTIVES IN THIS PLACE ALL OF THEM CHILDREN EXCEPT ONE WOMAN
4406-16882-0047	6.075	76	649	I WISHED HER NOT TO RUN AWAY BY ANY MEANS FOR WE WERE NEAR THIRTY MILES FROM ANY ENGLISH TOWN
4406-16882-0049	8.730	110	930	BE OF GOOD COURAGE AND HE SHALL STRENGTHEN THINE HEART WAIT I SAY ON THE LORD THE FOURTH REMOVE AND NOW I MUST PART WITH THAT LITTLE COMPANY I HAD
4406-16882-0051	7.965	100	850	AS LONG AS THEY PLEASED THEY KNOCKED HER ON HEAD AND THE CHILD IN HER ARMS WITH HER WHEN THEY HAD DONE THAT THEY MADE A FIRE AND PUT THEM BOTH INTO IT
4406-16882-0052	3.930	50	431	THE CHILDREN SAID SHE DID NOT SHED ONE TEAR BUT PRAYED ALL THE WHILE
4406-16882-0057	3.555	45	390	UPON A FRIDAY A LITTLE AFTER NOON WE CAME TO THIS RIVER
4406-16882-0063	9.445	119	1010	THEY WERE MANY HUNDREDS OLD AND YOUNG SOME SICK AND SOME LAME MANY HAD PAPOOSES AT THEIR BACKS THE GREATEST NUMBER AT THIS TIME WITH US WERE SQUAWS
4406-16883-0001	6.820	86	726	AND HE LIGHTED UPON THAT COMFORTABLE SCRIPTURE I SHALL NOT DIE BUT LIVE AND DECLARE THE WORKS OF THE LORD
4406-16883-0003	6.810	86	725	IN BRINGING TO MY HAND SO MANY COMFORTABLE AND SUITABLE SCRIPTURES IN MY DISTRESS BUT TO RETURN
4406-16883-0004	3.860	49	422	AND IN THE MORNING WE MUST GO OVER THE RIVER TO PHILIP'S CREW
4406-16883-0006	3.830	48	407	BY THE RIVERS OF BABYLON THERE WE SATE DOWN
4406-16883-0009	5.080	64	546	IT SEEMS TO BE A BAIT THE DEVIL LAYS TO MAKE MEN LOSE THEIR PRECIOUS TIME
4406-16883-0011	4.870	61	521	WHEREUPON THEY FELL TO BOILING OF GROUND NUTS AND PARCHING OF CORN
4406-16883-0017	4.950	62	528	WHO OWNED THAT MARY THURSTON CAME RUNNING AFTER ME AND GOT IT AWAY AGAIN
4406-16883-0023	2.630	33	287	WHERE THEY HAD STORED UP SOME IN THE GROUND
4406-16883-0025	6.005	76	644	AND THEN I RETURNED AGAIN WHEN I WAS RETURNED I FOUND MYSELF AS UNSATISFIED AS I WAS BEFORE
4406-16883-0028	6.295	79	670	FOR FEAR THEY WOULD GET IT FROM ME AND THERE IT LAY ALL THAT DAY AND NIGHT IN MY STINKING POCKET
4406-16883-0035	5.045	64	538	BE STILL AND KNOW THAT I AM GOD PSALM FORTY SIX
4406-16883-0044	5.030	63	539	AND A FEW ROASTED GROUND NUTS I HAD NOT SEEN MY SON A PRETTY WHILE
4406-16883-0045	7.240	91	764	AND ASKED HIM WHEN HE SAW HIM HE ANSWERED ME THAT SUCH A TIME HIS MASTER ROASTED HIM
4406-16883-0046	7.405	93	787	AS BIG AS HIS TWO FINGERS AND THAT HE WAS VERY GOOD MEAT BUT THE LORD UPHELD MY SPIRIT UNDER THIS DISCOURAGEMENT
4406-16883-0048	4.925	62	530	YET UPON THIS AND THE LIKE OCCASIONS I HOPE IT IS NOT TOO MUCH TO SAY WITH JOB
4406-16883-0051	8.225	103	877	I HOPED TO BE CARRIED TO ALBANY AS THE INDIANS HAD DISCOURSED BEFORE BUT THAT FAILED ALSO I THOUGHT OF BEING SOLD TO MY HUSBAND
4406-16883-0057	4.560	57	490	I TOLD HER I WOULD TEAR HER COAT THEN WITH THAT MY MISTRESS RISES UP
4406-16883-0059	6.555	82	697	THAN IT PROVED TO BE IN HIS REMAINING WITH THE INDIANS I WENT TO SEE AN ENGLISH YOUTH IN THIS PLACE
4441-76250-0000	4.245	54	459	SOME TIME AFTER ARVID FALK'S FIRST EXPERIENCE AS A REPORTER
4441-76250-0006	3.825	48	407	TO MAKE USE OF SUCH AN EXPRESSION WHAT DID YOU SAY
4441-76250-0008	8.995	113	944	DO YOU THINK I SHOULD RUN THAT RISK HOWEVER THE OLD MAN BETWEEN YOU AND ME WILL NEVER COME HERE AGAIN FALK PONDERED
4441-76250-0012	4.885	62	522	THE WIFE SHALL HAVE THE RIGHT OF DISPOSING OF HER OWN PROPERTY
4441-76250-0027	8.130	102	862	IT MUST BE FINISHED ON THURSDAY NEXT WHEN I'M GOING TO GIVE A BIG PARTY AS YOU KNOW I'VE SOLD MY SHOP AND WAREHOUSE
4441-76250-0030	2.475	31	270	BECOME GOOD FRIENDS AND SLANDER ME
4441-76250-0031	4.665	59	497	NO NOT QUITE WELL IT'S NOT NECESSARY THAT YOU SHOULD
4441-76262-0000	3.685	47	397	CHAPTER TWENTY ONE A SOUL OVERBOARD
4441-76262-0003	5.960	75	641	HE TRIED TO PICTURE HIMSELF ON THE STAGE AS HORATIO HE TRIED TO PICTURE AGNES IN THE PART OF OPHELIA
4441-76262-0012	7.500	94	808	BUT HER EMBARRASSMENT GAVE WAY TO PLEASANT SURPRISE WHEN SHE RECOGNIZED REHNHJELM THROWING OFF HER WATER PROOF SHE RAN TOWARDS HIM
4441-76262-0015	3.840	48	413	FALANDER MADE NO REPLY AGNES LOOKED AT HIM MORE KEENLY
4441-76262-0021	5.160	65	558	THE ONLY SOUND WHICH DISTURBED THE STILLNESS WAS THE SOUND OF THE RAIN BEATING IN GUSTS AGAINST THE WINDOWS
4441-76262-0026	7.340	92	781	WHAT'S THAT LAUGHED AGNES OPENING THE BOX AND TAKING OUT A SIX BARRELLED REVOLVER I SAY WHAT A SWEET THING
4441-76262-0030	2.875	36	313	HJALMAR KNOWS AND IT'S NO BUSINESS OF YOURS
4441-76262-0031	9.380	118	1012	HADN'T WE BETTER STOP TALKING NONSENSE NOW AND BE OFF YOU SHOULDN'T READ STUPID BOOKS ALL NIGHT THEN YOU WOULDN'T BE IN A BAD TEMPER ON THE NEXT DAY PUT ON YOUR HATS AND COME
4441-76263-0005	5.585	70	597	WITH ITS ROTTEN FLOOR AND LEAKING ROOF THE LATTER DEFECT WAS NOT FELT AT PRESENT
4441-76263-0008	4.210	53	453	IN THE DARK ROOM WAS A WATER TAP AND A BASIN WITH A WASTE PIPE
4441-76263-0011	4.575	58	490	VERY PLAINLY AND VERY LIGHTLY CLAD WITHOUT AN OVERCOAT
4441-76263-0012	4.925	62	524	HOW ARE YOU DID YOU SLEEP WELL THANKS HOW'S THE CASH BOX OH
4441-76263-0013	6.860	86	725	AND THE NOTES THERE ARE SO FEW IN CIRCULATION I SEE THEY WON'T ISSUE ANY MORE AND THE VALUABLES
4441-76263-0016	3.835	48	415	I MUST TRY AND GET WORK TO DAY AT A STONE MASON'S OR I SHALL STARVE
4441-76263-0021	7.215	91	768	GONE TO EARLY SERVICE WAKE UP THAT SLEEPING OX OVER THERE AND SEND HIM NO LET HIM SLEEP OBJECTED SELLEN
4441-76263-0025	5.090	64	552	BUT YOU CAN'T DO THAT SORT OF THING AT STOCKHOLM HANG IT ALL I'M COLD I MUST HAVE A FIRE
4441-76263-0029	5.315	67	573	SAID BORG TO THE NEWCOMER LAYING HIS HAND ON HIS BREAST POCKET WHAT A QUESTION TO ASK
4441-76263-0030	7.770	98	823	HOW MUCH DO YOU WANT I CAN LET YOU HAVE IT ARE YOU SERIOUS ASKED FALK AND HIS FACE CLEARED SERIOUS
4441-76263-0032	3.010	38	329	I'D RATHER NOT SIXTY CROWNS IS ALL I WANT
4441-76263-0035	4.760	60	511	HE ASKED YOU CAN HAVE MORE IF YOU ARE NOT SATISFIED NO I WON'T
4441-76263-0040	9.485	119	1015	YOU ARE NOT IN THE COUNTRY NOW AND YOU ARE NOT DEALING WITH PEASANTS THERE'S NO REASON WHY YOU SHOULDN'T WITNESS THAT FALK'S SIGNATURE IS GENUINE SELLEN SIGNED SHAKING HIS HEAD
4441-76263-0041	8.340	105	896	WHEN ALL SHAKING WAS IN VAIN BORG TOOK THE TONGS WHICH WERE NOW RED HOT AND HELD THEM UNDER THE SLEEPER'S NOSTRILS WAKE UP YOU DOG
4441-76263-0042	3.730	47	407	IT'LL END BADLY THERE'LL BE TROUBLE SILENCE YOU DOG
4441-76263-0046	7.730	97	824	THE LATTER STAGGERED TO THE FIRE LAY DOWN ON THE FLOOR AND CURLED HIMSELF UP LIKE A DOG FOR A LITTLE WHILE NOBODY SPOKE
4481-17498-0001	7.100	89	756	THE CHARACTERS BEING TAKEN TO ENTIRELY NEW SCENES THE VARIOUS FOREIGN LOCALITIES ARE ACCURATELY DESCRIBED
4481-17498-0002	4.485	57	489	WHILE THOSE WHO HAVE NOT BEEN SO FORTUNATE MAY ACQUIRE A CLEAR CONCEPTION OF THEM
4481-17498-0033	4.970	63	536	AND THE RESULT IS AN ACCUMULATION OF ALL THIS DREADFUL MONEY SO MY DEAR MAJOR
4481-17499-0008	8.350	105	892	PERHAPS SHE'S OLD ENOUGH TO BE SENSIBLE SUGGESTED THE MAJOR WELL I'LL SEE HER AND HER MOTHER TO MORROW MORNING DECIDED UNCLE JOHN
4481-17499-0010	7.545	95	813	JOHN MERRICK WAS SIXTY YEARS OLD BUT AS HALE AND RUGGED AS A BOY OF TWENTY HE HAD MADE HIS VAST FORTUNE ON THE PACIFIC COAST
4481-17499-0021	7.865	99	839	AND IT REQUIRED NO SHREWD GUESSING TO ARRIVE AT THE CONCLUSION THAT LITTLE PATSY WAS DESTINED TO INHERIT SOME DAY ALL HIS MILLIONS
4640-19187-0000	8.245	104	882	AND JUNE EIGHTEEN FORTY EIGHT KNEW A GREAT DEAL MORE ABOUT IT THAN JUNE EIGHTEEN THIRTY TWO SO THE BARRICADE OF THE
4640-19187-0001	8.900	112	942	AND AN EMBRYO COMPARED TO THE TWO COLOSSAL BARRICADES WHICH WE HAVE JUST SKETCHED BUT IT WAS FORMIDABLE FOR THAT EPOCH
4640-19187-0011	2.160	27	229	WITH WHY
4640-19187-0012	2.190	28	244	AS THEY COULD NO LONGER EAT
4640-19187-0022	4.060	51	436	COMBEFERRE WAS COMPARING THE TRANSLATORS OF THE GEORGICS
4640-19187-0027	3.730	47	403	COMMITTED THE ACTS OF A KING AND ALMOST OF A TYRANT
4640-19187-0031	4.430	56	476	THEY DIVIDED THE DAY WHICH WAS AT HAND INTO THREE DISTINCT PHASES
4640-19187-0032	6.630	83	691	AT NOON THE INSURRECTION OF ALL PARIS AT SUNSET REVOLUTION
4640-19187-0033	4.935	62	524	WHICH RESEMBLED THE WARLIKE HUM OF A HIVE OF BEES
4640-19187-0037	9.460	119	1000	A MOMENT OF INDESCRIBABLE SILENCE ENSUED IN WHICH DEATH MIGHT HAVE BEEN HEARD FLITTING BY THIS MOMENT WAS BRIEF
4640-19187-0041	3.915	49	417	LET US GET OURSELVES KILLED HERE TO THE VERY LAST MAN
4640-19188-0000	4.810	61	507	CHAPTER FOUR MINUS FIVE PLUS ONE
4640-19188-0001	5.310	67	566	STILL GREAT AS WAS THIS OMNIPOTENCE A MURMUR AROSE
4640-19188-0003	4.650	59	502	YOU WOULD FALL IN WITH SOME GRAND GUARD OF THE LINE OR THE SUBURBS
4640-19188-0004	4.955	62	524	ENTERED THE TAP ROOM THEY EMERGED THENCE A MOMENT LATER
4640-19188-0006	5.870	74	624	AH YOU WANT TO GET YOURSELVES KILLED SO DO I I WHO AM SPEAKING TO YOU
4640-19188-0008	8.935	112	942	AND AS SOON AS IT TOUCHES YOUR NEIGHBORS SUICIDE IS MURDER THINK OF THE LITTLE BLOND HEADS THINK OF THE WHITE LOCKS
4640-19188-0012	9.285	117	987	WHO SING AND PRATTLE WHO ARE LIKE A LIVING PERFUME WHO PROVE THE EXISTENCE OF ANGELS IN HEAVEN BY THE PURITY OF VIRGINS ON EARTH
4640-19188-0022	8.755	110	922	HE IS DEAD HE WAS TAKEN TO THE NECKER HOSPITAL WHERE I SAW HIM I WAS HOUSE SURGEON IN THAT HOSPITAL
4640-19188-0036	4.460	56	483	WHICH ONE BEHOLDS IN THE DEPTHS OF HISTORY HOVERING OVER THERMOPYLAE
4640-19188-0038	2.575	33	283	THE FIFTH MAN WAS SAVED
4640-19188-0040	8.745	110	928	AND HE HAD SILENTLY REMOVED HIS COAT AND FLUNG IT ON THE PILE WITH THE REST THE EMOTION AROUSED WAS INDESCRIBABLE
4640-19189-0004	4.845	61	522	THEY WERE LIKE THE MANE OF A STARTLED LION IN THE FLAMING OF AN HALO
4640-19189-0018	8.175	103	858	HENCE WHAT IS CALLED THE SOCIAL BOND SOME SAY SOCIAL CONTRACT WHICH IS THE SAME THING THE WORD CONTRACT
4640-19189-0031	2.390	30	258	JAVERT LACONIC
4640-19189-0036	6.750	85	716	AND HAD NOT EVEN THE AIR OF HEARING HIM WHEN MARIUS RAISED HIS VOICE TO SAY I KNOW HIM
4640-19189-0038	7.475	94	790	BOTH EQUIVOCAL AND IMPOSING MOREOVER IT HAD BEEN A LONG TIME SINCE HE HAD SEEN HIM
4640-19189-0039	5.265	66	560	THE FIVE CHOSEN MEN LEFT THE BARRICADE BY WAY OF MONDETOUR LANE
4640-19189-0041	2.155	27	234	HE ENTERED THE TAP ROOM
4680-16026-0002	7.390	93	785	SO EPONINE FOLLOWED HIM WITHOUT HIS SUSPECTING THE FACT SHE SAW HIM DISPLACE THE BAR AND SLIP INTO THE GARDEN
4680-16026-0003	3.160	40	349	AND READILY RECOGNIZED THE ONE WHICH MARIUS HAD MOVED
4680-16026-0005	7.070	89	752	SHE REMAINED THUS FOR MORE THAN AN HOUR WITHOUT STIRRING AND WITHOUT BREATHING A PREY TO HER THOUGHTS
4680-16026-0006	4.475	56	479	AN OLD BELATED BOURGEOIS WHO WAS MAKING HASTE TO ESCAPE FROM THIS
4680-16026-0008	8.240	103	875	SIX MEN WHO WERE MARCHING SEPARATELY AND AT SOME DISTANCE FROM EACH OTHER ALONG THE WALL AND WHO MIGHT HAVE BEEN TAKEN FOR A GRAY PATROL
4680-16026-0009	5.175	65	553	THE FIRST TO ARRIVE AT THE GARDEN RAILING HALTED AND WAITED FOR THE OTHERS
4680-16026-0014	6.755	85	708	WHICH PROWLERS CALL FANCHONS AH SEE HERE WHAT ARE YOU ABOUT THERE
4680-16026-0015	8.955	112	946	AND THREW HERSELF ON HIS NECK I AM HERE LITTLE FATHER BECAUSE I AM HERE ISN'T A PERSON ALLOWED TO SIT ON THE STONES NOWADAYS
4680-16026-0017	7.750	97	817	THENARDIER REPLIED SHE'S WELL I DON'T KNOW LET ME ALONE AND BE OFF I TELL YOU I WON'T GO SO THERE NOW
4680-16026-0018	3.210	41	355	SMALL BONY AND FEEBLE AS THAT OF A SKELETON
4680-16026-0019	2.340	30	260	YOU KNOW WELL THAT I'M NO FOOL
4680-16026-0025	9.425	118	983	THE VENTRILOQUIST HOWEVER FINISHED HIS GRIN SHE WENT ON FRIENDS LISTEN WELL THIS IS NOT WHAT YOU WANT
4680-16026-0030	7.975	100	851	WHAT DO I CARE IF I'M PICKED UP TO MORROW MORNING ON THE PAVEMENT OF THE RUE PLUMET KILLED BY THE BLOWS OF MY FATHER'S CLUB
4680-16026-0039	8.810	111	928	WHERE SHALL WE GO TO SLEEP TO NIGHT UNDER PANTIN PARIS HAVE YOU THE KEY TO THE GATE THENARDIER PARDI
4680-16041-0003	4.900	62	529	BY THE BOULEVARD TRAVERSED THE ESPLANADE AND THE BRIDGE OF THE INVALIDES
4680-16041-0004	4.425	56	477	AND REACHED THE RUE DE RIVOLI THE SHOPS WERE OPEN THERE
4680-16041-0013	6.460	81	692	HE SHUNNED THE PATROLS HE AVOIDED THE SENTINELS HE MADE A CIRCUIT REACHED THE RUE DE BETHISY
4680-16041-0015	5.480	69	579	NO LONGER A LIGHT THERE WAS NO ONE SOLITUDE SILENCE NIGHT
4680-16041-0018	8.295	104	877	IT WAS AN OVERTURNED WAGON HIS FOOT RECOGNIZED POOLS OF WATER GULLIES AND PAVING STONES SCATTERED AND PILED UP
4680-16041-0021	2.245	29	252	THE WHOLE OF THIS ITINERARY
4680-16041-0022	2.385	30	261	WHICH IS LIKE A CITY WITHIN A CITY
4680-16041-0037	6.370	80	671	HERE ONLY ONE SOUND WAS AUDIBLE A SOUND AS HEART RENDING AS THE DEATH RATTLE
4680-16042-0000	8.425	106	896	IT WAS THE REFLECTION OF THE TORCH WHICH WAS BURNING IN THE CORINTHE BARRICADE MARIUS DIRECTED HIS STEPS TOWARDS THAT RED LIGHT
4680-16042-0004	3.710	47	398	MARIUS HAD BUT A STEP MORE TO TAKE
4680-16042-0006	7.700	97	823	HIS COCKADE BLACKENED WITH POWDER HIS BROW FURROWED WITH HIS HELMET IN BARRACKS IN CAMP IN THE BIVOUAC
4680-16042-0013	6.070	76	652	IT WOULD ASSUREDLY HAVE SCORCHED HIS HANDS AND BURST OUT AFLAME BEFORE HIS EYES LIKE THE SWORD OF THE ANGEL
4680-16042-0027	3.005	38	327	THE TENTH OF AUGUST ELECTRIFIES THEM
4680-16042-0029	8.950	112	949	TREATED ROUGHLY BY THE VERY BENEFIT OF THEIR DELIVERANCE THEIR EYES MUST BE WOUNDED BY THE TRUE LIGHT MUST BE HURLED AT THEM IN TERRIBLE HANDFULS
4680-16042-0030	5.200	65	553	OF WHOM ARE YOU SPEAKING DO YOU CALL LOUIS PHILIPPE THE TYRANT NO
4788-91208-0007	7.980	100	842	INTO ONE ORGANIC WHOLE WHEN MISTER MILL COMMENCED HIS LABORS THE ONLY LOGIC RECOGNIZED WAS THE SYLLOGISTIC
4788-91208-0009	5.715	72	605	SOME GENERAL PROPOSITIONS TO START WITH AND THESE GENERAL PROPOSITIONS BEING EX
4788-94904-0007	9.495	119	1004	WHETHER MONARCHICAL OR POPULAR IN ANY CASE IN WHICH THE ATTEMPT TO INTRODUCE REPRESENTATIVE GOVERNMENT IS AT ALL LIKELY TO BE MADE INDIFFERENCE TO IT
4788-94904-0037	6.170	78	659	UNDER HIS PROTECTION NUMEROUS COMMUNITIES WERE FORMED WHICH KNEW NO ONE ABOVE THEM BUT THE KING
4788-294466-0005	7.085	89	764	FEELING ASSURED THAT THE GIRLS WERE ALL RIGHT THE BOYS WENT AT A GALLOP DOWN THE ROAD AND ACROSS THE DESERT VALLEY TO THE NEWCOMB RANCH
4788-294466-0026	5.910	74	633	YOU WAIT UNTIL DICK HAS BEEN ON THE DESERT LONG ENOUGH TO GET A COAT OF TAN HE MAY SURPRISE YOU
4813-248638-0001	9.055	114	962	FEW PEOPLE TO DAY THINK OF MILTON IN TERMS OF INDUSTRIAL REPUTE BUT RATHER AS A PLACE OF ESTATES TOO ARISTOCRATIC TO BE FASHIONABLE
4813-248638-0005	3.955	50	428	BUT MODERN MILTON IS SOMETHING MORE THAN THIS AS OLD MILTON
4813-248638-0012	9.160	115	971	RUSKIN DECLARES SOMEWHERE WITH HIS QUAINT AND CHARACTERISTIC MIXTURE OF POSITIVENESS AND IDEALISM THAT INHABITANTS OF GRANITE COUNTRIES
4813-248638-0013	7.285	92	781	THAT CLEARLY DISTINGUISHES THEM FROM THE INHABITANTS OF LESS PURE DISTRICTS PERHAPS HE WAS RIGHT FOR SURELY HERE
4813-248638-0015	6.345	80	682	AND THE WIDE FLAT TWIST OF THE NEPONSET RIVER WINDING THROUGH IT FOR ALL THE WORLD LIKE A DECORATIVE PANEL
4813-248638-0016	4.335	55	472	THIS IS THE VIEW THAT THE GOVERNOR SO ADMIRED AND TRADITION TELLS US
4813-248638-0029	9.285	117	989	THE RACE TRACK WITH ITS JUDGES STANDS IS STILL THERE BUT THERE ARE NO MORE HORSE RACES ALTHOUGH THE FORBES FAMILY STILL HOLDS A CONSPICUOUS PLACE
4813-248638-0039	4.035	51	438	AND FAR BEYOND IT IS THE GRAND MONADNOCK IN JAFFREY
4813-248638-0055	2.910	37	318	AND THE GREAT BLUE HILL FLOATS ABOVE THEM ALL
4813-248641-0013	4.425	56	482	SINCE IN SIXTEEN THIRTY FIVE THE GENERAL COURT DECREED THAT NO DWELLING
4830-25898-0009	7.030	88	745	CHICKENS AND ALL TO A WATERY DEATH I'M THE MOST UNLUCKY HEN EVER HATCHED GROANED
4830-25898-0016	7.055	89	749	FOR EVERY FOWL IN THE YARD TWITTED HER WITH THE DIFFERENCE BETWEEN HER PREACHING AND HER PRACTICE
4830-25898-0031	8.420	106	894	WITH HER POOR LITTLE CLAWS STICKING STRAIGHT UP AS IF IMPLORING HELP PECK MEANWHILE GOT INTO MISCHIEF ALSO
4830-25898-0033	6.250	79	676	AND WAS INNOCENTLY CATCHING GNATS WHEN HER MAMMA CAME OUT OF THE HAY MOW WITH A LOUD CUT CUT CUT
4830-25898-0034	2.795	35	302	WHERE IS PEEP ASKED MISSUS CLUCK
4830-25898-0048	9.415	118	992	BLOT SAW A LITTLE KITTEN MEWING PITIFULLY AS IT SAT UNDER THE FENCE WHAT IS THE MATTER DEAR ASKED KIND BLOT
4830-25898-0051	5.315	67	571	SAID THE KIT RUBBING HER SOFT WHITE FACE AGAINST BLOT'S LITTLE BLACK BREAST
4830-25898-0053	9.335	117	987	AND COLDER AND COLDER BECAME POOR BLOT'S LITTLE FEET AS SHE WADED THROUGH THE DRIFTS THE FIRELIGHT WAS SHINING OUT INTO THE GLOOM
4830-25904-0006	6.150	77	652	THEY HAD JUST HAD THEIR BATH AND STOOD ARRANGING THEIR FEATHERS WITH THEIR GREAT BILLS
4830-25904-0017	6.465	81	684	FOR THEY TUMBLED ONE OVER THE OTHER SHOOK THE CAGES AND TRIED TO REACH THE BYSTANDERS
4830-25904-0019	4.125	52	443	AS IF A WHOLE FAMILY OF WILD BEASTS WERE AFTER HER
4853-27670-0018	8.920	112	950	I TOOK DOWN THE LAMP TRIMMED IT AND WENT TO THE LAZARETTE HATCH AT THE AFTER END OF THE CABIN HERE WERE KEPT THE STORES FOR THE CREW
4853-27670-0036	5.160	65	554	AND EVEN HAD I MANAGED THIS SHE STOOD TO BE SWAMPED AND I TO BE DROWNED
4853-27671-0019	8.550	107	906	I THREW THE OAR OVER THE STERN OF THE BOAT TO KEEP HER NEAR TO THE BRIG NOT SO MUCH BECAUSE I DESIRED TO SEE THE LAST OF HER
4853-27671-0027	3.175	40	343	THE BOAT WAS ABOUT FIFTEEN FEET LONG
4853-27671-0038	9.270	116	979	THE BIRD QUITTED THE SPOT OF THE WRECK AFTER A WHILE AND FOLLOWED ME ITS EYES HAD THE SPARKLING BLOOD RED GLEAM OF RUBIES
4853-29413-0032	5.520	69	583	AND NOTHING MORE THAT YOU HAVE FORGOTTEN AND OUGHT TO TELL ME NOTHING SIR
4859-22176-0010	6.220	78	663	YES SIR SAID THE MAN PLEASE STEP INTO THE PORTRAIT GALLERY A FEW MINUTES LATER THE FOOTMAN RETURNED
4859-22176-0022	3.990	50	434	HE BECAME CONFUSED IN HIS SPEECH AND STOPPED IN THE MIDDLE OF WHAT HE WAS SAYING
4859-26870-0007	9.455	119	1011	MARY HE SAID SOFTLY GOING UP TO HER IT WILL NEVER HAPPEN AGAIN I GIVE YOU MY WORD NEVER HE REPEATED IN A TREMBLING VOICE LIKE A BOY ASKING FOR FORGIVENESS
4859-26870-0020	4.435	56	480	SHE IS A STERILE FLOWER YOU KNOW LIKE SOME STRAWBERRY BLOSSOMS
4859-26870-0021	8.085	102	879	THOUGH COUNTESS MARY TOLD NATASHA THAT THOSE WORDS IN THE GOSPEL MUST BE UNDERSTOOD DIFFERENTLY YET LOOKING AT SONYA SHE AGREED WITH NATASHA'S EXPLANATION
4859-29340-0003	7.335	92	784	ONE HISTORIAN SAYS THAT AN EVENT WAS PRODUCED BY NAPOLEON'S POWER ANOTHER THAT IT WAS PRODUCED BY ALEXANDER'S
4859-29340-0022	3.955	50	430	AND THAT IS JUST WHAT THE UNIVERSAL HISTORIANS DO AND CONSEQUENTLY
4859-29340-0034	7.580	95	805	JUST AS SUCH A CONNECTION MAY BE FOUND BETWEEN THE MOVEMENTS OF HUMANITY AND COMMERCE HANDICRAFT GARDENING OR ANYTHING ELSE YOU PLEASE
4859-29340-0038	4.860	61	524	WHICH MAY POSSIBLY EVEN BE OF USE TO SOMEONE FOR SOMETHING THE HISTORIES OF CULTURE
4859-29340-0039	4.075	51	439	ARE SIGNIFICANT FROM THE FACT THAT AFTER SERIOUSLY AND MINUTELY EXAMINING
4859-29340-0041	7.895	99	844	THE HISTORIANS OF CULTURE INVOLUNTARILY CONTRADICT THEMSELVES AND SHOW THAT THE NEW FORCE THEY HAVE DEVISED DOES NOT ACCOUNT FOR WHAT HAPPENS IN HISTORY
4898-20016-0022	8.120	102	860	THAT LED NATHAN STODDARD TO KEEP SECRET WHAT HE HAD WITNESSED BUT IT WAS LIKE SOME DEEP AND HOLY EXPERIENCE
4898-20016-0026	2.330	30	260	HE STOPPED HIS HORSE TO LISTEN
4898-28461-0001	5.675	71	607	BEYOND THE SOUTHERN BOUNDARY OF THE TERRITORY GASHED BY STUPENDOUS CANYONS
4898-28461-0043	6.225	78	664	EIGHT THOUSAND FEET ABOVE THE LEVEL OF THE SEA AND AS GLENORA IS ONLY A THOUSAND FEET ABOVE THE SEA
4898-28461-0053	5.460	69	589	I REACHED UP TOOK HOLD OF HIM BY ONE OF HIS FEET AND GENTLY SLID HIM DOWN ON HIS BACK
4898-28461-0054	3.270	41	353	DUG HEEL NOTCHES AND SLID HIM DOWN TO THEM
4898-28461-0055	8.640	108	917	AND THE GLACIER WAS REACHED PERHAPS ABOUT MIDNIGHT HERE I TOOK OFF ONE OF MY BOOTS TIED A HANDKERCHIEF AROUND HIS WRIST FOR A GOOD HOLD
4898-28461-0056	3.110	39	336	AND SUCCEEDED IN GETTING ONE OF HIS ARMS INTO PLACE
4898-28461-0058	4.790	60	513	I MARCHED HIM SLOWLY DOWN IN THE STARLIGHT ON THE COMPARATIVELY SMOOTH
4898-28461-0065	4.675	59	505	AND YOU HAVE NO RIGHT TO RISK YOUR LIFE ON TREACHEROUS PEAKS AND PRECIPICES
5022-29405-0002	2.840	36	313	AND SET HIM DOWN AS A MAN WITH A BITTER HUMOR
5022-29405-0004	4.765	60	517	ALMOST MADE ME REGRET THAT HE HAD NOT DIED OF THE ILLNESS WHICH HAD STRUCK HIM DEAF
5022-29405-0009	6.765	85	719	FOR ALL THAT TIME FOR SOME PART OF THE TIME I ANSWERED I WAS CATCHING MOTHS IN FORDWITCH WOOD
5022-29405-0010	8.920	112	956	MISSUS ROYLAKE'S FASCINATING SMILE DISAPPEARED WHEN I MENTIONED THE MILL SHE SUDDENLY BECAME A COLD LADY I MIGHT EVEN SAY A STIFF LADY
5022-29405-0016	6.100	77	658	EITHER I HAD FORGOTTEN LORD UPPERCLIFF DURING MY LONG ABSENCE ABROAD OR I HAD NEVER HEARD OF HIM
5022-29405-0019	5.995	75	634	I ADMIRE HER INTELLECT BUT HER POLITICAL AND SOCIAL OPINIONS I MUST ALWAYS VIEW WITH REGRET
5022-29405-0020	4.825	61	522	IS SIMPLY THE MOST CHARMING GIRL IN ENGLAND IF YOU DON'T FALL IN LOVE WITH HER
5022-29405-0026	3.300	42	365	I KNOCKED AT THE DOOR ON THE ANCIENT SIDE OF THE BUILDING
5022-29405-0032	6.655	84	714	AND TRIED TO RESIST ME WHEN I INSISTED ON RELIEVING HER OF THE BASKET MISTER GERARD SHE PROTESTED
5022-29405-0033	7.445	94	801	MY ANSWER WOULD NO DOUBT HAVE ASSUMED THE FORM OF A FOOLISH COMPLIMENT IF HER FATHER HAD NOT SPARED HER THAT INFLICTION
5022-29405-0041	2.745	35	305	THAT THEY HAD NO RIGHT TO BE IN A MAN'S FACE
5022-29411-0017	3.515	44	382	HE SWEARS SIR THAT HE WON'T GO AT THE END OF HIS WEEK'S NOTICE
5022-29411-0018	2.790	35	303	AND SHOOT THE MAN AND SHOOT HIMSELF AHA
5022-29411-0023	2.325	30	260	YOU WILL ASK ME WHO THE PERSON IS
5022-29411-0053	6.825	86	726	I KNOW THAT SHE HAS VISITED YOU AND SPOKEN TO YOU DO YOU KNOW WHAT SHE HAS SAID I CAN GUESS
5022-29411-0056	8.430	106	896	IN THAT SHORT TIME I TOLD HER THAT HE HAD BEEN FOUND IN MY GARDEN LOOKING AT THE FLOWERS AS HE HAD DONE NO HARM I SAID
5022-29411-0062	8.345	105	888	YOU ARE DECEIVED BY A FALSE FRIEND WHO LIES TO YOU AND HATES YOU THE MAN SHE WAS SPEAKING OF TURNED THE CORNER OF THE NEW COTTAGE
5022-29411-0064	6.575	83	700	I WAS LEFT TO DECIDE FOR MYSELF WHAT SHOULD I HAVE DONE IF I HAD BEEN TWENTY YEARS OLDER
5022-29411-0066	6.280	79	675	HIS BOOK OF LEAVES WOULD NOT HAVE TOLD HIM IN MY OWN HANDWRITING THAT I BELIEVED IN HIS BETTER NATURE
5049-25947-0001	2.250	29	251	BLOCKING THE WAY TO SANTIAGO
5049-25947-0004	4.375	55	468	THAT ON THE FOLLOWING MORNING HE WOULD ATTACK THE SPANISH POSITION
5049-25947-0010	3.705	47	399	ON EITHER SIDE ROSE BLACK OVERHANGING RIDGES
5049-25947-0011	3.845	49	417	OF THE SEARCH LIGHTS SHAMING THE QUIET MOONLIGHT
5049-25947-0014	6.260	79	669	THERE WAS A VALLEY BETWEEN US AND THE BUSHES WERE SO THICK ON BOTH SIDES OF OUR TRAIL
5049-25947-0040	9.370	118	994	IT HAD BEEN ORDERED TO ESTABLISH COMMUNICATION WITH GENERAL YOUNG'S COLUMN AND WHILE ADVANCING AND FIRING ON THE RIDGE CAPTAIN JENKINS SENT
5049-25947-0041	6.340	80	681	BEARER BACK TO CLIMB THE HILL AND WAVE HIS RED AND WHITE BANNER WHERE YOUNG'S MEN COULD SEE IT
5049-25947-0044	2.705	34	293	WHICH WERE WELL ALREADY IN ADVANCE
5049-25947-0050	8.615	108	911	HANDICAPPED THEIR STRENGTH CRUELLY THE ENEMY WAS HIDDEN IN THE SHADE OF THE JUNGLE WHILE THEY FOR EVERY THICKET THEY GAINED
5049-25947-0056	2.780	35	305	AND THE COLLEGE SWELLS OF THE ROUGH RIDERS
5049-25947-0057	5.095	64	546	THE WALK DOWN THAT TRAIL PRESENTED ONE OF THE MOST GREWSOME PICTURES OF THE WAR
5049-25947-0060	4.900	62	529	LIEUTENANT THOMAS IS BADLY WOUNDED IN HERE AND WE CAN'T MOVE HIM
5049-25947-0061	3.630	46	392	SOME PLACE WHERE THERE IS SHADE AND A BREEZE
5049-25947-0067	7.270	91	770	AND WITH HIS HEAD FALLEN ON THE SURGEON'S SHOULDER CAPRON WAS ALWAYS A HANDSOME SOLDIERLY LOOKING MAN
5049-25947-0069	8.520	107	893	WITH IT AND THAT THOUGH THEY MIGHT PECK AND MEND AT THE BODY HE HAD RECEIVED HIS FINAL ORDERS
5049-25947-0070	2.375	30	261	STRANGELY MEAN AND TAWDRY
5049-25947-0072	3.525	45	380	SCRIBBLED IN IT IN PENCIL
5049-25947-0074	3.220	41	351	WAS WELL IN ADVANCE OF THE FARTHEST POINT
5049-25947-0081	6.120	77	655	BYRNE WAS THE ONLY MAN I NOTICED WHO SEEMED TO REGARD THE FIGHT AS IN ANY WAY HUMOROUS
5049-25947-0082	2.300	29	249	THE CONDITIONS WERE EXCEPTIONAL
5049-25947-0089	4.930	62	526	BUT TIME AFTER TIME THEY ROSE AND STAGGERED FORWARD THROUGH THE HIGH GRASS
5049-25947-0091	5.570	70	592	A SOLDIER TO DUTY THAT HE CONTINUED WRITING HIS ACCOUNT OF THE FIGHT
5049-25947-0096	6.920	87	734	I DO NOT SUPPOSE WOOD OUT OF THE FIVE HUNDRED ENGAGED SAW MORE THAN THIRTY OF HIS MEN
5049-25947-0103	3.685	47	399	AT SIBONEY ROWLAND SAT STILL FOR A SHORT TIME
5049-25947-0104	6.255	79	663	WITH THE REST OF THE WOUNDED BUT TWO DAYS LATER HE APPEARED IN CAMP
5049-25947-0110	3.275	41	353	GAVE HIM HIS CHOICE OF RIDING DOWN TO SIBONEY
5049-25947-0111	3.800	48	410	OR OF BEING CARRIED A DAY LATER ON A LITTER
5049-25947-0112	7.565	95	803	YOU CAN START AT ONCE BUT IF YOU WAIT UNTIL TO MORROW WHEN I CAN SPARE THE MEN YOU CAN BE CARRIED ALL THE WAY
5104-33406-0008	4.970	63	532	AND THERE IS ALWAYS A STORM ABOUT ME IT IS MY SWORD'S FAULT
5104-33406-0012	3.980	50	425	I SEE THE ANSWER FLASHING FROM YOUR EYES HE SAID
5104-33406-0013	7.400	93	778	HIS MEN POUNDED ON THE TABLES AND SHOUTED YES YES ANYWHERE BEHIND ERIC
5104-33406-0014	4.775	60	510	ERIC LAUGHED DID YOU EVER HEAR THAT STORY THAT GUNNBIORN TOLD
5104-33406-0018	4.235	53	454	BUT IF I TAKE MY SPORT LIKE A WOLF I MUST BE HUNTED LIKE ONE
5104-33406-0021	4.595	58	499	ERIC LED HIS WIFE THORHILD AND HIS TWO YOUNG SONS THORSTEIN AND LEIF
5104-33406-0022	6.850	86	734	FOR A WEEK OR MORE THEY STAYED IN HIS WOODS SOMETIMES IN A SECRET CAVE OF HIS WHEN THEY KNEW THAT THORGEST WAS ABOUT
5104-33406-0029	7.405	93	785	IT MUST BE GIANTS THAT SAIL IN IT FROST GIANTS SAID ANOTHER OF THE MEN BUT AS THEY CAME NEARER
5104-33406-0034	9.485	119	1005	LUCK HAS TAKEN US INTO ITS OWN HANDS ERIC LAUGHED BUT THIS IS AS GOOD A WAY AS ANOTHER SOMETIMES THEY WERE NEAR ENOUGH TO SEE THE LAND
5104-33407-0005	7.580	95	800	FOR A WHILE HE WALKED THE LAND AS THOUGH HE WERE IN A DREAM HE LOOKED AT THIS AND THAT AND EVERYTHING
5104-33407-0019	3.230	41	353	SURELY LUCK HAS BROUGHT US ALSO TO A NEW COUNTRY
5163-18515-0002	2.195	28	243	PERHAPS SO SAID POLLY
5163-18515-0004	5.010	63	537	AND HOLDING OUT THEIR ARMS SINGING SOMETHING ALL THE WHILE IN A SHRILL HIGH KEY
5163-18515-0010	7.880	99	836	SO IT DID PET WELL NOW HERE IS ANOTHER THERE'S A LITTLE GIRL BACK THERE AND SHE HASN'T ANY MOURNED PHRONSIE
5163-18515-0013	5.455	69	594	WE'RE GOING TO GIVE THIS TO THE LITTLE GIRL JASPER SHOUTED TO THEM AS THEY THREW COIN AFTER COIN
5163-18515-0022	6.740	85	716	WHY THAT'S ONE OF THE THINGS I SPECIALLY WANTED TO SEE YES SO DID I SAID POLLY
5163-18515-0032	8.100	102	874	WHEN A HAND CAME IN FRONT OF HER KODAK AND SHE SAW THE GRINNING FACE OF A MARKEN GIRL UNDER ITS POT HOOK OF HAIR AND WITH THE LONG DANGLING CURL ON ONE SIDE
5163-18515-0037	4.100	52	450	POURING THE COINS INTO THE MOTHER'S LAP WHERE THEY ROLLED UNDERNEATH THE FAT BABY
5163-18515-0042	8.680	109	922	AND THEN DEVOTED HER WHOLE TIME AND ENERGY TO THE DISPLAY OF THE GARMENTS AND SHE EVEN LAUGHED ALOUD WHEN OLD MISTER KING PUT SOME COINS IN HER HARD HAND
5163-18515-0048	2.620	33	290	BEGGED PHRONSIE STAGGERING TO HER FEET
5163-39921-0018	5.600	70	595	IT'S THE FINEST ONE IN MAITLAND BUT MISSUS CHARLEY NEVER GETS A PLUM FROM IT
5163-39921-0056	5.905	74	627	I NEVER KNEW ISAAC CROPPER TO CHANGE HIS OPINIONS SO HANDSOMELY ESTHER SMILED
5192-19396-0004	6.250	79	676	THE BLIND GUT ANSWERED DOCTOR SLOP LIES BETWIXT THE ILION AND COLON IN A MAN SAID MY FATHER
5192-19396-0005	4.200	53	450	IN A WOMAN THAT'S MORE THAN I KNOW QUOTH MY FATHER
5192-19396-0009	7.330	92	782	WHICH WAS TOWARDS HIS LEFT HAND TO HAVE A PLAN OF THE PLACE FASTEN'D UP WITH TWO OR THREE PINS AT THE TOP BUT LOOSE AT THE BOTTOM
5192-19396-0010	9.290	117	992	SO THAT WHEN AN ATTACK WAS RESOLVED UPON MISSUS WADMAN HAD NOTHING MORE TO DO WHEN SHE HAD GOT ADVANCED TO THE DOOR OF THE SENTRY BOX BUT TO EXTEND HER RIGHT HAND
5192-19396-0020	6.475	81	692	AND THE FOREFINGER AND THUMB BEING ONCE ENGAGED AS NATURALLY BROUGHT IN THE WHOLE HAND THINE DEAR UNCLE TOBY
5192-19396-0022	3.725	47	406	WHILST THIS WAS DOING HOW COULD SHE FORGET TO MAKE HIM SENSIBLE
5192-19396-0023	2.485	32	281	WHICH SLIGHTLY PRESS'D AGAINST THE CALF OF HIS
5192-19396-0024	8.195	103	865	WAS IT A WONDER IF NOW AND THEN IT PUT HIS CENTRE INTO DISORDER THE DUCE TAKE IT SAID MY UNCLE TOBY
5192-19396-0031	2.215	28	245	THE FORTIFICATIONS ARE QUITE DESTROYED
5192-19397-0000	4.020	51	439	IT WAS A THOUSAND PITIES THOUGH I BELIEVE AN PLEASE YOUR HONOUR
5192-19397-0002	2.895	37	322	CASTING HIS EYE UPON DUNKIRK AND THE MOLE
5192-19397-0003	3.915	49	424	IN RETURNING OUT OF ASIA WHEN HE SAILED FROM AEGINA TOWARDS MEGARA
5192-19397-0004	4.105	52	447	WAS A THOUSAND PITIES AN PLEASE YOUR HONOUR TO DESTROY THESE WORKS
5192-19397-0007	6.415	81	690	OR DIVERT ME IN MY GRAVE ONES THOU HAST SELDOM TOLD ME A BAD ONE BECAUSE AN PLEASE YOUR HONOUR
5192-19397-0032	2.535	32	278	THERE IS BUT ONE AN PLEASE YOUR HONOUR
5192-19397-0039	6.260	79	675	HE HAS HIS FIRELOCK AN PLEASE YOUR HONOUR TO FURBISH HIS ACCOUTREMENTS TO TAKE CARE OF HIS REGIMENTALS TO MEND
5192-19397-0042	7.420	93	792	BUT HE SHOULD BE ABLE AT FIRST SIGHT TO TELL THEE WHAT IS ITS NAME IN WHAT MOUNTAINS IT TAKES ITS RISE WHAT IS ITS COURSE
5192-19397-0044	7.355	92	783	HE SHOULD KNOW THEIR PRODUCE THEIR PLANTS THEIR MINERALS THEIR WATERS THEIR ANIMALS THEIR SEASONS THEIR CLIMATES THEIR HEATS AND COLD
5192-19397-0047	8.210	103	878	WHERE HE BROKE IN UPON THE ENEMY'S WORKS FORCED HIS PASSAGE OVER THE DANUBE CROSS'D THE LECH PUSH'D ON HIS TROOPS INTO THE HEART OF THE EMPIRE
5192-19397-0052	4.585	58	495	SON OF CHARLES THE FOURTH A CERTAIN PRIEST WHOSE NAME WAS SCHWARTZ
5192-19397-0054	6.050	76	647	WHICH WAS FULL THIRTY SEVEN YEARS BEFORE THAT TIME THE SECRET OF POWDER WAS WELL KNOWN AND EMPLOYED WITH SUCCESS
5192-19397-0057	4.675	59	509	AS IS PLAIN TO ME FROM THE PRESENT MISERABLE STATE OF MILITARY ARCHITECTURE AMONGST THEM
5192-19397-0058	3.140	40	347	AT EACH ANGLE OF IT TIS SO BARBAROUSLY CONSTRUCTED
5192-19397-0059	3.115	39	338	AN PLEASE YOUR HONOUR QUOTH TRIM MY UNCLE TOBY
5192-19397-0060	5.870	74	637	MOST COURTEOUSLY REFUSED TRIM'S OFFER TILL TRIM TELLING HIM HE HAD HALF A DOZEN MORE IN BOHEMIA
5192-19397-0061	8.055	101	869	OF THE CORPORAL THAT HE DISCONTINUED HIS DISSERTATION UPON GUN POWDER AND BEGGED THE CORPORAL FORTHWITH TO GO ON WITH HIS STORY OF THE KING OF BOHEMIA AND HIS SEVEN CASTLES
5192-19397-0071	3.225	41	358	THERE THE WORD HAPPENING IS RIGHT TRIM CRIED MY UNCLE TOBY
5192-19397-0083	5.835	73	625	SAID MY UNCLE TOBY BROUGHT OFF THE FOOT WITH GREAT PRUDENCE BUT I WAS LEFT UPON THE FIELD SAID THE CORPORAL
5192-19397-0084	9.130	115	980	SO THAT IT WAS NOON THE NEXT DAY CONTINUED THE CORPORAL BEFORE I WAS EXCHANGED AND PUT INTO A CART WITH THIRTEEN OR FOURTEEN MORE IN ORDER TO BE CONVEY'D TO OUR HOSPITAL
5192-19397-0085	5.015	63	548	EXCEPT THE GROIN SAID MY UNCLE TOBY AN PLEASE YOUR HONOUR REPLIED THE CORPORAL THE KNEE IN MY OPINION
5322-7678-0009	3.500	44	375	THIS DARK FOLIAGE THIS HOT SCENTED AIR
5322-7678-0014	2.725	35	302	AND DID NOT THINK OF OR WISH FOR ANYTHING
5322-7679-0010	5.005	63	539	THE SCOUT HASTENED TO COVER THE DEAD MAN'S FACE WITH HIS COAT OLENIN WAS STRUCK
5322-7679-0021	9.295	117	985	THEY FILLED IN SOME DOCUMENT GAVE IT TO THE SCOUT AND RECEIVED FROM HIM SOME MONEY THEN THEY APPROACHED THE BODY WHICH OF YOU IS LUKE GAVRILOV
5322-7679-0023	9.035	113	952	AGAIN PLAYING THE COMMANDER PUT ON YOUR CAP WHICH OF THE GAVRILOVS DOES HE COME OF THE BROAD EH HIS NEPHEW REPLIED THE CORPORAL
5322-7679-0035	3.340	42	364	THOUGHT OLENIN LOOKING AT THE COSSACK'S BRIGHT FACE
5322-7679-0038	7.455	94	794	BUT THE RED ONE IS THE GODSON'S BROTHER LET HIM THANK GOD THAT HE GOT OFF WHOLE HIMSELF REPLIED LUKASHKA
5322-7680-0004	6.860	86	730	BY THE MIDDLE ONE BUT I'LL SEE YOU AS FAR AS THE MARSH AFTER THAT YOU HAVE NOTHING TO FEAR OLENIN LAUGHED
5322-7680-0008	7.950	100	850	AND WHAT WOULD A HORSE COST WE WERE BARGAINING FOR ONE BEYOND THE RIVER THE OTHER DAY AND THEY WOULD NOT TAKE SIXTY RUBLES FOR IT
5322-7680-0017	6.555	82	693	I AM A CADET BUT HAVE BEEN RECOMMENDED FOR A COMMISSION WELL IF YOU'RE NOT BRAGGING ABOUT YOUR HOME
5322-7680-0024	9.010	113	960	OLENIN WAS AS HAPPY AS A BOY OF TWELVE TIE IT UP HERE IT'S A GOOD HORSE I BOUGHT IT IN GROZNOE IT GALLOPS SPLENDIDLY
5322-7680-0029	7.520	94	801	HE ASKED ME TO LIE IN AMBUSH BY THE ROAD WHERE THEY COME DOWN FROM THE MOUNTAINS SHALL WE GO TOGETHER I'LL NOT BETRAY YOU
5322-7680-0032	9.065	114	962	BUT THOUGH HE DID NOT DO SO OLENIN STILL FELT HIS SOUL MORE AT EASE THAN EVER BEFORE IN HIS LIFE HE WAS AS DELIGHTED AS A BOY
5339-14133-0000	2.995	38	329	BLACK AND BITTER BUT WELCOME ENOUGH TO THE FARMERS
5339-14133-0001	4.965	63	541	AND BELL ROBSON THOUGH NOT GETTING WORSE DID NOT MAKE ANY PROGRESS TOWARDS AMENDMENT
5339-14133-0004	2.435	31	270	HE WAS VERY BUSY WITH FACTS AND FIGURES
5339-14133-0006	6.395	80	685	BY DEGREES BOTH HEPBURN AND COULSON WERE INTRODUCED TO DISTANT MANUFACTURERS AND WHOLESALE DEALERS
5339-14133-0018	8.620	108	920	THERE WAS MUCH TO BE DONE IN FOSTERS SHOP AND LATER HOURS WERE KEPT THAN USUAL SOME PERPLEXITY OR OTHER WAS OCCUPYING JOHN AND JEREMIAH FOSTER
5339-14133-0021	5.880	74	623	IS HE HERE AGAIN SAID PHILIP I DIDN'T SEE HIM WHAT BRINGS HIM HERE
5339-14133-0022	2.815	36	312	I WISH I'D SEEN HIM SAID COULSON
5339-14133-0033	7.340	92	779	THE TONES THE LOOKS THAT HAD ACCOMPANIED THOSE WORDS BUT ALL SHE SAID WAS I DIDN'T THINK TO SEE YO
5339-14133-0036	7.255	91	770	AND SO DID HE AND WHEN THEY ROSE UP HE HAD FAST HOLD OF HER HAND AND HER FACE WAS TURNED AWAY HALF READY TO CRY
5339-14133-0038	6.560	82	703	AND I'VE BEEN NEAR NEITHER KITH NOR KIN AS YET AND NOW I'M HERE YOU WON'T SPEAK TO ME I DON'T KNOW WHAT TO SAY
5339-14133-0040	4.895	62	533	HE HAD NOT TAKEN TWO STEPS WHEN SHE TURNED QUICKLY TOWARDS HIM AND SAID SOMETHING
5339-14133-0042	9.350	117	999	HE HAD INTENDED IF NECESSARY TO ACKNOWLEDGE HIS WISHES AND DESIRES WITH REGARD TO SYLVIA TO HER PARENTS BUT FOR VARIOUS REASONS HE WAS NOT SORRY THAT CIRCUMSTANCES
5339-14133-0044	3.315	42	368	AND YO'R PARENTS MAY LOOK FOR SOMETHING BETTER FOR YO MY PRETTY
5339-14133-0047	3.815	48	415	AND THERE'S YON TALL FELLOW OF A COUSIN AS LOOKS BLACK AT ME
5339-14133-0048	6.615	83	707	HE'S A NOTION OF BEING SWEET ON YO HISSELF NOT HE SAID SYLVIA WITH SOME CONTEMPT IN HER TONE
5339-14133-0052	9.030	113	959	HE WOUND UP WITH A CHUCKLE AS THE THOUGHT STRUCK HIM THAT THIS GREAT PIECE OF BUSINESS OF DISPOSING OF THEIR ONLY CHILD HAD BEEN CONCLUDED WHILE HIS WIFE WAS AWAY
5339-14133-0053	4.380	55	471	MISCHIEF ONLY KNOWS BUT SHE'S NOAN KEEN ON MATTERIMONY
5339-14133-0054	4.105	52	448	WE'N BEST KEEP THIS MATTER TO OURSELVES TILL THOU COMES INT PORT AGAIN
5339-14133-0056	5.695	72	617	FOR A TIME THERE WAS NO ANSWER THEN A DOOR WAS UNBOLTED AND SYLVIA SAID I CAN'T COME DOWN AGAIN
5339-14134-0004	5.675	71	604	AND WERE PERHAPS AS FULL OF CONSIDERATION AS TO THE POSSIBLE CONTENTS OF THIS LONDON LETTER
5339-14134-0009	9.370	118	997	BUT THE NAME WAS TOTALLY UNKNOWN TO THEM THOUGH THERE SEEMED NO REASON TO DOUBT THE REALITY OF EITHER IT OR THE ADDRESS THE LATTER OF WHICH WAS GIVEN IN FULL
5339-14134-0022	3.925	50	433	SEVERAL TIMES THAT DAY AS HE PERCEIVED COULSON'S JEALOUS SULLENNESS
5339-14134-0023	5.880	74	630	AS THEY ALL SAT AT TEA IN ALICE ROSE'S HOUSE PLACE PHILIP ANNOUNCED HIS INTENDED JOURNEY
5339-14134-0024	4.750	60	506	TO LUNNON EXCLAIMED ALICE HESTER SAID NOTHING
5339-14134-0026	4.555	57	491	NIVER FRET THYSELF MOTHER ABOUT T SHIRT SAID PHILIP IF I NEED A SHIRT
5339-14134-0027	9.040	113	971	BUT IF THAT'S THE FRAME O MIND THOU'RT IN LUNNON IS LIKE FOR TO BE A SORE PLACE O TEMPTATION THERE'S PITFALLS FOR MEN AND TRAPS FOR MONEY AT IVERY TURN AS I'VE HEERD SAY
5339-14134-0028	2.395	30	260	SAID COULSON HE'S SENT FOR
5339-14134-0032	4.615	58	501	SHE WAS PLAYING WITH HER TEASPOON BUT HE COULD SEE THAT SHE WAS CHOKING DOWN HER TEARS
5339-14134-0035	2.425	31	271	SHE HASTILY GOT UP AND LEFT THE ROOM
5339-14134-0036	2.830	36	316	AND YET HE WAS REPROACHED FOR THE COURSE IT WAS TAKING
5339-14134-0044	9.240	116	980	NO I SHAN'T HE REPLIED SHORTLY LIKING HAS NOUGHT TO DO WITH IT AH YO KNEW NOUGHT ABOUT IT LAST NEET CONTINUED DANIEL MUSINGLY
5339-14134-0045	4.610	58	490	BEFORE GOING TO SEA SAID PHILIP HALF SMILING NA
5339-14134-0048	7.860	99	842	SO THEY PARTED BUT PHILIP HAD NOT GONE MANY STEPS BEFORE HIS UNCLE CALLED HIM BACK KINRAID SLOWLY LOITERING ON MEANWHILE
5339-14134-0050	4.475	56	477	CAN GIVE ALL REQUISITE INFORMATION AY AY SAID ROBSON
5339-14134-0051	3.065	39	344	I'LL RECKON TO HEAR FRO THEE IN A WEEK OR MAYHAP LESS
5339-14134-0057	3.925	50	426	BUT SHE TURNED IT OFF WITH ASSUMED LIGHTNESS OH YES
5339-14134-0060	7.380	93	792	SHE WOULD HAVE REPROACHED HIM IF ONLY IN JEST FOR HIS CARELESSNESS AS IT WAS SHE SCARCELY TOOK IN THE SENSE OF HIS WORDS
5339-14134-0062	9.295	117	991	ALMOST AS IF BESEECHING HER TO SHOW OR EXPRESS SOME SORROW AT A JOURNEY THE VERY DESTINATION OF WHICH SHOWED THAT HE WOULD BE ABSENT FOR SOME TIME TO LUNNON
5339-14134-0064	5.835	73	623	SUDDENLY A LIGHT SHONE DOWN INTO PHILIP'S MIND HIS VOICE WAS CHANGED AS HE SPOKE NEXT
5339-14134-0067	5.145	65	560	IT WERE WILLIE COULSON AS TELLED ME AS SOLEMN AND SERIOUS AS ONE MAN CAN SPEAK TO ANOTHER
5339-14134-0068	3.125	40	344	SAID SYLVIA SHIVERING ALL OVER WITH PASSION
5339-14134-0070	9.470	119	1009	AND TO WARN YO IF NEED WERE MY MOTHER NIVER BADE YO TO COME SPYING AFTER ME AND BLAMING ME FOR SEEING A LAD AS MY FEYTHER THINKS WELL ON
5339-14134-0071	2.790	35	297	SYLVIE SYLVIE
5339-14134-0078	2.225	28	244	AND TOUCHED HER PRIDE MAYBE TOO
5390-24512-0004	5.085	64	538	SHOWED THEM THE RIGHT ATTITUDE IN WHICH TO REGARD THE ROMAN RULE
5390-24512-0005	6.825	86	728	THE ROMAN GOVERNMENT HAD NO QUARREL WITH HIM THINE OWN NATION HATH DELIVERED THEE UNTO ME
5390-24512-0006	7.395	93	785	HAD NOT THE JEWS PREVENTED IT IF THOU LET THIS MAN GO THOU ART NOT CAESAR'S FRIEND THEY CRIED
5390-24512-0007	6.595	83	704	TO CRUCIFY JESUS OF NAZARETH AND TO FREE BARABBAS BUT IN CHOOSING THE REBEL BARABBAS
5390-24512-0010	9.115	114	966	YET THE KEENER THE SUFFERING THE MORE DESPERATE THE JEWS BECAME THEIR WHOLE SOULS WERE POSSESSED WITH A WILD AND MAD PASSION FOR REVENGE
5390-24512-0011	7.640	96	802	THEN IF ANY MAN SHALL SAY UNTO YOU LO HERE IS CHRIST OR THERE BELIEVE IT NOT MATTHEW
5390-24512-0041	3.730	47	402	IS THE MIDDLE LETTER OF ALL THE FIVE BOOKS OF MOSES
5390-24512-0042	2.290	29	252	IS THE MIDDLE OF ALL THE WORDS
5390-30096-0007	6.330	80	677	I JUST HAVE TO FORM A JUDGMENT AN TAKE ME CHANCES AND WHIN A POOR DEVIL GOES WRONG
5390-30096-0009	5.710	72	605	QUERIED THE MAJOR YOU MANE ALL MY THROUBLE WELL AND YOUR MONEY
5390-30096-0017	8.975	113	952	PATRICIA WAS THE APPLE OF UNCLE JOHN'S EYE AND THE ONE GODDESS ENSHRINED IN HER DOTING FATHER'S HEART GLANCING AT HER
5390-30096-0024	9.405	118	992	IF YOU WOULD LET HIM HAVE THREE THOUSAND MORE SO YOU TOOK THE FARM AND GAVE HIM THE MONEY I DID SIR PERHAPS I AM TO BLAME
5390-30096-0029	6.995	88	745	FOR A TIME HE ATE WITH GREAT DELIBERATION AND REVOLVED AN INTERESTING THOUGHT IN HIS MIND YEARS AGO
5390-30096-0033	3.045	39	338	IT'S GONE TO RUIN AND DECAY THE LAST FEW YEARS
5390-30102-0026	5.530	70	600	DAN GROANED AND AMBLED SLOWLY AROUND TO WHERE UNCLE JOHN STOOD AWAITING HIS NIECE
5393-19218-0006	8.250	104	893	AND RAINING DOWN ON THE POST CHAISE OF THE BRIDAL PAIR A HAIL STORM OF SLIPPERS TRODDEN DOWN AT HEEL AND OF WORN OUT SHOES IN MEMORY OF CHURCHILL
5393-19218-0011	5.220	66	560	NOW WE NOTE THIS DETAIL FOR THE PURE SATISFACTION OF BEING EXACT IT CHANCED
5393-19218-0012	6.150	77	655	AS THE MARRIAGE WAS TAKING PLACE UNDER THE REGIME OF COMMUNITY OF PROPERTY THE PAPERS HAD BEEN SIMPLE
5393-19218-0013	4.980	63	538	AN ACCIDENT HAPPENED TO JEAN VALJEAN HE CRUSHED THE THUMB OF HIS RIGHT HAND
5393-19218-0016	2.670	34	297	TO THE CHURCH OF SAINT PAUL AT THAT EPOCH
5393-19218-0017	3.365	43	369	WAS IN PROCESS OF REPAVING IT WAS BARRED OFF
5393-19218-0018	7.940	100	844	AND JEAN VALJEAN MARIUS STILL SEPARATED FROM HIS BETROTHED ACCORDING TO USAGE DID NOT COME UNTIL THE SECOND
5393-19218-0022	5.360	67	569	THOSE TWO BROOKS OF CARRIAGES FLOWING THE ONE DOWN STREAM THE OTHER UP STREAM
5393-19218-0023	8.305	104	884	EMBLAZONED WITH COATS OF ARMS HELD THE MIDDLE OF THE WAY GOING AND COMING FREELY CERTAIN JOYOUS AND MAGNIFICENT TRAINS NOTABLY
5393-19218-0029	4.955	62	532	TOW WIGS PINK TIGHTS DANDIFIED HATS SPECTACLES OF A GRIMACER
5393-19218-0050	6.455	81	684	DO YOU SEE THAT OLD COVE WHAT OLD COVE YONDER IN THE FIRST WEDDING CART ON OUR SIDE
5393-19218-0051	7.440	93	778	YES WELL I'M SURE THAT I KNOW HIM AH I'M WILLING THAT THEY SHOULD CUT MY THROAT
5393-19218-0053	8.065	101	856	NEVER MIND THAT OLD COVE WHO HAS SOMETHING THE MATTER WITH HIS PAW I KNOW AND THAT I'M POSITIVE AND WHAT GOOD DOES IT DO TO KNOW HIM
5393-19218-0060	5.630	71	603	OR ELSEWHERE IT'S FREE WEDDING PARTIES ARE AT LIBERTY THAT'S NOT THE POINT AT ALL
5393-19219-0003	2.475	31	270	COULD NOT GIVE HIS HAND TO THE BRIDE
5393-19219-0006	5.285	67	569	AFTER HAVING PRONOUNCED BEFORE THE MAYOR AND BEFORE THE PRIEST ALL POSSIBLE YESSES
5393-19219-0008	2.010	26	228	MARIUS BESIDE COSETTE
5393-19219-0018	2.915	37	320	AND INSPIRED THE PASSERS BY WITH CHEERFULNESS
5393-19219-0019	8.810	111	939	IN FRONT OF SAINT PAUL TO GAZE THROUGH THE WINDOWS OF THE CARRIAGE AT THE ORANGE FLOWERS QUIVERING ON COSETTE'S HEAD THEN THEY RETURNED HOME
5393-19219-0021	2.415	31	267	BLUSHED TO HER VERY HAIR
5393-19219-0022	4.270	54	463	THEY PRESSED ABOUT COSETTE EACH ONE VIED WITH THE REST IN SALUTING HER
5393-19219-0030	8.980	113	964	M FAUCHELEVENT TOLD ME TO SAY TO YOU SIR THAT HE WAS SUFFERING HIS INJURED HAND WAS PAINING HIM SOMEWHAT AND THAT HE COULD NOT DINE WITH MONSIEUR LE BARON
5393-19219-0033	5.815	73	624	WHAT IS AN OBSCURE CORNER IN SUCH A SUBMERSION OF JOY COSETTE AND MARIUS WERE PASSING THROUGH
5393-19219-0034	9.250	116	978	FROM THE MOMENT WHEN MARIUS TOOK HIS PLACE AND WAS THE SUBSTITUTE COSETTE WOULD NOT HAVE REGRETTED GOD HIMSELF SHE SET HER SWEET LITTLE FOOT
5393-19219-0038	5.045	64	539	CHARM EACH OTHER TOO MUCH CAN ONE BE TOO MUCH ALIVE TOO HAPPY
5393-19219-0045	7.300	92	780	BECAUSE IT IS A GEWGAW AH YOU ARE THE NINETEENTH CENTURY WELL WHAT THEN AND WE HAVE BEEN AS FOOLISH AS YOU
5393-19219-0047	7.755	97	820	AND ARRANGE YOURSELVES A NEST FOR LIFE PARDI TO LOVE TO BE LOVED WHAT A FINE MIRACLE WHEN ONE IS YOUNG
5393-19219-0053	3.510	44	381	I WOULD LIKE GREATLY TO GET MARRIED IF ANY ONE WOULD HAVE ME
5393-19219-0055	2.620	33	288	AND TO TAKE AWAY FROM US AND PUT BACK IN HIS BOX
5393-19219-0057	5.375	68	584	THERE WAS A TUMULT THEN SILENCE THE MARRIED PAIR DISAPPEARED A LITTLE AFTER MIDNIGHT
5456-24741-0000	4.375	55	472	THE IDEA OF EVERY MODE IN WHICH THE HUMAN BODY IS AFFECTED BY EXTERNAL BODIES
5456-24741-0001	4.205	53	450	PROOF ALL THE MODES IN WHICH ANY GIVEN BODY IS AFFECTED
5456-24741-0002	3.150	40	341	WHEREFORE THEIR IDEA ALSO NECESSARILY
5456-24741-0003	8.795	110	932	THEREFORE THE IDEA OF EVERY MODE IN WHICH THE HUMAN BODY IS AFFECTED BY EXTERNAL BODIES INVOLVES THE NATURE OF THE HUMAN BODY AND OF THE EXTERNAL BODY
5456-24741-0004	7.000	88	754	HENCE IT FOLLOWS FIRST THAT THE HUMAN MIND PERCEIVES THE NATURE OF A VARIETY OF BODIES TOGETHER WITH THE NATURE OF ITS OWN
5456-24741-0005	3.140	40	346	IT WILL HAVE THE IDEA OF THE MODE AS ACTUALLY EXISTING
5456-24741-0006	8.165	103	870	IN OTHER WORDS IT WILL HAVE THE IDEA WHICH DOES NOT EXCLUDE BUT POSTULATES THE EXISTENCE OR PRESENCE OF THE NATURE OF THE EXTERNAL BODY
5456-24741-0007	3.060	39	337	WILL REGARD THE EXTERNAL BODY AS ACTUALLY EXISTING
5456-24741-0009	9.495	119	1011	BY WHICH THE HUMAN BODY HAS ONCE BEEN AFFECTED BE NO LONGER IN EXISTENCE THE MIND WILL NEVERTHELESS REGARD THEM AS PRESENT AS OFTEN AS THIS ACTION OF THE BODY IS REPEATED
5456-24741-0010	3.250	41	349	NOTE WE THUS SEE HOW IT COMES ABOUT
5456-24741-0015	4.005	51	436	IDEAS OF THE MODIFICATIONS OF THE HUMAN BODY ARE STRICTLY SPEAKING
5456-24741-0016	5.590	70	596	THOSE WHICH INVOLVE THE NATURE BOTH OF THE HUMAN BODY AND OF EXTERNAL BODIES I SAY SECONDLY
5456-24741-0017	3.625	46	395	IN ORDER TO DISTINGUISH IT FROM THAT ASSOCIATION OF IDEAS
5456-24741-0018	3.460	44	378	WHEREBY THE MIND PERCEIVES THINGS THROUGH THEIR PRIMARY CAUSES
5456-24741-0020	7.910	99	845	A ROMAN WOULD STRAIGHTWAY ARRIVE AT THE THOUGHT OF THE FRUIT APPLE WHICH HAS NO SIMILITUDE WITH THE ARTICULATE SOUND IN QUESTION NOR ANYTHING IN COMMON WITH IT
5456-24741-0021	4.860	61	525	THAT IS THAT THE MAN HAS OFTEN HEARD THE WORD POMUM WHILE HE WAS LOOKING AT THE FRUIT
5456-24741-0022	2.780	35	304	OR THE HUMAN MIND PERCEIVES THOSE MODIFICATIONS
5456-24741-0023	6.825	86	729	THE HUMAN BODY ITSELF AND AS ACTUALLY EXISTING THEREFORE THE MIND PERCEIVES THUS FAR ONLY THE HUMAN BODY
5456-24741-0024	8.100	102	863	FOLLOWING IN GOD IN THE SAME MANNER AND BEING REFERRED TO GOD IN THE SAME MANNER AS THE IDEA OR KNOWLEDGE OF THE HUMAN BODY PROOF
5456-58161-0002	8.410	106	896	SO HAVE WE READ IN CLASSIC OVID HOW HERO WATCHED FOR HER BELOVED IMPASSIONED YOUTH LEANDER SHE WAS THE FAIREST OF THE FAIR
5456-58161-0004	6.065	76	650	AND HITHERTO IN THIS LAND OF THE WEST MOST COUPLES IN LOVE HAVE THOUGHT IT BEST TO FOLLOW THE ANCIENT WAY OF THE REST
5456-58161-0008	9.090	114	964	FULL OF GASCONADE AND BRAVADO BUT A REGULAR RICH DON RATAPLAN SANTA CLAUS DE LA MUSCOVADO SENOR GRANDISSIMO BASTINADO
5456-58161-0013	4.085	52	452	BUT SLOWLY OUR PRINCESS YIELDED A DIAMOND NECKLACE CAUGHT HER EYE
5456-58161-0015	8.995	113	951	AN INFANT KOHINOOR DID THE THING AND SIGHING WITH LOVE OR SOMETHING THE SAME WHAT'S IN A NAME THE PRINCESS MAY CONSENTED
5456-58161-0018	4.210	53	457	WE COMMONERS STOOD BY THE STREET FACADE AND CAUGHT A GLIMPSE OF THE CAVALCADE
5456-58161-0019	4.610	58	497	SIX LUSTROUS MAIDENS IN TARLETAN SHE LED THE VAN OF THE CARAVAN
5456-62014-0002	6.520	82	705	YOU CHILLEN IS WUSSER DAN NIGHT OWLS SAID THE OLD WOMAN EF YOU KEEPS ON WID DIS SETTIN' UP ALL NIGHT BIZNESS
5456-62014-0003	5.425	68	584	AN DAT MINES ME A OWL WHAR TURNT HISSE'F INTER A MAN AN EF A OWL KIN DO DAT
5456-62014-0004	7.505	94	803	DEY ALL MADE DER BRE'KFUS OFFEN ROAS'IN' YEARS ER DE NEW CAWN AN DEN DE DARNSE BEGUN AN LASTED FO DAYS AN FO NIGHTS
5456-62014-0005	2.260	29	256	DAT SHUK AN RATTLED WID EV'Y STEP
5456-62014-0006	8.765	110	943	WUZ ON HER WAY HOME ON DE FO'TH NIGHT AN SHE WUZ POW'FUL TIRED KASE DEM RATTLES IS MONST'OUS HAIVY AN SHE BIN KEEPIN HIT UP FO NIGHTS HAN RUNNIN
5456-62014-0007	4.185	53	463	DAR AIN GWINE BE NO TROUBLE BOUT DAT KASE I KIN DO TALKIN NUFF FER TWO
5456-62014-0009	3.710	47	406	AN DE FIRE DIED DOWN AN DE WIND BLEWED MO'NFUL OUTSIDE
5456-62014-0010	4.840	61	528	AN I SPEC HE DONE COME F'UM DAT WO'M KYOUNTRY WHAR WE YEAR TELL BOUT WAY OFF YONNER
5456-62014-0011	7.080	89	763	I RECKON HE GIT SO TIRED HUNTIN ALL DAY NO WUNNER HE HATTER BLINK HIS EYES TER KEEP EM OPEN BUT HER MAMMY WAN'T SASSIFIED
5456-62014-0013	8.775	110	934	DE FIRE BLAZE AN SPIT AN SPUTTER JES LAK DIS DO AN DE OOMAN SHE FOTCHED A YELL AN CRIED OUT SHE DID LAN ER DE MUSSIFUL
5456-62014-0014	5.725	72	633	AN DE WIMMINS DEY LET OUT A TURR'BLE SCREECH KASE DEY SEED TWA'N'T NUTTIN BUT A BIG OWL SETTIN DAR BLINKIN
5456-62014-0016	4.245	54	466	DE WIND HOWL MO'NFUL ALL NIGHT LONG AN SEEM TER DE GAL AN HER MAMMY
5456-62014-0018	1.950	25	217	HE TECK DAT TIME TOO
5456-62043-0011	7.165	90	762	WOOD'S RIZ SINCE YOU WENT DOWN TWO WEEKS AGO BESIDES YOU ARE AWAR THAT YOU VERY SELDOM STOP GOING DOWN
5456-62043-0013	5.700	72	610	IN ABOUT HALF AN HOUR WE FELT THE CARAVAN COMMENCE PADDLING AGAIN SUPPER WAS OVER
5456-62043-0016	9.320	117	992	THOMPSON I SAY WE'D BETTER TAKE THREE OR FOUR CORDS AT THE NEXT WOODYARD IT CAN'T BE MORE THAN SIX MILES FROM HERE TWO ACES AND A BRAGGER WITH THE AGE
5456-62043-0029	6.710	84	717	THE CAPTAIN'S BRAGGING PROPENSITIES WERE EXERCISED IN CRACKING UP THE SPEED OF HIS BOAT WHICH BY HIS RECKONING
5456-62043-0034	4.570	58	501	I THINK YOU OUGHT TO KNOW THE PRICE BY THIS TIME ANSWERED THE OLD LADY IN THE PETTICOAT
5456-62043-0036	8.335	105	893	OUT CREPT FROM THE COTTAGE THE VERITABLE FADED HAT COPPERAS COLORED PANTS YELLOW COUNTENANCE AND TWO WEEKS BEARD WE HAD SEEN THE NIGHT BEFORE
5456-62043-0038	7.040	88	746	AND TURNED IN TO TAKE SOME REST THE FACT BECAME APPARENT THE READER WILL PROBABLY HAVE DISCOVERED IT SOME TIME SINCE
5463-39173-0002	8.005	101	855	ON THE DAY AFTER HIS RETURN HE RECEIVED PROPER AUTHENTIC TIDINGS OF HIS PRESENTATION TO THE PREBEND HE WAS IN FACT ALREADY PREBENDARY
5463-39173-0003	2.105	27	235	THE INCOME WAS ALREADY HIS OWN
5463-39173-0009	2.965	38	325	NOT MORE THAN I SHALL GET AGAIN SAID MARK
5463-39173-0010	7.340	92	781	I SUPPOSE I SHALL HAVE TO GO INTO RESIDENCE ALMOST IMMEDIATELY SAID MARK RECURRING TO THE MORE AGREEABLE SUBJECT OF THE STALL
5463-39173-0017	2.090	27	235	INDEED JUST AT THIS MOMENT
5463-39173-0031	7.975	100	856	THOUGH THE MATTER WAS ONE ON WHICH IT WAS SO TERRIBLY EXPEDIENT THAT SHE SHOULD TELL THE TRUTH AND YET SHE WAS CHEERFUL WITH HER BROTHER AND SISTER IN LAW
5463-39173-0034	7.150	90	767	WE ARE GOING TO DRIVE OVER TO HOGGLESTOCK THIS MORNING FANNY SAID ONE DAY AT BREAKFAST I SUPPOSE MARK YOU WON'T GO WITH US
5463-39173-0051	4.120	52	447	THEREFORE I SHALL NOT BE SATISFIED IF THEY BECOME MAN AND WIFE HOWEVER
5463-39173-0059	8.545	107	919	LUCY HAD NEVER SEEN MISSUS CRAWLEY THESE VISITS TO HOGGLESTOCK WERE NOT FREQUENT AND HAD GENERALLY BEEN MADE BY LADY LUFTON AND MISSUS ROBARTS TOGETHER
5463-39173-0063	9.175	115	976	THEN OLD DAYS WOULD HAVE COME BACK TO THEM BUT NOW ARABIN ALWAYS RIDES ON A SLEEK FINE HORSE NOW A DAYS HE ONCE SAID TO HIS WIFE WITH A SNEER
5463-39174-0003	8.930	112	951	IT GALLED HIM HOWEVER TO THINK THAT HE AND HIS WERE SO POORLY DRESSED I AM AFRAID YOU CAN HARDLY FIND A CHAIR MISS ROBARTS SAID MISTER CRAWLEY
5463-39174-0016	2.930	37	320	BUT OUR CHILDREN ARE HARDLY USED TO SUCH THINGS
5463-39174-0017	2.380	30	259	OH CERTAINLY BOB MY CHILD
5514-19192-0000	3.940	50	423	CHAPTER TWELVE DISORDER A PARTISAN OF ORDER
5514-19192-0002	5.235	66	565	IT WAS PARTICULARLY ZEALOUS AND INTREPID IN THE DAYS OF JUNE EIGHTEEN THIRTY TWO
5514-19192-0007	5.515	69	593	THE DRUM SUDDENLY BEAT CAPRICIOUS CALLS AT THE COMMAND OF SUCH OR SUCH A COLONEL OF THE NATIONAL GUARD
5514-19192-0013	4.040	51	440	WAS PURSUED IN THE PLACE ROYALE WITH A BAYONET AT HIS LOINS
5514-19192-0025	3.230	41	350	THIS ATTACK WHICH WAS MORE FURIOUS THAN SERIOUS
5514-19192-0026	4.885	62	529	THEY ARE GETTING THEIR OWN MEN KILLED AND THEY ARE USING UP OUR AMMUNITION FOR NOTHING
5514-19192-0039	3.050	39	337	DOWN ON THE SOLDIERS FROM THE ROOFS A BAD SIGN
5514-19192-0040	2.860	36	314	AS HE RECALLED SUCHET'S SAYING AT SARAGOSSA
5514-19192-0042	3.535	45	389	ALL THIS TAKEN TOGETHER DISTURBED THE MILITARY CHIEFS
5514-19192-0043	3.090	39	340	THEY DELAYED THE ATTACK ON THE BARRICADES MAUBUEE
5514-19192-0045	4.925	62	533	THE TROOPS BROKE IN THE DOORS OF HOUSES WHENCE SHOTS HAD BEEN FIRED AT THE SAME TIME
5514-19192-0046	8.100	102	865	THIS REPRESSION WAS NOT EFFECTED WITHOUT SOME COMMOTION AND WITHOUT THAT TUMULTUOUS UPROAR PECULIAR TO COLLISIONS BETWEEN THE ARMY AND THE PEOPLE
5514-19192-0047	5.800	73	627	MOREOVER HE HAD SEEN WOUNDED MEN PASSING THE END OF THE STREET IN LITTERS AND HE SAID TO COURFEYRAC
5514-19192-0050	7.655	96	813	COULD NOW BE CONCENTRATED ON THE THREE OR FOUR BARRICADES WHICH STILL REMAINED STANDING THE SUN WAS MOUNTING ABOVE THE HORIZON
5514-19193-0000	4.630	58	495	CHAPTER FOURTEEN WHEREIN WILL APPEAR THE NAME OF ENJOLRAS MISTRESS
5514-19193-0002	6.880	86	729	YOU PAIN ME YOU ARE WASTING YOUR ROW THAT'S NOT THUNDER IT'S A COUGH AND THE BYSTANDERS LAUGHED
5514-19193-0003	5.520	69	587	WHO MAKE US CRAZY THAT IS TO SAY BRAVE WHEN A MAN IS AS MUCH IN LOVE AS A TIGER
5514-19193-0005	8.655	109	924	HE IS NOT IN LOVE AND YET HE MANAGES TO BE INTREPID IT IS A THING UNHEARD OF THAT A MAN SHOULD BE AS COLD AS ICE AND AS BOLD AS FIRE
5514-19193-0006	5.590	70	596	HAD ANY ONE BEEN NEAR HIM THAT PERSON WOULD HAVE HEARD HIM MUTTER IN A LOW VOICE PATRIA
5514-19193-0010	6.815	86	731	THE FOUR CANNONS ECHOED EACH OTHER MOURNFULLY THE BARKING OF THESE SOMBRE DOGS OF WAR REPLIED TO EACH OTHER
5561-39621-0000	2.710	34	288	CHAPTER SEVEN PARRY
5561-39621-0001	2.380	30	264	AND LENDING AN EAR TO THE VARIOUS NOISES
5561-39621-0002	2.470	31	271	THE STRANGER DID NOT PAY THEM THE LEAST ATTENTION
5561-39621-0006	2.655	34	301	AFTER HAVING TAKEN FROM IT THE AMOUNT OF HIS RECKONING
5561-39621-0007	2.165	28	243	DINNER HAS ALREADY BEEN REFUSED
5561-39621-0008	6.890	87	745	THE UNKNOWN ASKED FOR A GLASS OF WINE BROKE OFF A MORSEL OF BREAD AND DID NOT STIR FROM THE WINDOW WHILST HE ATE AND DRANK
5561-39621-0010	3.105	39	342	WITH CROPOLE WERE MINGLED AND JOSTLED ON THE STAIRCASE
5561-39621-0011	5.110	64	553	THE CORTEGE ADVANCED SLOWLY LIGHTED BY A THOUSAND FLAMBEAUX IN THE STREETS AND FROM THE WINDOWS
5561-39621-0012	2.505	32	280	DRAWN LIKE A CARRIAGE BY FOUR BLACK HORSES
5561-39621-0013	7.350	92	790	HER GENTLEMEN ON HORSEBACK AT BOTH SIDES THE KING THEN APPEARED MOUNTED UPON A SPLENDID HORSE OF SAXON BREED WITH A FLOWING MANE
5561-39621-0015	7.850	99	844	AND TWENTY OTHER COURTIERS FOLLOWED BY THEIR PEOPLE AND THEIR BAGGAGE CLOSED THIS VERITABLY TRIUMPHANT MARCH THE POMP WAS OF A MILITARY CHARACTER
5561-39621-0016	4.025	51	444	WORE TRAVELING DRESSES BUT ALL THE REST WERE CLOTHED IN WARLIKE PANOPLY
5561-39621-0020	6.655	84	717	HOW GOOD LOOKING THE KING IS HOW STRONGLY HE RESEMBLES HIS ILLUSTRIOUS FATHER A HANDSOME LIKENESS SAID PITTRINO
5561-39621-0022	3.640	46	398	MAKE WAY MONSIEUR L'HOTELIER TO THE ENTRANCE OF YOUR HOUSE
5561-39621-0026	8.995	113	958	CAN YOU DOUBT MY ENERGY I HAVE MEDITATED THIS JOURNEY TEN YEARS IN SPITE OF ALL COUNSELS AND ALL OBSTACLES HAVE YOU FAITH IN MY PERSEVERANCE
5561-39621-0028	8.375	105	891	BUT IN THE NAME OF HEAVEN DO NOT TREMBLE SO IT IS IMPATIENCE PARRY COME WHAT DID THE GENERAL SAY TO YOU AT FIRST THE GENERAL WOULD NOT RECEIVE ME
5561-39621-0030	8.790	110	937	THEN THE GENERAL SENT ME BACK THE LETTER BY AN AIDE DE CAMP INFORMING ME THAT IF I WERE FOUND THE NEXT DAY WITHIN THE CIRCUMSCRIPTION OF HIS COMMAND HE WOULD HAVE ME ARRESTED
5561-39621-0031	9.410	118	991	WHAT ARREST YOU MY MOST FAITHFUL SERVANT YES MY LORD AND NOTWITHSTANDING YOU HAD SIGNED THE NAME PARRY TO ALL MY LETTERS MY LORD
5561-39621-0035	4.950	62	533	THE OLD MAN ENDEAVORED TO CHANGE THE CONVERSATION IT WAS LEADING TO THOUGHTS MUCH TOO SINISTER
5561-39621-0036	6.885	87	741	WHAT IS THE MEANING OF ALL THE NOISE WHICH PRECEDED ME WHAT ARE THESE PEOPLE CRYING VIVE LE ROI FOR WHAT KING DO THEY MEAN
5561-39621-0037	2.425	31	273	AH PARRY REPLIED THE YOUNG MAN IRONICALLY
5561-39621-0039	4.985	63	537	AND CONDUCTS HIM TO A RICH BRIDE THEN ALL THESE PEOPLE REJOICE THEY LOVE THEIR KING
5561-39621-0041	6.055	76	645	PARRY ARE THERE NOT EXAMPLES IN WHICH A MAN OF MY CONDITION SHOULD HIMSELF MY LORD IN THE NAME OF HEAVEN
5561-39621-0042	7.775	98	838	NO NO I HAVE TWO ARMS PARRY AND I HAVE A SWORD AND HE STRUCK HIS ARM VIOLENTLY WITH HIS HAND AND TOOK DOWN HIS SWORD WHICH HUNG AGAINST THE WALL
5561-39621-0044	7.505	94	807	AND WITH THESE WORDS WHICH HE FINISHED SHARPLY WITH A NERVOUS AND TERRIBLE LAUGH THE YOUNG MAN GIRDED ON HIS SWORD TOOK HIS HAT FROM THE TRUNK
5561-41615-0000	3.575	45	382	CHAPTER FIFTEEN A WOULD BE LARK
5561-41615-0005	3.750	47	406	HERE COMES MABEL SAID JESSICA MAYBE SHE HAS SEEN THE PAPER
5561-41615-0006	7.950	100	847	MABEL NODDED WHAT WAS WRITTEN ON IT MABEL ASKED GRACE CURIOUSLY MABEL LOOKED DISTRESSED FOR A MOMENT THEN SHE SAID
5561-41615-0008	7.910	99	834	AND DID YOU SIGN IT ASKED JESSICA I CERTAINLY DID NOT RESPONDED MABEL IT WAS SHE STOPPED THEN FLUSHED
5561-41615-0009	2.615	33	290	I CAN'T BEAR TO HAVE SECRETS AND NOT TELL YOU
5561-41615-0017	4.305	54	462	SUCH A DECISION IS WORSE THAN DISOBEDIENCE IT IS LAWLESSNESS
5561-41615-0020	8.945	112	951	GRACE INWARDLY CONGRATULATED HERSELF ON HAVING KEPT CLEAR OF THE WHOLE THING NONE OF HER FRIENDS WERE IMPLICATED EITHER EVEN MABEL HAD REFUSED TO SIGN
5561-41615-0021	8.080	101	858	WHAT I INSIST UPON KNOWING NOW IS WHO ARE THE REAL CULPRITS BEGINNING WITH THE GIRL WHO ORIGINATED THE PAPER TO THE LAST ONE WHO SIGNED IT
5561-41615-0024	4.745	60	517	I WROTE IT MISS THOMPSON SHE SAID CLEARLY I WROTE IT BECAUSE I WISHED TO
5561-41615-0027	6.150	77	650	THE LATTER FLUSHED THEN TURNED PERFECTLY WHITE WITH RAGE STILL STANDING SHE REACHED DOWN
5561-41615-0039	8.360	105	892	IT WAS PASSED TO ME BY MISTAKE VERY LIKELY AGREED GRACE I WONDER WHO DID TELL MISS THOMPSON I SAW SEVERAL GIRLS WITH THE PAPER
5561-41615-0040	7.825	98	845	THERE WILL BE WEEPING AND WAILING IN THE SKULL AND CROSSBONES CROWD EXCLAIMED NORA THEY ARE ALL IN THIS MIX UP AND IF THEY AREN'T SUSPENDED THEY'LL BE LUCKY
5561-41615-0044	5.155	65	561	AND THE TERROR OF SUSPENSION AROSE IN MORE THAN ONE MIND AS THEY LISTENED TO HER SCATHING REMARKS
5561-41615-0046	3.800	48	418	WHEN THE LAST GIRL HAD DISAPPEARED THE PRINCIPAL TURNED TO ELEANOR
5561-41615-0048	4.425	56	484	YOU MAY APOLOGIZE TO ME NOW AND TO MORROW TO THE GIRLS YOU HAVE ACCUSED OF TREACHERY
5561-41616-0005	6.110	77	654	TWAS MANY AND MANY A YEAR AGO IN AN AGE BEYOND RECALL THAT NORA THE FRESHMAN LOWLY SAT
5561-41616-0008	8.210	103	883	GRACE HUMMED A FEW BARS THE VERY THING SHE EXCLAIMED NOW ANNE GET BUSY AT ONCE YOU'D BETTER SING THE TUNE TO YOURSELF ALL THE TIME YOU'RE WRITING IT
5561-41616-0009	8.785	110	936	I HAVE BEEN PRACTISING A MOST ENCOURAGING HOWL HIPPY DAVID AND REDDY HAVE A NEW ONE TOO REDDY SAYS IT'S MARVELOUSLY EXTRAORDINARY AND APPALLINGLY GREAT
5561-41616-0011	8.235	103	883	I FEEL SURE THAT SHE DIDN'T AND I AM JUST AS SURE THAT SHE WON'T GET BACK UNTIL SHE DOES WE SHALL MANAGE TO EXIST IF SHE DOESN'T SAID JESSICA DRYLY
5561-41616-0016	6.855	86	737	THE JUNIORS WITH THE EXCEPTION OF ELEANOR SAVELL'S FACTION ARRIVED IN A BODY GAVE THE HIGH SCHOOL YELL THE MOMENT THEY SPIED THEIR TEAM
5561-41616-0018	3.815	48	419	THE JUNIORS FOREVER HURRAH FANS HURRAH OUR TEAM IS A WINNER OUR
5561-41616-0028	6.720	84	725	THEN WE'LL SEE THAT SHE GOES AWAY IN A GLOOMY FRAME OF MIND SAID NORA FOR WE'RE GOING TO WIN AND DON'T YOU FORGET TO REMEMBER IT
5561-41616-0030	9.445	119	1015	AND THE SENSATIONAL PLAYING OF NORA AND MIRIAM WAS A MATTER OF WONDER TO THE SPECTATORS WHO CONCEDED IT TO BE THE FASTEST MOST BRILLIANT HALF EVER PLAYED BY AN OAKDALE TEAM
5561-41616-0035	7.965	100	853	JUST BEFORE THE LAST HALF STARTED MISS THOMPSON AND MISS KANE CAME IN AND WALKED TO THE OTHER END OF THE GALLERY WELL ELEANOR AND HER CROWD SAW THEM
5561-41616-0036	8.425	106	899	HARD TO TELL SAID NORA THEY HISSED MISS THOMPSON VERY SOFTLY YOU MAY BE SURE CONTINUED JESSICA BUT IT WAS HISSING JUST THE SAME
5561-41616-0037	6.840	86	740	THEY WERE SITTING DOWN FRONT ON THE SAME SIDE AS ELEANOR'S CROWD YOU KNOW WHAT A TEMPER RUTH DEANE HAS AND HOW FEROCIOUS SHE CAN LOOK
5561-41616-0038	7.575	95	818	SHE TALKED FOR A MOMENT TO EDNA AND ELEANOR THEY TOSSED THEIR HEADS BUT THEY DIDN'T HISS ANY MORE WHAT DID RUTH SAY TO THEM ASKED GRACE CURIOUSLY
5652-19215-0003	6.820	86	728	MARIUS MY BOY YOU ARE A BARON YOU ARE RICH DON'T GO TO PETTIFOGGING I BEG OF YOU
5652-19215-0005	7.745	97	814	JEAN VALJEAN DID EVERYTHING SMOOTHED AWAY EVERY DIFFICULTY ARRANGED EVERYTHING MADE EVERYTHING EASY
5652-19215-0006	8.810	111	936	AND APPARENTLY WITH AS MUCH JOY AS COSETTE HERSELF AS HE HAD BEEN A MAYOR HE UNDERSTOOD HOW TO SOLVE THAT DELICATE PROBLEM
5652-19215-0010	3.985	50	429	SHE WAS DECLARED AN ORPHAN BOTH FATHER AND MOTHER BEING DEAD
5652-19215-0011	4.420	56	483	THAT HE WAS APPOINTED UNDER THE NAME OF FAUCHELEVENT AS COSETTE'S GUARDIAN
5652-19215-0016	4.735	60	511	A MYSTERIOUS CHILDHOOD IS ALWAYS PREPARED FOR CERTAIN RENUNCIATIONS
5652-19215-0018	5.335	67	568	NOTHING SO AMUSED HIM AS BEING MAGNIFICENT HE HAD GIVEN TO COSETTE
5652-19215-0019	3.805	48	409	DAUPHINES WITHOUT A RIGHT OR WRONG SIDE IN THE PIECE
5652-19215-0021	3.790	48	417	HER WEDDING BASKET SEEMED TO HER TO BE UPHELD BY SERAPHIM
5652-19215-0022	9.295	117	986	WITH WINGS OF MECHLIN LACE THE INTOXICATION OF THE LOVERS WAS ONLY EQUALLED AS WE HAVE ALREADY SAID BY THE ECSTASY OF THE GRANDFATHER
5652-19215-0024	6.520	82	691	THE MEN OF THE REVOLUTION ARE SO GREAT THAT THEY HAVE THE PRESTIGE OF THE AGES LIKE CATO
5652-19215-0027	4.980	63	535	I REMEMBER TO HAVE SEEN IN THE CATHEDRAL OF STRASBURG A CLOCK
5652-19215-0028	7.240	91	767	WHICH HAD THE KINDNESS TO INDICATE THE HOUR BUT WHICH HAD NOT THE AIR OF BEING MADE FOR THAT AND WHICH
5652-19215-0032	2.480	31	268	I PREDICT THAT ALL WAS LOST
5652-19215-0033	4.310	54	456	I GRANT TO THIS AGE THE DEVICE DIRTY CLEANLINESS
5652-19215-0034	7.655	96	806	GIVE ME PERMISSION TO SPEAK I SAY NO EVIL OF THE PEOPLE AS YOU SEE I AM ALWAYS HARPING ON YOUR PEOPLE
5652-19215-0035	8.460	106	885	I BELONG TO IT HE WHO LOVES WELL LASHES WELL THEREUPON I SAY PLAINLY THAT NOW A DAYS
5652-19215-0036	8.225	103	867	AH IT IS TRUE I REGRET THE GRACE OF THE ANCIENT MANNERS I REGRET EVERYTHING ABOUT THEM THEIR ELEGANCE THEIR CHIVALRY
5652-19215-0039	8.215	103	864	ON WHAT DOES THE WAR OF TROY TURN ON HELEN'S GARTER PARBLEU WHY DID THEY FIGHT WHY DID DIOMED
5652-19215-0041	3.800	48	414	HOMER WOULD CONSTRUCT THE ILIAD HE WOULD PUT IN HIS POEM
5652-19215-0044	8.655	109	920	ONLY MODERATELY CONCEALED OH THE LARGE LAUGHING MOUTHS AND HOW GAY WE WERE IN THOSE DAYS YOUTH WAS A BOUQUET
5652-19215-0045	8.660	109	918	OR A TUFT OF ROSES WHETHER HE WAS A SHEPHERD OR A WARRIOR AND IF BY CHANCE ONE WAS A CAPTAIN OF DRAGOONS
5652-19215-0050	9.030	113	957	EVERYTHING INCLUDING THE BALLET DANCERS HAS HAD ITS TROUSERS A MOUNTEBANK DANCER MUST BE GRAVE YOUR RIGADOONS ARE DOCTRINARIAN
5652-19215-0054	9.125	115	962	BE ONE OF THE GODS AH PEOPLE MIGHT BE SYLPHS GAMES AND LAUGHTER ARGIRASPIDES THEY ARE STUPIDS
5652-19215-0055	9.170	115	970	THE EMPYREAN WITH THE SWANS AND THE EAGLES EVEN IF YOU DO HAVE TO FALL BACK ON THE MORROW INTO THE BOURGEOISIE OF THE FROGS
5652-19215-0059	2.800	35	303	SOMEWHAT RESENTFUL IN HER INMOST SOUL
5652-39938-0009	8.965	113	960	AND HE WILL NOT FORGET THAT THERE EXIST ALMOST NO SYMPTOMS OF SERIOUS DISEASES WHICH THE NERVOUS SYSTEM OF THE HYSTERIC MAY NOT IMITATE FOR A TIME
5652-39938-0019	8.730	110	935	THE FINEST ADJUSTMENT HAS TO COME IN DURING THE TREATMENT ITSELF AND THE RESPONSE OF THE PATIENT OFTEN HAS TO SUGGEST ENTIRELY NEW LINES OF PROCEDURE
5652-39938-0021	9.050	114	964	SUBTLE ADJUSTMENT TO THE PERSONAL NEEDS AND TO THE INDIVIDUAL CONDITIONS IS NECESSARY IN EVERY CASE WHERE THE PSYCHICAL FACTOR IS TO PLAY AN IMPORTANT ROLE
5652-39938-0023	4.215	53	456	THE FIRST METHOD TO BRING BACK THE PSYCHOPHYSICAL EQUILIBRIUM
5652-39938-0028	7.825	98	832	ESPECIALLY IN THE DIGESTIVE AND SEXUAL SPHERES ARE SOURCES OF IRRITATION WHICH SLOWLY INFLUENCE THE WHOLE PERSONALITY
5652-39938-0030	7.135	90	761	HOWEVER OFTEN HE MAY GET THE IMPRESSION THAT SUCH A LIBERATION WOULD STOP THE SOURCE OF THE MENTAL TROUBLE
5652-39938-0032	8.800	110	928	WE MAY BE GUIDED BY THE PSYCHOLOGICAL EXPERIMENTS WHICH HAVE BEEN MADE IN THE INTEREST OF TESTING THE FATIGUE INDUCED BY MENTAL WORK
5652-39938-0045	8.060	101	858	EARLIER TIMES SURELY MAY HAVE TREATED EVEN THE STRONGER VARIETIES OF THIS KIND AS TROUBLESOME VARIATIONS IN THE SPHERE OF THE NORMAL
5652-39938-0048	6.540	82	700	THERE IS NO NATION ON EARTH WHICH IS MORE PROUD OF ITS RUSH AND ITS HURRY THAN THE AMERICAN PEOPLE AND YET WHAT AN
5652-39938-0051	8.115	102	862	IF I HAVE A TEN POUND WEIGHT IN ONE HAND I MAY FIND THAT I MUST HAVE ONE POUND MORE IN THE OTHER HAND TO DISCRIMINATE THE DIFFERENCE
5652-39938-0054	3.450	44	377	SIMPLY TO WITHDRAW A PATIENT FROM THE ONE KIND OF LIFE
5652-39938-0059	7.365	93	780	THAT THEY ARE INTERRUPTIONS OF THAT WHICH MUST LAST AND THAT THEY ARE NOT THEMSELVES TO BECOME LASTING STATES
5652-39938-0062	9.465	119	997	THE MOST EFFECTIVE AGENCY FOR THIS TASK IS CONTACT WITH BEAUTY BEAUTY IN NATURE AND LIFE BEAUTY IN ART AND LITERATURE AND MUSIC
5652-39938-0066	3.700	47	406	EVERYTHING IS TO BE AVOIDED WHICH INTERFERES WITH THE NIGHT'S SLEEP
5678-43301-0005	8.950	112	950	OVERPOWERED NOW AND AGAIN BY THE CRASH OF BRASS AND THUNDER OF DRUMS AS THE BENEFIT SOCIETIES AND DEMOCRATIC GUILDS EACH HEADED BY A BANNER
5678-43301-0008	2.870	36	309	THE OLD COLUMN WAS GONE WITH ITS LIONS
5678-43302-0032	7.980	100	842	AND ALL THAT KIND OF THING BUT IF NOT WELL IF NOT THERE WILL BE A CATASTROPHE SUCH AS NEVER HAS BEEN EVEN IMAGINED
5678-43303-0004	9.395	118	994	SO ABSORBED IN SMALL EXTERNAL MATTERS SO REMINISCENT NOW AND THEN OF THE DAYS OF HER YOUTH SO UTTERLY WITHOUT RESENTMENT OR PEEVISHNESS
5678-43303-0008	5.430	68	580	HE MADE A LITTLE DEPRECATING MOVEMENT WITH HIS HANDS IT IS NOT CERTAIN THAT SHE WILL DIE IT
5678-43303-0018	8.055	101	862	HE SEEMED MOVED AT SOMETHING AND MABEL LOOKED AT HIM IN ASTONISHMENT IT IS NOT EASTERN NEWS SHE ASKED HIS EYEBROWS WRINKLED A LITTLE
5678-43303-0026	6.010	76	651	BUT MABEL STARING OUT INTO THE DARKENING HEAVENS HAD SEEN THE STARS COME OUT LIKE JEWELS ONE BY ONE
5688-15787-0011	7.405	93	786	THESE AND MY COATS AND OTHER RAGS FOR CARICATURE BUSINESS AND THE FIDDLE COMPRISED OUR PROFESSIONAL STOCK IN TRADE
5688-15787-0015	4.270	54	459	HOME TO DINNER EVERYTHING GOING RIGHT RESTED IN THE AFTERNOON
5688-15787-0020	6.575	83	706	YES SAID HE ALL THAT REMAINS OF ME SINCE I LEFT LONDON WHAT DO YOU THINK OF THE DIGGINGS SAID MISTER POSTMAN
5688-15787-0026	8.190	103	877	THEN MISTER POSTMAN PROPOSED THAT WE SHOULD GO WITH HIM TO JOHNNY ALLSORT'S STORE AND GET SOME BEER WHILE THE DINNER WAS COOKING TO WHICH WE ALL AGREED
5688-15787-0028	3.640	46	400	AND THEN COMES MURDER CREEK WHICH TAKES YOU ON TO TARRANGOWER
5688-15787-0030	4.610	58	500	GOT BACK SAFELY AND ENJOYED OUR DINNER AFTER WHICH WE HAD A LONG YARN ABOUT DIGGING
5688-15787-0035	2.100	27	236	TOO MUCH SAID MISTER POSTMAN
5688-15787-0040	4.925	62	526	AH SAID I I FORGOT THAT WE SHALL HAVE TO PAY THREE POUNDS FOR IT
5688-15787-0042	3.215	41	350	ITS ORIGINAL NAME HOWEVER WAS MOUNT ALEXANDER
5688-41232-0000	8.610	108	905	APPENDIX A THE INFLUENCE OF MENSTRUATION ON THE POSITION OF WOMEN A QUESTION OF HISTORICAL PSYCHOLOGY
5688-41232-0004	6.495	82	698	IT IS NECESSARY TO TAKE A BROAD VIEW NOT ONLY OF THE BELIEFS OF SEMI CIVILIZED MAN REGARDING MENSTRUATION
5688-41232-0005	4.740	60	508	HAVE BEEN CREDITED WITH SOME DESIGN SINISTER OR EROTIC ON WOMEN
5688-41232-0007	8.695	109	925	AND TO GUARD AGAINST THIS RISK THEY WEAR DRAWERS DURING THE PERIOD IN GERMANY AGAIN IT WAS BELIEVED UP TO THE EIGHTEENTH CENTURY AT LEAST
5688-41232-0018	8.710	109	927	AFTER DESCRIBING THE PHENOMENA ESPECIALLY THE PROHIBITION TO TOUCH THE GROUND OR SEE THE SUN FOUND AMONG VARIOUS RACES FRAZER CONCLUDES
5688-41232-0023	5.790	73	622	THE SAME EXPLANATION APPLIES TO THE OBSERVANCE OF THE SAME RULES BY DIVINE KINGS AND PRIESTS
5688-41232-0037	3.525	45	387	ONLY A YOUTH WHO HAS NEVER TOUCHED A WOMAN OR A VIRGIN
5688-41232-0038	3.670	46	396	AFTER HAVING HAD SEXUAL INTERCOURSE MEN AS WELL AS WOMEN
5688-41232-0040	8.485	107	900	OH MENSTRUATING WOMAN THOU'RT A FIEND FROM WHOM ALL NATURE SHOULD BE CLOSELY SCREENED HER POWERS ARE ALSO BENEFICIAL
5688-41232-0041	3.260	41	352	IS IN REGULAR COMMUNICATION WITH THE STARRY BODIES
5688-41232-0049	5.510	69	594	IT IS UNDOUBTEDLY THE FACT THAT MEAT WILL BE TAINTED IF CURED BY WOMEN AT THE CATAMENIAL PERIOD
5688-41232-0051	5.595	70	595	BUT WHY THIS DELAY IF TIME IS PRECIOUS AND IT ENTERS AS AN IMPORTANT FACTOR IN THE CASE
5688-41232-0052	3.105	39	338	FOR BEING SWOLLEN THEN BY THE AFFLUX OF BLOOD
5688-41232-0059	3.320	42	366	STOCKINGS HAD TO BE DRAWN OFF VIOLENTLY BY ANOTHER PERSON
5703-47198-0008	7.390	93	789	IT IS IMPOSSIBLE TO GIVE YOU FURTHER DETAILS IN A LETTER BUT IF YOU WILL GRANT US THE INTERVIEW WE VENTURE TO ASK
5703-47198-0034	8.425	106	898	SHE CAN WRITE OR CABLE TO US WHEN SHE HAS SEEN THE SOLICITORS AND IT IS NO USE PROVIDING FOR CONTINGENCIES THAT WILL PROBABLY NEVER ARISE
5703-47198-0048	7.385	93	788	FOR SHE WAS ASLEEP THREE MINUTES AFTER HER HEAD TOUCHED THE PILLOW NOR DID SHE WAKE TILL HER MAID ROUSED HER THE NEXT MORNING
5703-47198-0052	8.000	100	846	SHE WAS GOING TO HEAR TREMENDOUS NEWS THAT DAY MAKE WONDERFUL DISCOVERIES ABOUT HER BIRTH HEAR UNDREAMT OF THINGS
5703-47198-0059	3.440	43	372	BEFORE SHE STARTED TO KEEP HER APPOINTMENT WITH THE SOLICITORS
5703-47212-0010	5.440	68	583	OR FOLLOWED THE SMOOTH SOARING MOVEMENTS OF THE GULLS THAT SWOOPED AND CIRCLED AROUND HER
5703-47212-0034	6.190	78	660	ON THE PRETEXT OF ENGAGING ROOMS FOR A FRIEND THE LANDLORD WAS SORRY BUT THE HOUSE WAS FULL
5703-47212-0035	4.250	54	469	FOLKS TAK THEIR ROOMS A MONTH IN ADVANCE THEY COME HERE FOR THE FISHIN ON THE LOCH
5703-47212-0036	8.465	106	896	INDEED I CAN WELL BELIEVE THAT GIMBLET ASSURED HIM I SUPPOSE YOU GET A LOT OF TOURISTS PASSING THROUGH THOUGH AMERICANS FOR INSTANCE
5703-47212-0038	9.300	117	993	A POLISH GINTLEMAN HE IS COUNT PRETOVSKY A VARY NICE GINTLEMAN I COULDNA JUST CAE HIM A TOURIST HE'S VARY KEEN ON THE FISHIN
5703-47212-0039	6.255	79	672	A GREAT MANY SPORTING FOREIGNERS COME TO OUR ISLAND NOWADAYS GIMBLET REMARKED DOES HE GET MANY FISH
5703-47212-0046	6.385	80	681	IF YOU WILL BRING ONE OF YOUR MEN AND COME WITH ME YOURSELF SAID GIMBLET AT THE CONCLUSION OF THE INTERVIEW
5750-35690-0000	6.485	82	692	AFTER A LONG AND TEDIOUS DISCOURSE OF THESE SIX NON NATURAL THINGS AND THEIR SEVERAL RECTIFICATIONS
5750-35690-0002	3.595	45	387	BECAUSE THOSE COUNTRIES WHICH USE IT LEAST LIVE LONGEST
5750-35690-0003	7.040	88	741	RELATES OF THE ISLES OF ORCADES THE PEOPLE ARE STILL SOUND OF BODY AND MIND WITHOUT ANY USE OF PHYSIC
5750-35690-0006	2.445	31	268	MOST PART THEY DRINK WATER AND WHEY
5750-35690-0009	3.930	50	430	MANY THAT DID ILL UNDER PHYSICIANS HANDS HAVE HAPPILY ESCAPED
5750-35690-0010	2.795	35	301	LEFT TO GOD AND NATURE AND THEMSELVES
5750-35690-0012	3.215	41	352	THE DEVIL HIMSELF WAS THE FIRST INVENTOR OF IT
5750-35690-0016	8.630	108	908	THEIR PRECEPTS CONFUSED THEIR MEDICINES OBSOLETE AND NOW MOST PART REJECTED THOSE CURES WHICH THEY DID PARACELSUS HOLDS
5750-35690-0018	8.845	111	940	DISAGREEING OF SECTARIES WHICH ARE AS MANY ALMOST AS THERE BE DISEASES ENVY COVETOUSNESS AND THE LIKE THEY DO MUCH HARM AMONGST US
5750-35690-0025	8.980	113	960	WHICH HERODOTUS RELATES OF THE EGYPTIANS STRABO SARDUS AND AUBANUS BOHEMUS OF MANY OTHER NATIONS AND THOSE THAT PRESCRIBED PHYSIC
5750-35690-0026	3.065	39	332	A SECOND THE TEETH A THIRD THE HEAD
5750-35690-0027	3.355	42	361	I ACKNOWLEDGE IT A MOST NOBLE AND DIVINE SCIENCE
5750-35690-0028	8.465	106	899	AND THOSE OTHER GODS WERE CONFINED AND ADORED ALONE IN SOME PECULIAR PLACES AESCULAPIUS AND HIS TEMPLE AND ALTARS EVERYWHERE
5750-35690-0030	4.355	55	472	BUT OF THIS NOBLE SUBJECT HOW MANY PANEGYRICS ARE WORTHILY WRITTEN
5750-35690-0031	6.660	84	713	I HAVE SAID YET ONE THING I WILL ADD THAT THIS KIND OF PHYSIC IS VERY MODERATELY AND ADVISEDLY TO BE USED
5750-100289-0002	9.005	113	956	ALTHOUGH BECAUSE OF THE WONDERFUL ATHLETIC PROWESS OF ITS STUDENTS THEY HAVE MET AND DEFEATED THE ATHLETES OF MANY A WHITE UNIVERSITY ON THE FOOTBALL FIELD
5750-100289-0021	9.340	117	983	FOR A HALF BLOOD NEGRO AND INDIAN MAY PASS FOR AN INDIAN AND SO BE ADMITTED TO FIRST CLASS HOTELS AND EVEN TO HIGH SOCIETY
5750-100289-0037	9.020	113	954	WE ALL KNOW THAT GOVERNORS AND OTHER MEN OF MARK HAVE PROCLAIMED THEMSELVES DESCENDANTS OF POCAHONTAS I HAVE MET SEVERAL IN THE WEST AND SOUTH
5750-100289-0039	6.425	81	688	AS LATE AS EIGHTEEN SEVENTY SIX DOCTOR WASHINGTON MATHEWS A SURGEON IN THE UNITED STATES ARMY
5750-100289-0042	3.995	50	426	IS WELL KNOWN AS AN EVANGELISTIC PREACHER AND SINGER
5750-100289-0044	5.645	71	604	SINCE THAT TIME DOCTOR COOLIDGE HAS DEVOTED HIMSELF TO THE CHRISTIANIZATION OF HIS RACE
5750-100289-0047	2.720	34	294	GRADUATED FROM YALE AND OBERLIN
5750-100289-0062	7.935	100	850	MISTER HILL OF TEXAS IS REPUTED TO BE A MILLIONAIRE HOWARD GANSWORTH A GRADUATE OF CARLISLE AND PRINCETON
5750-100289-0070	7.050	89	753	ABOUT FIFTEEN YEARS AGO THE IDEA OF A NATIONAL ORGANIZATION OF PROGRESSIVE INDIANS WAS DISCUSSED AT SOME LENGTH
5750-100289-0079	5.330	67	569	THE LATTER ARE WHITE FRIENDS OF THE RACE WHO ARE IN SYMPATHY WITH OUR OBJECTS
5778-12761-0024	5.115	64	543	I STARTED AHEAD THIS MORNING WITH A PARTY OF EIGHT CONSISTING WITH MYSELF
5778-12761-0030	8.735	110	926	CARSON AND I CLIMBED ONE OF THE NEAREST MOUNTAINS THE FOREST LAND STILL EXTENDED AHEAD AND THE VALLEY APPEARED AS FAR AS EVER
5778-12761-0032	3.575	45	392	WHEN IT WAS A COLD MOUNTAIN TORRENT FOAMING AMONG THE ROCKS
5778-12761-0049	5.715	72	614	SHORTLY THE ADVANCE PARTY REACHED SUTTER'S FORT WHERE THEY RECEIVED THE MOST HOSPITABLE TREATMENT
5778-54535-0016	6.935	87	739	THAT OLD TIRESOME RHEUMATISM KEPT BOTHERING HIM AND BY AND BY HE HAD A LONG RHEUMATIC FEVER
5778-54535-0032	8.520	107	911	JAMES MC NEILL WHISTLER IS GROWING RUDE AND CROSS THE REAL TRUTH OF THE MATTER WAS THAT JAMES MC NEILL WHISTLER WAS HUNGRY AND WORRIED
5778-54535-0045	7.545	95	803	AND FRANCE GERMANY AND ITALY MADE HIM AN OFFICER OF THE LEGION OF HONOR A COMMANDER AND A CHEVALIER
5789-57158-0002	7.240	91	771	THAT HE WOULD NEVER WILLINGLY GO INTO MARY'S PRESENCE AGAIN WHY SHOULD HE DISTURB HIS MIND ABOUT SUCH A GIRL
5789-57158-0012	9.490	119	999	AND NOW HE WAS TELLING HER WHAT HE THOUGHT I FANCIED THAT YOU WERE HAPPY HERE WITHOUT GOING TO SEE AN OLD WOMAN WHO AFTER ALL
5789-57195-0012	7.845	99	839	THEN THERE CAME A SUDDEN DISRUPTION TO ALL THESE PLANS AND A SUDDEN RENEWAL OF HER HOPES TO MISSUS MASTERS
5789-57195-0028	8.465	106	890	LADY USHANT IS COMING TO BRAGTON I SUPPOSE THAT POOR MAN IS DYING HE IS VERY ILL CERTAINLY
5789-57195-0035	3.605	46	395	IF ANYBODY TELLS YOU THAT IT'S ONLY JUST TO PUT YOU OFF
5789-70653-0013	4.940	62	522	AND WHAT TIME IT WAS SHE HAD ASKED WHAT THE TIME WAS
5789-70653-0019	6.530	82	693	THE QUESTION I AM GOING TO PUT TO YOU MUST IN THESE SAD CIRCUMSTANCES BE A PAINFUL ONE
5789-70653-0025	8.250	104	870	THEN WAS THERE NEVER ANYTHING OF THE NATURE OF WHAT THEY CALL WORDS BETWEEN YOU AND YOUR HUSBAND MA'AM NEVER
5808-48608-0002	2.320	29	250	AND CAROUSE WITH ME THIS NIGHT
5808-48608-0009	9.100	114	961	BUT I WAS ABASHED AT HIS GENEROSITY AND WAS ASHAMED TO LIE WITH HER IN HIS HOUSE SO I SAID EQUIP HER AND SEND HER TO MY PLACE
5808-48608-0026	6.275	79	670	SO THEY PRAYED TO ALMIGHTY ALLAH AND THE CHILD CAME FORTH OF THE WATER TO HER SAFE AND SOUND
5808-48608-0027	6.195	78	658	YES REPLIED SHE WHEREUPON THEY PRAYED TO ALLAH EXTOLLED AND EXALTED BE HE
5808-48608-0051	3.210	41	352	SO I SAID TO HIM ALLAH GIVE THEE HEALTH
5808-48608-0054	6.990	88	745	WHILST SHE FARED ON WITH ME TO THE EASTWARD OF BAGHDAD PRESENTLY AS I WENT ALONG BEHOLD
5808-48608-0055	7.250	91	767	EXPOUND TO ME THY CASE SO I RECOUNTED TO HIM MY CASE AND HE WEPT SORE AND SAID TO ME
5808-48608-0058	7.595	95	802	AND OTHER TEN THOUSAND SAYING SPEND FREELY OF THIS AND AMEND THY CASE THEREWITH AND SET THINE AFFAIRS IN ORDER
5808-48608-0060	8.860	111	938	SO I TOLD HIM THE WHOLE STORY AND HE WEPT AND SAID BY ALLAH HADDEST THOU TOLD ME THE FACT AT FIRST I HAD NOT PRESSED THEE
5808-54425-0014	5.540	70	600	NO ONE HAD EVER LOOKED AT YOU UNTIL I PICKED YOU UP AND YOU VE BEEN STRUTTING AROUND EVER SINCE
5808-54425-0019	5.750	72	611	ALTERNATELY WEEPING ALOUD AND QUIVERING WITH DRUNKEN HICCOUGHING SOBS
5808-54425-0031	4.165	53	450	THEN BRACING HIMSELF UP AGAIN HE BROKE OUT SUDDENLY
5808-54425-0033	4.860	61	516	COME COME WAKE UP HERE THREE MORE JACK WHAT ABOUT YOUR FATHER FATHER
5808-54425-0035	9.205	116	968	YES HE DOES A DRUNKEN MAN TELLS THE TRUTH IN SOME CASES SAID SADNESS OH LET ME ALONE MAN
5808-54425-0036	7.105	89	749	AND IF THIS STORY IS ONE I M A MADE MAN THE DRINK SEEMED TO REVIVE THE YOUNG MAN AGAIN
5808-54425-0038	4.595	58	494	YOU RE DISAPPOINTED ARE N'T YOU I CONFESS I AM DISAPPOINTED
5808-54425-0043	3.225	41	348	THEN HE WENT DIRECTLY TO HER ROOM
5808-54425-0044	4.595	58	491	HIS VOICE WAS STEADIER NOW BUT GRIM WHAT DO YOU WANT
5808-54425-0046	3.360	42	360	HE SAID YES AND I M GOING TO DO IT AGAIN
5808-54425-0049	3.090	39	334	BACK TO THE WALL STILL HIS HANDS TWITCHED
5808-54425-0051	5.160	65	562	THE GOWN HAD FALLEN AWAY FROM HER BREAST AND SHOWED THE CONVULSIVE FLUTTERING OF HER HEART
5808-54425-0055	4.780	60	505	THIS WAS A TERRIBLE TERRIBLE MAN OR A MONSTER
5808-54425-0058	5.135	65	550	FINALLY HE FLUNG HER FROM HIM LIKE A RAG AND SANK INTO A CHAIR
5867-48852-0007	6.220	78	666	STAND UP TO HER BOLDLY MAN THE EARL HAD SAID TO HIM BY GEORGE WHAT IS THERE TO BE AFRAID OF
5867-48852-0008	6.465	81	684	THERE'S NOTHING SETS EM AGAINST A MAN LIKE BEING SHEEPISH HOW THE EARL KNEW SO MUCH
5867-48852-0010	5.820	73	621	WHEN THE MOMENT COMES I KNOW THAT I SHALL TREMBLE BEFORE HER AND I KNOW THAT SHE'LL SEE IT
5867-48852-0017	2.710	34	292	HERE HE ENCOUNTERED HOPKINS
5867-48852-0020	3.785	48	415	OLLAYS SAID IT I HATED HIM OLLAYS I DID INDEED MISTER JOHN
5867-48852-0021	4.240	53	455	HE NEVER LOOKED AT ONE AS THOUGH ONE WERE A CHRISTIAN DID HE MISTER JOHN
5867-48852-0022	4.405	56	483	ONLY SHE POOR YOUNG LADY SHE'LL BE BETTER NOW MISTER JOHN A DEAL BETTER
5867-48852-0026	3.210	41	356	AND WHY SHOULD HE VENTURE TO HOPE THAT SHE WOULD LOVE HIM NOW
5867-48852-0041	4.715	59	508	BUT THE VERY ALLUSION TO ANY SUCH ROBBERY COVERED JOHN EAMES'S FACE WITH A BLUSH
5867-48852-0044	5.470	69	589	AND SHE FELT MOREOVER THAT JOHN WAS ENTITLED TO AN OPPORTUNITY OF PLEADING HIS OWN CAUSE
5867-48852-0054	2.505	32	279	I WAS ALWAYS FOND OF WALKING HE SAID
5867-48852-0061	2.880	36	306	NO JOHN NO SHE ANSWERED
5867-48852-0075	5.150	65	556	AND TELLING OF AN AMOUNT OF SUFFERING GREATER EVEN THAN THAT WHICH SHE HAD ANTICIPATED
5867-48852-0084	7.260	91	765	SAID MISSUS DALE THEY SHOULD NOT HAVE LET HIM COME SAID LILY BUT THEY DON'T UNDERSTAND
5867-48852-0086	7.730	97	829	HE MADE HIS WAY OUT BY THE FRONT DOOR AND THROUGH THE CHURCHYARD AND IN THIS WAY ON TO THE FIELD THROUGH WHICH HE HAD ASKED LILY TO WALK WITH HIM
5867-48852-0087	5.305	67	572	AS HE MADE HIS WAY THROUGH THE TOMBSTONES HE PAUSED AND READ ONE AS THOUGH IT INTERESTED HIM
5867-48852-0099	8.830	111	937	TO SEND A MESSAGE FROM THENCE TO THE MANOR AND THEN TO ESCAPE BACK TO LONDON SO THINKING BUT WITH NO RESOLUTION MADE HE WENT ON THROUGH THE WOODS
5867-48852-0101	9.120	114	963	IT WAS NOT ONLY OF HIS LATE DISAPPOINTMENT THAT HE WAS THINKING BUT OF HIS WHOLE PAST LIFE HE WAS CONSCIOUS OF HIS HOBBLEDEHOYHOOD
5867-48852-0106	6.435	81	679	AND HAD ALREADY SEEN HIS HANDIWORK HAS SHE OFFENDED YOU JOHN SHE SAID
5867-48852-0108	6.225	78	662	WILL BE A CONSOLATION WHEN YOU ARE AS OLD AS I AM IT IS SOMETHING TO HAVE HAD A HEART
5867-48852-0111	8.200	103	865	I SHALL NEVER WIN HER LADY JULIA AS HE SPOKE THESE LAST WORDS THE TEARS WERE RUNNING DOWN HIS CHEEKS
5867-48852-0112	6.730	85	725	IT WAS WELL FOR HIM THAT SHE HAD COME UPON HIM IN HIS SORROW WHEN HE ONCE KNEW THAT SHE HAD SEEN HIS TEARS
6000-55211-0004	2.635	33	288	THOUGH I WANTED YOU TO SEE THE TEA POT TOO
6000-55211-0010	3.580	45	386	NONSENSE UNCLE WILLIAM OF COURSE YOU WON'T TURN BACK
6000-55211-0016	5.525	70	605	MISSUS GREGGORY HAD SEATED HERSELF NOW AND WILLIAM HENSHAW HAD CLEARED HIS THROAT NERVOUSLY
6000-55211-0020	5.115	64	544	THERE WAS ONLY DESPAIRING SORROW ON HER FACE NOW THE MAN ROSE AT ONCE
6000-55211-0029	4.140	52	442	BUT WITH ONLY ONE FOOT TO MAKE IT GO YOU SEE THE OTHER IS
6000-55211-0042	4.500	57	491	BUT ALICE MY DEAR SHE ALMOST SOBBED YOU DIDN'T WAIT TO LET ME TELL YOU
6000-55211-0043	7.035	88	743	HE WILL GIVE US A HUNDRED DOLLARS A HUNDRED DOLLARS ECHOED THE GIRL FAINTLY
6000-86686-0000	7.870	99	840	WELL WELL BUT THE DARKNESS OF MANKIND IS UNTOLLABLE WELL SIR YOU MUST KNOW AS YOU DIDN'T HEAR IT AFORE THAT THERE WAS A KING
6000-86686-0002	6.050	76	650	AND THINKING OF DROWNING HIMSELF THAT COULD GET NO DIVERSION IN LIFE WHEN ALL OF A SUDDEN TURNING ROUND THE CORNER
6000-86686-0004	8.850	111	937	YOU SEE IT WAS SAINT KAVIN SURE ENOUGH THE SAINT HIMSELF IN DISGUISE AND NOBODY ELSE OH NEVER MIND SAYS HE I KNOW MORE THAN THAT
6000-86686-0006	2.355	30	262	AND HOW IS IT YOU MAKE YOUR MONEY SO AISY
6000-86686-0007	5.765	73	626	IS IT A TINKER YOU ARE SAYS THE KING NO SAYS THE SAINT I'M NO TINKER BY TRADE KING O'TOOLE
6000-86686-0010	7.600	95	817	BY JAMINEE SAYS KING O'TOOLE IF YOU DO I'LL SAY YOU'RE THE CLEVEREST FELLOW IN THE SEVEN PARISHES OH BY DAD SAYS SAINT KAVIN
6000-86686-0012	3.210	41	352	SAYS THE SAINT THAT'S THE WAY TO DO BUSINESS NOW
6000-86686-0015	5.610	71	610	AND IT'S I THAT'LL MAKE YOU THE SPORTING BIRD WITH THAT MY DEAR HE TOOK UP THE GOOSE BY THE TWO WINGS
6000-86686-0017	4.875	61	524	LOOKING AT HIS POOR OLD GOOSE FLYING AS LIGHT AS A LARK AND BETTER THAN EVER SHE WAS
6000-86686-0022	3.555	45	391	THAT I'VE BEEN DISCOURSING ALL THIS TIME WITHOUT KNOWING IT SAYS HE
6019-3185-0008	5.745	72	609	THE ASTOUNDED POLICE AFTER AN EXAMINATION THE MOST SEARCHING PURSUED FROM DAY TO DAY
6019-3185-0028	2.300	29	251	NEXT AN ENGLISHMAN OF RANK
6019-3185-0030	3.975	50	429	RADIANT WITH THE FAVOR OF COURTS AND OF IMPERIAL LADIES
6019-3185-0037	9.240	116	979	WHICH SEEMED TO HAVE ALIGHTED FROM THE CLOUDS BEFORE ME POWER AND THE CONTEMPLATION OF POWER IN ANY ABSOLUTE INCARNATION OF GRANDEUR OR EXCESS
6019-3185-0045	6.600	83	694	WERE THERE THEN NO EXCEPTIONS TO THIS CONDITION OF AWESTRUCK ADMIRATION YES
6019-3185-0077	7.930	100	850	MOST OF WHOM WERE STILL UNACQUAINTED WITH THE CAUSE OF THE ALARMING INTERRUPTION A FEW HOWEVER WHO HAD HEARD HER FIRST AGITATED WORDS
6019-3185-0091	6.105	77	654	FOR THE PRIVATE CELEBRATION OF MASS THIS CRUCIFIX AS WELL AS EVERYTHING ELSE IN THE LITTLE CLOSET
6019-3185-0096	7.305	92	778	FOR THE FOOTSTEPS WERE VERY DIFFERENT IN OUTLINE FROM HIS AND SMALLER FOR AARON WAS A MAN OF COLOSSAL BUILD
6019-3185-0105	8.500	107	902	WOULD HAVE BEEN TOO SMALL TO DISTRESS THE MOST TIMID WHILE TO YOUNG AND HIGH SPIRITED PEOPLE WITH COURAGE TO SPARE FOR ORDINARY TRIALS
6019-3185-0107	6.485	82	697	HAD THESE VERY MURDERERS ADDED TO THEIR FUNCTIONS THOSE OF ROBBERY THEY WOULD HAVE BECOME LESS TERRIFIC
6064-56165-0008	4.555	57	481	NO THAT'S JUST IT YOU DON'T TREAT HER DECENTLY
6064-56165-0017	3.435	43	373	HE ONLY LOOKED A LITTLE SHEEPISH THE OTHER FELLOWS SAID
6064-56165-0019	7.980	100	849	OR STAND ON THEIR HEADS IN FRONT OF A PULPIT FOR THE SAKE OF GETTING INTO THE DICKY I TELL YOU WE MAKE SOME OF THEM SUFFER
6064-56168-0006	4.030	51	439	FOR OF COURSE IN THE MINDS OF THE OTHERS THERE COULD BE BUT ONE GAME
6064-56168-0014	6.045	76	640	THEN BELLE ADDED A FINAL WORD OH IT'S CLEAR THAT THIS IS ALL JULIA'S DOINGS
6064-300880-0007	7.540	95	804	PRESENTLY YOU WILL BE SEEN COMING DOWN AGAIN UNABLE TO EFFECT AN ENTRANCE AGAINST THE WATCHFULNESS OF THE FAITHFUL CONNOR
6064-300880-0015	8.280	104	883	GET YOURSELF A CAR FROM THE GARAGE AND MOTOR TO THE BUNGALOW THAT'S AT THE THIRD CORNER OF MY LITTLE TRIANGULAR PIECE OF MOUNTAIN AND FOREST
6064-300880-0032	9.045	114	959	IT WAS DONE ALMOST AS WELL AS THAT ACCOMPLISHED ACTOR MISTER JACOB REMSEN COULD HAVE DONE IT HARMON SPRANG ACROSS THE STREET
6064-300880-0033	9.010	113	953	HE CALLED WHAT ON EARTH ARE YOU DOING OVER HERE THE BELL RINGER ADJUSTED A MONOCLE AND AMBLED DOWN THE STEPS TO SHAKE HANDS
6078-54007-0002	2.340	30	260	AND HIS HAIR AS WHITE AS SNOW
6078-54007-0003	8.730	110	926	AND TWO GREAT WINGS GREW OUT OF HIS SHOULDERS FOR HE FLIES FAST AND COMES QUICKLY TO THOSE WHOM HE VISITS DOES ILL LUCK
6078-54007-0007	2.840	36	311	THEN WHAT DO YOU THINK SAINT NICHOLAS DID
6078-54007-0008	6.425	81	693	AND NO SOONER HAD ILL LUCK ENTERED THE NUT THAN HE STUCK THE PLUG IN THE HOLE AND THERE WAS MAN'S ENEMY
6078-54007-0010	5.420	68	576	NOBODY MET WITH ILL LUCK BUT ONE DAY WHO SHOULD COME TRAVELLING THAT WAY
6078-54007-0024	3.180	40	347	AND AT THAT THE FIDDLER WAS TICKLED BEYOND MEASURE
6078-54007-0026	7.855	99	833	DOWN BELOW IT WAS AS LIGHT AS DAY FOR IN THE CENTRE OF THE ROOM HUNG A GREAT LAMP THAT SHONE WITH A BRIGHT LIGHT
6078-54007-0030	3.540	45	387	BUT WHEN HE CAME TO LOOK THERE WAS NO KEY HOLE TO IT
6078-54007-0046	6.920	87	742	AWAY FLEW THE FIDDLER LIKE A BULLET AND THERE WAS ILL LUCK CARRYING HIM BY THE BELT AGAIN AWAY THEY SPED
6078-54013-0000	3.370	43	374	ONCE UPON A TIME THERE WAS A SERVANT WHO SERVED A WISE MAN
6078-54013-0002	3.940	50	429	TO SEE WHAT KIND OF A FORTUNE A MAN MIGHT MAKE THERE FOR HIMSELF
6078-54013-0008	2.375	30	259	WHY THUS SAID THE SECOND
6078-54013-0009	2.755	35	302	AND THERE HE WOULD FIND A MAN SITTING
6078-54013-0010	2.440	31	272	THAT MAN WOULD LEAD HIM TO THE GARDEN
6078-54013-0011	7.280	91	767	THE FRUIT OF HAPPINESS SAID THE FIRST RAVEN AND OF WHAT USE WOULD THE FRUIT OF HAPPINESS BE TO HIM
6078-54013-0014	7.400	93	784	THERE IS ONE CONDITION YOU MUST FULFIL MANY STRANGE THINGS WILL HAPPEN UPON OUR JOURNEY BETWEEN HERE AND THERE
6078-54013-0018	5.430	68	580	THERE THE TRAVELLING COMPANION STOPPED AND DRAWING OUT A LITTLE PIPE FROM UNDER HIS JACKET
6078-54013-0024	3.650	46	393	THEN WHEN ALL BUT THEY TWO WERE TIGHT AND FAST ASLEEP
6078-54013-0026	2.300	29	252	TO SEE WHAT HIS COMRADE WAS ABOUT
6078-54013-0027	7.800	98	834	NONE WAS MORE UGLY THAN THIS TO BEWITCH THE POOR SORROWFUL YOUNG MAN INTO A SLEEP AND THEN TO ROB HIM OF HIS RUBY RING
6078-54013-0033	7.420	93	784	BY AND BY IN CAME THE GANG OF THIEVES WITH A GREAT NOISE AND UPROAR AND DOWN THEY SAT TO THEIR SUPPER
6078-54013-0034	3.365	43	374	HOW THEY HAD CRUELLY ROBBED AND MURDERED POOR PEOPLE
6078-54013-0035	5.725	72	619	HE DREW FROM HIS POCKET THE RUBY RING WHICH HE HAD STOLEN FROM THE SORROWFUL YOUNG MAN'S FINGER
6078-54013-0037	4.015	51	437	THE TWO TRAVELLERS CAME TO A LITTLE HUT NEAT ENOUGH
6078-54013-0038	3.975	50	433	AND THERE THE COMRADE KNOCKED UPON THE DOOR AND ASKED FOR LODGING
6078-54013-0040	5.560	70	598	BUT THE NEXT MORNING BEFORE THE DAWNING OF THE DAY THE TRAVELLING COMPANION WAS STIRRING AGAIN
6078-54013-0041	6.130	77	648	FOR I HAVE A BIT OF WORK TO DO BEFORE I LEAVE THIS PLACE AND STRANGE WORK IT WAS
6078-54013-0043	2.660	34	293	ALL WAS A RED BLAZE BEHIND THEM
6078-54013-0044	5.180	65	557	ON THEY JOGGED AND BY THE TIME EVENING WAS AT HAND THEY HAD COME TO A NEAT COTTAGE
6078-54013-0049	2.415	31	270	ALL HE COULD DO WAS TO STAND AND LOOK
6078-54013-0052	2.865	36	308	THAT IS YOUR REWARD FOR YOUR SERVICE
6078-54013-0053	4.110	52	445	HE FOUND HIS TONGUE AT LAST AND ALL THAT HE HAD BOTTLED UP
6078-54013-0057	8.660	109	920	BUT WHAT A CHANGE HE BEHELD IT WAS A POOR COTTAGE NO LONGER BUT A SPLENDID PALACE FIT FOR A QUEEN TO DWELL IN
6078-54013-0059	3.200	40	345	AN ANGEL CAME AND SHOWED THE WAY TO MY SON
6078-54013-0062	8.415	106	901	FOR MANY A LONG DAY AND NEVER KNEW THAT A GREAT TREASURE OF SILVER AND GOLD WAS HIDDEN BENEATH IT UNTIL A FEW DAYS AGO THERE CAME AN ANGEL
6078-54013-0068	4.435	56	477	AND TOOK HIM BY THE HAND AND SET HIM BESIDE HIMSELF AT THE TABLE
6078-54013-0069	4.170	53	453	IT WAS THE RING OF DISCORD THAT BRED STRIFE WHEREVER IT CAME
6078-54013-0071	6.805	86	728	RAP TAP TAP HE KNOCKED AT THE DOOR AND THE WISE MAN WHO HAD BEEN HIS MASTER OPENED TO HIM
6078-54013-0077	5.570	70	593	WHO WAS AS BIG AS A GIANT AND SIX TIMES AS POWERFUL AND BESIDES THAT HE ADDED
6078-54013-0078	3.270	41	353	CLATTERED THE BOTTOM OF HIS CANICAN AGAINST THE TABLE
6081-41997-0000	4.370	55	472	HENCE THE DRIVER'S HOPE OF FINDING THEM IN THE RUE DE BOURGOGNE
6081-41997-0006	3.740	47	398	HOW DID THESE TWO WOMEN ATTRACT YOUR ATTENTION
6081-41997-0010	9.365	118	993	I HAD ALREADY PASSED THEM WHEN THEY BEGAN TO CALL AFTER ME I PRETENDED I DID NOT HEAR THEM BUT ONE OF THEM RAN AFTER THE CAB CRYING
6081-41997-0017	4.355	55	463	AND WHICH WAS IT THAT SAID THEE AND THOU
6081-41997-0037	8.170	103	872	BUT THEY WERE HURRYING AWAY AS FAST AS THEY COULD IN WHAT DIRECTION OH THEY WERE RUNNING TOWARD THE RUE DE VARENNES
6081-41998-0003	3.910	49	420	AS THE VEHICLE CONVEYING LECOQ REACHED THE QUAY
6081-41998-0012	8.870	111	935	I WILL WAIT FOR YOU AT THE CORNER OF THE BRIDGE IT'S USELESS TO SAY NO I'VE MADE UP MY MIND AND I'M A BRETON YOU KNOW
6081-41998-0014	5.445	69	584	MOST OF WHOM COULD SEE NOTHING AT ALL WERE PACKED AS CLOSELY AS SARDINES
6081-41998-0017	7.785	98	816	WHICH CRIME ACCIDENT AND SUICIDE BRING TO THIS HORRIBLE PLACE A FEW
6081-41998-0026	8.660	109	914	WHOM HE COULD NOT PERCEIVE HAD GEVROL INTENTIONALLY OR UNINTENTIONALLY FAILED TO FULFIL HIS PROMISE
6081-41998-0032	8.440	106	890	MONSIEUR LECOQ MONSIEUR THIS SIMPLE FORMULA OF POLITENESS BROUGHT A FAINT SMILE TO HIS LIPS
6081-41998-0042	5.575	70	598	WHEN FINDING A DOORKEEPER INSTALLED BEHIND A HEAVY OAKEN DESK HE REMARKED
6081-41998-0043	3.365	43	365	THE MAN SHOOK HIS HEAD NO SAID HE
6081-42010-0005	4.770	60	514	THAT HE DELIVERED THE ORDER FOR LECOQ TO FOLLOW HIM WITHOUT A MINUTE'S DELAY
6081-42010-0009	8.980	113	948	WHEN HE SAW HOWEVER THAT THE MAGISTRATE WAS NOT ALONE AND WHEN HE RECOGNIZED POLYTE CHUPIN THE ORIGINAL OF THE PHOTOGRAPH
6081-42010-0013	7.235	91	771	AND LIFTING HER WITH HIS STRONG ARMS CARRIED HER OUT INTO THE PASSAGE THE WHOLE SCENE HAD BEEN SO BRIEF
6081-42010-0014	6.645	84	710	WAS STILL FORMING THE ORDER FOR TOINON TO BE REMOVED FROM THE ROOM WHEN HE FOUND THE DOOR CLOSED AGAIN
6081-42010-0017	4.565	58	496	AT THE SAME TIME CASTING THE BLAME ON HIS OWN IMPATIENCE AND LACK OF CAUTION
6081-42010-0023	5.455	69	581	WHAT DID YOU MEAN BY THAT IT'S VERY EASY TO UNDERSTAND SIR
6081-42010-0029	9.300	117	981	AND TO TAKE EVERY PRECAUTION TO PREVENT HIM SEEING HIS WIFE AGAIN WHEN POLYTE HAD DEPARTED LECOQ REENTERED THE ROOM
6081-42010-0032	4.195	53	454	AND SHE IS SO TERRIFIED THAT THERE IS NO HOPE OF MAKING HER SPEAK
6081-42010-0033	5.160	65	554	AGAIN SET FOOT IN HIS OFFICE THE POOR CREATURE SEEMED NEARLY HEARTBROKEN
6147-34605-0010	9.145	115	973	SHE DISCOURSED ON LOCKE SHE WAS POLITE SHE WAS SUSPECTED OF KNOWING ARABIC TO BE THE FLESH AND TO BE WOMAN ARE TWO DIFFERENT THINGS
6147-34605-0015	2.430	31	272	JOSIANA BROUGHT TO ONE'S MIND THE LINE
6147-34605-0021	6.315	79	673	COLLARED HATTON BOXED THE EARS OF ESSEX SHOWED HER LEGS TO BASSOMPIERRE AND WAS A VIRGIN
6147-34605-0029	9.170	115	981	ALL JOSIANA'S INSTINCTS IMPELLED HER TO YIELD HERSELF GALLANTLY RATHER THAN TO GIVE HERSELF LEGALLY TO SURRENDER ON THE SCORE OF GALLANTRY IMPLIES LEARNING
6147-34605-0038	5.630	71	610	SHE WAS A SKIN DEEP PAPIST HER CATHOLICISM DID NOT EXCEED THE AMOUNT NECESSARY FOR FASHION
6147-34605-0040	3.720	47	411	SOMETIMES SHE WORE AN EMBROIDERED CLOTH JACKET LIKE A BACHELOR
6147-34606-0000	5.010	63	543	JUST AS IN EIGHTEEN TWENTY FOUR EUGENE DEVERIA WAS THE FIRST TO ALLOW HIS BEARD TO GROW
6147-34606-0001	8.285	104	879	DISGUISED BY ARTFUL CURLING FOR TO RISK ONE'S HAIR WAS ALMOST TO RISK ONE'S HEAD THE INDIGNATION WAS UNIVERSAL NEVERTHELESS
6147-34606-0007	4.940	62	534	WORE LEATHER SLEEVES TO SAVE THEIR LACE BREASTPLATES OF LEATHER TO PROTECT THEIR RUFFLES
6147-34606-0009	7.440	93	788	TRIBOULET DUNS HUDIBRAS SCARRON OVER THE CHIMNEY WAS A ESOP BETWEEN TWO MEN EACH BLIND OF AN EYE
6147-34606-0011	2.885	37	322	AND MIRABEAU WAS ELECTED AN HONORARY MEMBER
6147-34606-0026	7.185	90	769	DECLARE THE MAN BEATEN WHO DID NOT FAIRLY FACE HIS OPPONENT WATCHED THAT THE TIME BETWEEN THE ROUNDS DID NOT EXCEED HALF A MINUTE PREVENTED BUTTING
6147-34606-0030	2.935	37	323	IT WAS HE WHO INVENTED THE ATHLETE'S ADMIRABLE RULES
6147-34607-0002	5.360	67	568	AS A CHRISTIAN SHE WAS A HERETIC AND A BIGOT SHE HAD ONE BEAUTY
6147-34607-0007	6.130	77	661	SHE EXCELLED IN BRINGING ABOUT GREAT CATASTROPHES FROM LITTLE CAUSES WHEN A WHIM OF AUTHORITY TOOK HOLD OF HER
6147-34607-0009	6.430	81	693	GOOD NATURED HER IDEAL WAS TO ALLOW NONE TO DESPAIR AND TO WORRY ALL SHE HAD OFTEN A ROUGH WORD IN HER MOUTH
6147-34607-0015	2.160	27	237	THOSE FIT FOR SERVICE WERE PICKED OUT
6147-34607-0028	7.010	88	751	WHAT GREAT THINGS ACCOMPLISHED HOW WAS IT POSSIBLE TO REFUSE ANNE ADMIRATION FOR TAKING THE TROUBLE OF LIVING AT THE PERIOD
6147-34607-0036	4.585	58	495	NOT FROM CHOICE HOWEVER A PART OF HER RELIGION SHE DERIVED FROM THAT UGLINESS
6181-216552-0001	9.430	118	987	PRINCIPIUM HE BEGINS IN THIS WAY GOD IS THE ABSOLUTE RULER OF THE UNIVERSE AND ALL THAT IT CONTAINS DOMINI
6181-216552-0012	8.825	111	926	WHOEVER VIOLATED IT WAS UNJUST THUS LABOR GIVES BIRTH TO PRIVATE POSSESSION THE RIGHT IN A THING
6181-216552-0018	4.385	55	463	ALL HAD AN INALIENABLE RIGHT OF POSSESSION
6181-216552-0023	5.645	71	593	DOMINIUM NON POTEST NISI EX UNA CAUSA
6181-216552-0024	5.975	75	634	I CAN POSSESS BY SEVERAL TITLES I CAN BECOME PROPRIETOR BY ONLY ONE
6181-216552-0028	7.220	91	766	IT IS POTHIER WHO SAYS IT SUPPOSES A PRODUCING CAUSE IN THE PERSON WHO ENJOYS IT
6181-216552-0040	6.915	87	733	AND WHEREAS IN THIS INSTANCE PROPERTY IN IMPROVEMENTS OUGHT TO GIVE A TITLE TO THE PRINCIPAL
6181-216552-0048	9.060	114	948	BUT PROPERTY PROPERTY THE RIGHT OF ESCHEAT OVER LANDS WHICH ONE NEITHER OCCUPIES NOR CULTIVATES
6181-216552-0051	7.365	93	782	AND ALSO LAWS FOR ITS PROTECTION SO WE ARE INDEBTED TO PROPERTY FOR THE CREATION OF THE CIVIL STATE
6181-216552-0073	6.280	79	664	FULL OF OBSTINACY ENEMIES OF PHILOSOPHY BURIED IN LITERALITIES
6181-216552-0080	6.800	85	716	FAMILIES WILL SOON BECOME VICTIMS OF THE MOST DISASTROUS EXCLUSIONS AND SOCIETY
6181-216552-0081	3.090	39	336	WILL COME TO ITS DEATH THROUGH OPULENCE
6181-216552-0083	7.970	100	838	OTHERS WISH HIM TO BE CHOSEN BY THE DECEASED OR ASSUMED BY THE LAW TO BE SO CHOSEN
6181-216552-0092	7.655	96	805	THE VARIETY OF THE FORMS OF PRIVILEGE DOES NOT SANCTION INJUSTICE THE FAITH OF JUPITER
6209-34599-0006	4.435	56	471	DELUGES OF SNOW ARE POSSIBLE THIS WAS ONE
6209-34599-0010	6.865	86	723	SHE ENDED BY FALLING INTO A SOUND SLEEP SHIVERING HIMSELF HE FELT HER WARM
6209-34599-0015	5.325	67	573	HE HAD TRIPPED UPON THE SLOPES OF PRECIPICES AND HAD RECOVERED HIMSELF
6209-34599-0028	4.510	57	487	IT SEEMED TO HIM THAT HE HAD LEFT ALL EVIL CHANCES BEHIND HIM
6209-34599-0038	7.565	95	808	THE HOUSE OF STONE AND THE THATCHED HOVEL WERE EQUALLY DEAF TO THE WRETCHED THE BOY DECIDED ON PUSHING ON FURTHER
6209-34600-0005	7.635	96	811	AND LEAVING BETWEEN THEM AWKWARD SPACES OF NARROW AND WINDING CHANNELS LANES AND PASSAGES OFTEN FLOODED
6209-34600-0006	7.105	89	746	THE DESERTED CHILD CARRYING THE FOUNDLING PASSED THROUGH THE FIRST STREET THEN THE SECOND THEN THE THIRD
6209-34600-0012	6.950	87	734	THE BOY WENT TO THE BRIDGE WHICH AT THAT PERIOD WAS A COVERED TIMBER STRUCTURE HE CROSSED IT
6209-34600-0027	5.245	66	562	THE CHILD FELT THE COLDNESS OF MEN MORE TERRIBLY THAN THE COLDNESS OF NIGHT
6209-34601-0004	7.295	92	773	AND IN THE CENTRE OF THIS DOOR A SQUARE OPENING SHOWED A LIGHT INSIDE THE CARAVAN HE APPROACHED
6209-34601-0005	5.855	74	623	AT THE SAME TIME AS THE MOUTH BETWEEN THE WHEELS A HEAD WAS PUT THROUGH THE WINDOW
6209-34601-0009	2.090	27	232	THE CHILD TURNED BACK
6209-34601-0028	5.595	70	590	NOT SO QUICK YOU HORRID GLUTTON ISN'T HE A GREEDY SCOUNDREL
6209-34601-0038	5.860	74	630	ONE CRUST OF BREAD A MOUTHFUL OF BACON AND A DROP OF MILK AND I PUT IT TO WARM
6272-70168-0004	2.470	31	272	IS IT BEST TO COOK MORE MISSUS MORGESON
6272-70168-0005	9.490	119	1000	THE BOY BY NAME CHARLES CAME TO SEE THE NEW ARRIVAL BUT SMITTEN WITH DIFFIDENCE CREPT UNDER THE TABLE AND EXAMINED ME FROM HIS RETREAT
6272-70168-0009	8.570	108	910	DID YOU EXPERIENCE ANY SHADOW OF A CHANGE DURING THE REVIVAL AT BARMOUTH NO MORE THAN THE BABY HERE DID I SHALL HAVE FAITH THOUGH
6272-70168-0010	9.160	115	976	BECAUSE YOU HAVE HAD THE BLESSING OF SO GOOD A MAN AS YOUR GRAND'THER BUT I NEVER HEARD A WORD OF GRAND'THER'S PRAYERS DO YOU REMEMBER HIS VOICE
6272-70168-0016	3.875	49	425	SHE WAS TOO MUCH ENGAGED IN CONVERSATION TO FULFILL HER DUTIES THAT WAY
6272-70168-0029	7.565	95	805	AND DARTING OUT A MOMENT AFTER WE HEARD HER GRANDFATHER WENT AND PRESENTLY MISTER PARK GOT UP IN A LINGERING WAY
6272-70168-0034	8.430	106	898	AS I PASSED THROUGH THE UPPER ENTRY VERONICA OPENED HER DOOR SHE WAS UNDRESSED AND HAD A LITTLE BOOK IN HER HAND WHICH SHE SHOOK AT ME SAYING
6272-70171-0011	7.600	95	805	BUT NOTWITHSTANDING THE STREAM OF LIGHT OVER THE CARPET I THOUGHT IT SOMBER AND OUT OF KEEPING WITH THE COTTAGE EXTERIOR
6272-70171-0021	5.335	67	573	IT WAS BYRON AND TURNING OVER THE LEAVES TILL I CAME TO DON JUAN I READ IT THROUGH
6272-70171-0022	5.885	74	635	WHICH WAS NOT THE ONE WE HAD TAKEN TEA IN BUT A SMALL APARTMENT WITH A DOOR OPENING INTO THE GARDEN
6272-70171-0027	8.525	107	907	THE HAM WAS MOST SAVORY BUT CUT IN SUCH THIN SLICES THAT IT CURLED AND THE BISCUITS WERE AS WHITE AND FEATHERY AS SNOWFLAKES
6272-70171-0028	7.440	93	787	COUSIN ALICE GAVE UNREMITTING ATTENTION TO EDWARD WHO ATE AS LITTLE AS THE REST MOTHER I SAID AFTERWARD
6272-70191-0000	4.340	55	466	WE SAT IN STATE TO BE CONDOLED WITH AND WAITED UPON
6272-70191-0012	8.365	105	889	FOR SHE HAD NEVER WORN OUT THE GARMENTS MADE FOR GRAND'THER WARREN SHE'S A BIGGER CHILD THAN EVER TEMPERANCE REMARKED AND MUST HAVE HER WAY
6272-70191-0013	3.910	49	415	COMING INTO MY ROOM DRESSED FOR THE FUNERAL NO
6272-70191-0017	6.775	85	716	IT WAS CLOSELY PRESSED TO THE GLASS AND SHE WAS REGARDING DARK INDEFINITE CREATURES BELOW IT
6272-70191-0022	8.395	105	884	A FLACON OF SALTS WHICH SHE FASTENED TO MY BELT BY ITS LITTLE CHAIN AND SAID AGAIN GO BUT RECALLING ME SAID
6367-65536-0007	8.740	110	925	A FACE THAT HID MUCH AND REVEALED LITTLE IT TOLD OF POWER AND INTELLECT BUT THE SOUL OF THE MAN WAS A HIDDEN THING
6367-65536-0044	5.670	71	606	HE WOULD WAIT UNTIL HE SAW THE KITCHEN LIGHT FROM THE WINDOW OF HIS OLD HOME THEN HE WOULD GO
6367-74004-0004	9.250	116	994	THERE WAS A RUMOUR RUNNING AT LARGE IN THE ACADEMY THAT THE OLD FELLOW WROTE POETRY BUT HE RAN THE MATHEMATICS AND DIDN'T MAKE SUCH A FOOZLE OF IT AS YOU MIGHT SUPPOSE EITHER
6367-74004-0011	6.335	80	678	AND HER BIG BLACKISH BLUE EYES SPARKLED BUT SHE HADN'T BEEN LAUGHING BEFORE OR SPARKLING EITHER
6367-74004-0023	4.060	51	434	GEORGE OSBORNE THEN WE MAILED IT THAT VERY EVENING
6367-74004-0024	9.370	118	993	IT WAS THE SMARTEST EVENT OF THE TERM AND EVERYBODY WAS THERE STUDENTS AND FACULTY AND OF COURSE SYLVIA GRANT SYLVIA LOOKED STUNNING
6367-74004-0028	3.715	47	401	OR SAID MY LETTER OR SHOWN SURPRISE IN SOME WAY
6367-74004-0035	8.890	112	953	HE ASSERTS THAT SYLVIA TURNED SQUARE AROUND AND KISSED THE OLD FELLOW BUT I'M SURE SHE JUST TURNED HER FACE AND GAVE HIM A LOOK AND THEN HE KISSED HER ANYHOW
6385-34655-0004	7.920	99	838	NOMINALLY WARDROBES THEY WERE CALLED THE LITTLE ROOMS IT WAS WITHIN THEM THAT EVIL DEEDS WERE HATCHED
6385-34655-0009	2.420	31	266	LED BACK TO THE STARTING POINT
6385-34655-0027	6.855	86	731	WHAT A HORRIBLE PALACE HE THOUGHT RESTLESS HE WANDERED THROUGH THE MAZE ASKING HIMSELF WHAT IT ALL MEANT
6385-34655-0032	6.150	77	646	HE STOOD STILL AND LISTENED OH I WILL GET OUT OF THIS PLACE SAID HE
6385-34655-0035	2.425	31	267	PUSHED IT ASIDE ENTERED
6385-34669-0011	8.140	102	855	A WOODEN PLATFORM APPEARED ON THE RIGHT AT THE BOTTOM OF THIS PLATFORM WHICH WAS A KIND OF WHARF ON PILES
6385-34669-0029	6.210	78	661	THE WHOLE THING WAS IN A STATE OF DISLOCATION BENEATH IT WAS HANGING HOMO'S CHAIN
6385-34669-0032	7.040	88	736	THE GATES OF PARADISE REOPEN BUT BEFORE HE ENTERS HE EXAMINES HIS GROUND
6385-220959-0000	3.905	49	410	PART TWO SOME CHRISTIAN SUBJECTS
6385-220959-0001	6.055	76	640	OUTWARD FORMS AND SYMBOLS MUST BE USED TO CONVEY INTELLECTUAL CONCEPTIONS
6385-220959-0019	5.715	72	609	AND WAKEFULNESS IS THE CONDITION OF MOVEMENT SLEEPING IS THE STATE OF SILENCE
6385-220959-0024	7.915	99	837	AND THAT WITHOUT DOUBT HE HAD A HUMAN FATHER IN THE QUR'AN IT IS SAID AND WE SENT OUR SPIRIT UNTO HER
6385-220959-0037	9.000	113	950	EVEN TO THEM THAT BELIEVED ON HIS NAME WHICH WERE BORN NOT OF BLOOD NOR OF THE WILL OF THE FLESH NOR OF THE WILL OF MAN
6385-220959-0040	3.080	39	339	AND BREATHED INTO HIS NOSTRILS THE BREATH OF LIFE
6385-220959-0042	3.660	46	396	AND OWES ITS BEING TO THE BREATH OF THE HOLY SPIRIT
6415-100596-0000	5.490	69	581	THE ELUSIVE KATE FERRIS THE MYSTERIOUS KATE FERRIS
6415-100596-0008	7.540	95	799	SHE ISN'T A SOPHOMORE THE PRESIDENT ANNOUNCED SHE MUST BE A FRESHMAN PRISCILLA LOOK AGAIN
6415-100596-0012	4.545	57	485	SHE HASN'T PAID HER DUES AND AS FAR AS I CAN MAKE OUT
6415-100596-0015	9.160	115	972	I LEFT MY LETTER OF RESIGNATION ON THE BOOKCASE KATE FERRIS AS PRISCILLA SCRATCHED THE NAME OUT OF THE ROLL BOOK AGAIN SHE REMARKED TO PATTY
6415-100596-0018	7.820	98	830	THAT KATE FERRIS IS ACTUALLY COMING THROUGH ON THE OTHER SIDE IF SHE CHANGES HER MIND MANY MORE TIMES THERE WON'T BE ANYTHING LEFT
6415-100596-0019	8.260	104	881	PRISCILLA DECLARED SHE'S MADE ME SO MUCH TROUBLE THAT I'M CURIOUS TO SEE WHAT SHE LOOKS LIKE SHE DID ASK FRAEULEIN SCHERIN
6415-100596-0021	5.315	67	574	PRISCILLA KEPT HEARING ABOUT THE GIRL ON ALL SIDES BUT COULD NEVER CATCH A GLIMPSE OF HER
6415-100596-0027	9.190	115	970	I BEGIN TO THINK SO MYSELF SAID PATTY THE NEXT MORNING'S MAIL BROUGHT A BUNCH OF VIOLETS AND AN APOLOGY FROM KATE FERRIS
6415-111615-0000	6.140	77	653	OR ANY PAINFUL JOB SO FULL OF PLEASURES AS THE TASK OF CONDUCTING A NEWSPAPER COLUMN THE
6415-111615-0014	9.365	118	1003	IT IS HARD TO GET THE COLYUMIST TO ADMIT THIS FOR HE FEARS SPOOFING WORSE THAN THE DEVIL BUT IT IS EMINENTLY TRUE IF I WERE THE OWNER OF A NEWSPAPER
6415-111615-0023	6.085	77	655	HE BECOMES FILLED WITH AN EXTRAORDINARY CURIOSITY ABOUT THE MOTIVES AND PURPOSES OF THE PEOPLE HE SEES
6415-111615-0036	9.040	113	952	HE FINDS THAT HIS MOST AUGUST MUSINGS HAVE A HABIT OF STEWING THEMSELVES DOWN TO SOME FEROCIOUS OR JOCULAR THREE LINE COMMENT
6415-111615-0037	5.480	69	589	TO CHURN UP FROM THE TYPEWRITER SOME LYRIC THAT WILL ROCK WITH BLUE SEAS AND FRANTIC HEARTS
6415-116629-0002	8.065	101	855	AND I WAS JUST GOING TO MAKE YOU A PRESENT THAT IS WORTH MORE THAN FIVE FRANCS TO A FELLOW LIKE YOU WHAT IS IT SHOW IT TO ME
6415-116629-0009	8.330	105	895	I DON'T UNDERSTAND ANYTHING ABOUT IT SOMEBODY COMES OVER FROM FOHRENSEE AND EXPLAINS IT TO THEM HE DOES NOT BELONG THERE BUT I GUESS YOU HAVE SEEN HIM
6415-116629-0014	7.000	88	750	AS BLASI SPOKE HE CAME SLOWLY NEARER TO JUDITH HE HAS BEEN SAYING SOME THINGS LATELY THAT MADE ME THINK SO
6415-116629-0018	4.065	51	434	AND MUTTERED I WONDER IF SHE WANTS TO GET HIM TOO
6415-116629-0037	2.760	35	298	AND THEN HE MADE OFF WITH THIS
6415-116629-0039	6.600	83	703	AS SHE HAD LISTENED THROUGH ALL THE LONG NIGHT IN VAIN DIETRICH HAD NOT COME HOME IN THE NIGHT
6437-66172-0010	5.760	72	617	A PROLONGED SILENCE FOLLOWED THIS PRELIMINARY EXAMINATION AND I WAS WONDERING WHAT WOULD COME NEXT
6437-66173-0021	8.285	104	869	IS YOUR MAN READY ASKED PHIL ADAMS ADDRESSING RODGERS READY KEEP YOUR BACK TO THE GATE TOM
6437-66173-0035	6.520	82	699	THE GENTLE SOUL HAD STOOD THROUGHOUT THE CONTEST WITH HIS FACE TURNED TO THE FENCE SUFFERING UNTOLD AGONY
6437-66173-0040	7.300	92	775	SHOULDN'T WONDER NO HE DIDN'T BROKE IN ADAMS OR HE WOULD HAVE STOPPED IT SHORT METRE
6454-93938-0012	5.010	63	535	THE THREE CONSPIRATORS JUMPED TO THEIR FEET AND BOLTED FOR THE WINDOW
6454-107462-0001	8.750	110	924	FOR BEING FULL OF THE SOUR CREAM OF AN INHUMAN CURIOSITY HIS CURIOSITY HOWEVER DID NOT EXTEND ITSELF TO SCIENCE
6454-107462-0035	6.735	85	720	MAYBE IT WASN'T YOUR FAULT TWAS MAYBE YOUR MAN EGGED YOU ON TO DO THE SHAMEFUL DEED
6454-120342-0010	6.030	76	642	UNDER THE FULL MOON ON THE SNOW STILL WHITE WITH SIXTEEN CHILDREN AT THE HAPPIEST
6454-120342-0016	7.640	96	808	THEY ARE HUMMING THE WORDS NOT THINKING OF CLEMENT MORE THAN HE THOUGHT OF US AS THE CHILDREN CLOSED WITH
6454-120342-0028	8.315	104	879	LARGE ENOUGH TO CONTAIN ALL THE GOOD WISHES SO AWAY AGAIN TO THE HOUSES OF CONFECTIONERS WHO HAD GIVEN THE CHILDREN CANDY
6454-120342-0031	7.410	93	783	KING OF GLORY KING OF PEACE HEAR THE SONG AND SEE THE STAR WELCOME BE THOU HEAVENLY KING
6454-120342-0035	8.210	103	870	BEGGED THAT THEY MIGHT STAY TILL THE LAST MOMENT THEY COULD WALK BACK FROM THE STABLE AND RATHER WALK THAN NOT INDEED
6476-57446-0017	6.810	86	732	BUT WHEN I TELL HER WHAT YOU HAVE JUST SAID HOW GLAD AND HAPPY SHE WILL BE LET ME GO AND TALK TO HER AT ONCE
6476-57446-0032	4.390	55	470	TO YOU THROUGH WHOSE INTERVENTION SHE BECAME ALLIED WITH A NOBLEMAN
6476-57446-0033	4.350	55	466	YOU AMAZE ME REPLIED THE OTHER HOW COULD I ABOVE ALL MEN
6476-57446-0036	7.850	99	839	AND ALL IN VAIN WELL THEY'VE GULLED ME ONCE BUT I'LL BE EVEN WITH THEM YET AND HINDER THEIR GAME BEFORE IT IS PLAYED OUT
6476-57446-0039	3.330	42	364	AND GOING IN AT ONCE SAID TO THE FORTUNE TELLER
6476-57446-0045	4.450	56	481	AND THOUGHT THAT I SHOULD NEVER MEET YOU AGAIN HOW TENDERLY I THOUGHT OF YOU
6476-57446-0047	5.735	72	608	WITH HER PALE DELICATE FACE AND HE LOVED HER BETTER THAN BEFORE THEN SHE SAID
6476-57446-0051	8.750	110	932	I NEVER HEARD OF SUCH A THING WHY I THOUGHT YOU WERE SOME RESPECTABLE PERSON AND YOU HAVE THE IMPUDENCE TO TELL ME THAT YOUR NAME IS CHOKICHI
6476-57446-0052	7.475	94	799	TO THINK OF SUCH A SHAMELESS VILLAIN COMING AND ASKING TO BE FRIENDS WITH ME FORSOOTH GET YOU GONE THE QUICKER THE BETTER
6476-57446-0053	6.200	78	661	WHY I THOUGHT YOU MUST BE ONE OF US INSOLENT KNAVE BEGONE AS FAST AS POSSIBLE
6476-57446-0056	6.335	80	676	AND AS HE PRETENDED TO LEAVE THE HOUSE SAZEN AT HIS WITS END CRIED OUT STOP STOP
6476-57446-0059	6.055	76	643	SAZEN AFTER A MOMENT'S CONSIDERATION HIT UPON A SCHEME AND ANSWERED SMILING
6476-57446-0070	4.475	56	478	THIS MAN TRACES HIS PEDIGREE BACK TO MINAMOTO NO YORITOMO
6476-57446-0087	4.085	52	446	AND THINKING TO PUNISH THE PEASANT FOR HIS INSOLENCE SAID
6476-96661-0002	9.250	116	984	AND HE KNEW ALL THE WAYS OF THE GODS AND ALL THE STORIES OF THE GODS WHEN HE SANG TO HIS LYRE THE TREES WOULD LISTEN AND THE BEASTS WOULD FOLLOW HIM
6476-96661-0011	7.935	100	850	ON THE DAY THAT THE MESSENGERS HAD SET OUT TO BRING THROUGH GREECE THE WORD OF JASON'S GOING FORTH IN QUEST OF THE GOLDEN FLEECE
6476-96661-0012	6.110	77	657	THEY BEGAN TO FELL TREES FOR THE TIMBERS OF THE SHIP THAT WAS TO MAKE THE VOYAGE TO FAR COLCHIS
6476-96661-0015	3.470	44	380	JASON HAD THEM TAKE THE BEAM FROM THE ROOF OF THE PALACE
6476-96661-0016	3.525	45	386	AND THAT DAY THE BUILDING OF THE GREAT SHIP WAS BEGUN
6476-96661-0019	7.060	89	752	WHEN THE SHIP WAS BUILT AND MADE READY FOR THE VOYAGE A NAME WAS GIVEN TO IT THE ARGO IT WAS CALLED
6476-96661-0023	6.795	85	723	HE SAW A FIGURE STANDING BY THE MAST FOR A MOMENT HE LOOKED ON IT AND THEN THE FIGURE BECAME SHADOWY
6529-62554-0030	6.755	85	718	TRY THEM PENCROFT REPLIED THE ENGINEER HOWEVER I THINK THAT IN MAKING THE EXPERIMENT WE OUGHT TO EMPLOY
6529-62556-0040	6.515	82	706	THEY ARE HIDDEN IN THE THICK WOODS WHICH SURROUND IT AND IF YOU GO WE SHALL SOON HAVE TO REGRET TWO MISFORTUNES INSTEAD OF ONE
6529-62556-0043	8.985	113	959	HERBERT WOUNDED WE ARE AT THE CORRAL BE ON YOUR GUARD DO NOT LEAVE GRANITE HOUSE HAVE THE CONVICTS APPEARED IN THE NEIGHBORHOOD REPLY BY TOP
6529-62556-0044	8.410	106	895	GO GO TOP BOUNDED AT THESE WORDS HE UNDERSTOOD HE KNEW WHAT WAS EXPECTED OF HIM THE ROAD TO THE CORRAL WAS FAMILIAR TO HIM
6529-62556-0045	7.100	89	759	TOP RUNNING AMONG THE GRASS OR IN THE WOOD WOULD PASS UNPERCEIVED THE ENGINEER WENT TO THE GATE OF THE CORRAL AND OPENED IT
6531-61334-0001	7.210	91	781	TERRIFIED BY THE VOICE AND THE FEROCIOUS APPEARANCE OF THE HEROES THE SHEPHERD RETREATS HURRIEDLY LOCKING THE DOOR BEHIND HIM
6531-61334-0002	3.535	45	385	SHALMANESER SHAMASH ADAD ASHUR DAN
6531-61334-0008	5.885	74	632	A NUMBER OF ARAMAEAN KINGDOMS HAD COME INTO EXISTENCE IN MESOPOTAMIA AND THROUGHOUT SYRIA
6531-61334-0009	2.140	27	238	WHEN ASHUR NATSIR PAL THE THIRD
6531-61334-0010	6.230	78	665	GROUPS OF THE ARAMAEANS HAD ACQUIRED A HIGH DEGREE OF CULTURE AND BECOME TRADERS AND ARTISANS
6531-61334-0013	2.300	29	255	OPERATED IN SOUTHERN MESOPOTAMIA
6531-61334-0014	4.460	56	478	IN THE NORTH HE HAD TO DRIVE BACK INVADING BANDS OF THE MUSKI
6531-61334-0015	9.500	119	1010	A SURE INDICATION THAT ASSYRIA WAS ONCE AGAIN BECOMING POWERFUL IN NORTHERN MESOPOTAMIA AND THE REGIONS TOWARDS ARMENIA ASHUR NATSIR PAL THE THIRD
6531-61334-0026	3.245	41	349	THE CITY OF TELLO WAS VERY STRONG
6531-61334-0030	8.655	109	925	HE WAS SO GREATLY FEARED BY THE SYRO CAPPADOCIAN HITTITES THAT WHEN HE APPROACHED THEIR TERRITORY THEY SENT HIM TRIBUTE YIELDING WITHOUT A STRUGGLE
6531-61334-0037	2.555	32	279	REIGNED FOR ABOUT A QUARTER OF A CENTURY
6531-61334-0045	8.715	109	912	LIKE A TRANSPARENT VEIL OF LIGHT FROM THE LANDSCAPE OVER THE PURE CLOUDLESS SKY WAS THE GLOW OF THE LAST LIGHT
6531-61334-0050	5.970	75	641	LAYARD EXCAVATED THE EMPEROR'S PALACE AND DISPATCHED TO LONDON AMONG OTHER TREASURES OF ANTIQUITY
6531-61334-0053	2.365	30	262	WHEN ASHUR NATSIR PAL DIED
6531-61334-0054	3.410	43	371	WHOSE MILITARY ACTIVITIES EXTENDED OVER HIS WHOLE REIGN
6531-61334-0057	6.520	82	700	AND HE SHALL ROOT UP ISRAEL OUT OF THIS GOOD LAND WHICH HE GAVE TO THEIR FATHERS AND SHALL SCATTER THEM BEYOND THE RIVER
6531-61334-0059	8.725	110	931	AND ABIJAH PURSUED AFTER JEROBOAM AND TOOK CITIES FROM HIM BETHEL WITH THE TOWNS THEREOF AND JESHANAH WITH THE TOWNS THEREOF
6531-61334-0060	2.045	26	231	AND THEY BURIED HIM IN THE CITY OF DAVID
6531-61334-0061	2.910	37	317	IN HIS DAYS THE LAND WAS QUIET TEN YEARS
6531-61334-0063	5.485	69	587	ALSO HE TOOK AWAY OUT OF ALL THE CITIES OF JUDAH THE HIGH PLACES AND THE IMAGES
6531-61334-0064	4.375	55	473	HE PROCEEDED TO FORTIFY RAMAH A FEW MILES TO THE NORTH OF JERUSALEM
6531-61334-0065	4.250	54	467	AND APPARENTLY SUPPORTED THE REBELLIONS OF THE NORTHERN MESOPOTAMIAN KINGS
6531-61334-0066	3.690	47	402	AND THEREFORE UNABLE EITHER TO ASSERT ITS AUTHORITY IN JUDAH
6531-61334-0067	5.070	64	544	IN THE HOUR OF PERIL JUDAH SOUGHT THE AID OF THE KING OF DAMASCUS
6531-61334-0068	4.910	62	530	AND THE TREASURES OF THE KING'S HOUSE AND DELIVERED THEM INTO THE HAND OF HIS SERVANTS
6531-61334-0070	9.290	117	998	WHEN HE WAS MURDERED BY HIS SERVANT ZIMRI CAPTAIN OF HALF HIS CHARIOTS WHILE HE WAS DRINKING HIMSELF DRUNK IN THE HOUSE OF ARZA STEWARD OF HIS HOUSE IN TIRZAH
6531-61334-0074	4.290	54	463	AND ALL THE WORKS OF THE HOUSE OF AHAB AND YE WALK IN THEIR COUNSEL
6531-61334-0075	2.870	36	311	BOAST HIMSELF AS HE THAT PUTTETH IT OFF
6531-61334-0076	3.470	44	381	TWO YEARS PREVIOUSLY HE HAD BROKEN THE POWER OF AKHUNI
6531-61334-0077	9.355	117	992	THE LEADER OF A STRONG CONFEDERACY OF PETTY STATES THEREAFTER THE ASSYRIAN MONARCH TURNED TOWARDS THE SOUTH WEST AND ATTACKED THE HITTITE STATE OF HAMATH
6531-61334-0079	4.340	55	470	IT WAS OF NO GREAT ADVANTAGE TO HIM FOR HE WAS UNABLE TO FOLLOW IT UP
6531-61334-0080	3.945	50	426	OF DAMASCUS AND AHAB OF ISRAEL AKHABBU
6531-61334-0081	7.805	98	821	THE LATTER HAD A FORCE OF TEN THOUSAND MEN UNDER HIS COMMAND FOUR YEARS AFTER AHAB BEGAN TO REIGN
6531-61334-0082	7.780	98	832	HE TURNED NOT ASIDE FROM IT DOING THAT WHICH WAS RIGHT IN THE EYES OF THE LORD NEVERTHELESS THE HIGH PLACES WERE NOT TAKEN AWAY
6531-61334-0083	4.530	57	492	DURING THIS PERIOD BUT IT IS EVIDENT THAT THE TWO KINGDOMS HAD BEEN DRAWN TOGETHER
6531-61334-0084	3.515	44	380	AFTER REPULSING THE SYRIAN ALLIES AT QARQAR
6531-61334-0085	4.635	58	498	SHALMANESER THE THIRD OF ASSYRIA FOUND IT NECESSARY TO INVADE BABYLONIA
6531-61334-0086	8.490	107	903	OF THAT KINGDOM AND WAS THUS ABLE TO OPERATE IN THE NORTH WEST WITHOUT FEAR OF COMPLICATIONS WITH THE RIVAL CLAIMANT OF MESOPOTAMIA
6531-61334-0088	4.915	62	528	WAS SUPPORTED BY AN ARAMAEAN ARMY WAS DEFEATED AND PUT TO DEATH
6531-61334-0093	2.890	37	320	A ROYAL PRINCESS OF ISRAEL WAS DEAD
6531-61334-0095	5.215	66	559	JEHU CONSPIRED AGAINST JORAM AND THEN ACCOMPANIED BY AN ESCORT
6531-61334-0100	4.895	62	529	I FOUGHT WITH HIM SHALMANESER RECORDED AND ACCOMPLISHED HIS DEFEAT
6531-61334-0103	4.750	60	513	SHOWS THAT THE UNPRONOUNCED ALEPH AT THE END WAS AT THAT TIME SOUNDED
6531-61334-0106	8.035	101	861	FOR ALTHOUGH HE STAMPED OUT THE PHOENICIAN RELIGION HE BEGAN TO WORSHIP THE GOLDEN CALVES THAT WERE IN BETHEL AND THAT WERE IN DAN
6531-61334-0107	8.480	106	901	OF THE IDOLATORS OF THE ANCIENT CULT OF THE QUEEN OF HEAVEN THE CROWN OF JUDAH HAD BEEN SEIZED BY THE ISRAELITISH QUEEN MOTHER
6531-61334-0108	4.410	56	480	BUT ANOTHER WOMAN THWARTED THE COMPLETION OF HER MONSTROUS DESIGN
6531-61334-0111	5.725	72	613	ALSO THE SINGERS WITH INSTRUMENTS OF MUSICK AND SUCH AS TAUGHT TO SING PRAISE
6531-61334-0116	7.540	95	803	AND KEPT HIS GENERALS CONTINUALLY EMPLOYED SUPPRESSING REVOLTS ON HIS FRONTIERS AFTER HE SUBDUED THE HITTITES
6531-61334-0117	2.630	33	287	TRIBES OF THE MEDES CAME UNDER HIS POWER
6531-61334-0118	7.900	99	838	LIKE THE FRONTIER TRIBES OF INDIA AGAINST THE BRITISH TROOPS THE KINGDOM OF URARTU WAS GROWING MORE AND MORE POWERFUL
6531-61334-0119	9.365	118	1006	THE GREAT EMPIRE WAS SUDDENLY SHAKEN TO ITS FOUNDATIONS BY THE OUTBREAK OF CIVIL WAR THE PARTY OF REBELLION WAS LED BY SHALMANESER'S SON ASHUR DANIN APLI
6531-61334-0120	6.660	84	710	HE WAS A POPULAR HERO AND RECEIVED THE SUPPORT OF MOST OF THE IMPORTANT ASSYRIAN CITIES INCLUDING NINEVEH
6531-61334-0122	4.895	62	528	AFTER FOUR YEARS OF CIVIL WAR SHALMANESER DIED HIS CHOSEN HEIR
6531-61334-0124	8.280	104	880	URARTU IN THE NORTH HAD GROWN MORE AGGRESSIVE THE SYRIANS WERE OPENLY DEFIANT THE MEDES WERE CONDUCTING BOLD RAIDS
6531-61334-0125	2.295	29	250	SHAMSHI ADAD HOWEVER
6531-61334-0127	3.285	42	361	ON HIS WAY SOUTHWARD HE SUBDUED MANY VILLAGES
6531-61334-0128	7.755	97	824	AND ACHIEVED A GREAT VICTORY KILLING THIRTEEN THOUSAND AND TAKING THREE THOUSAND CAPTIVES THEN THE BABYLONIAN KING
6531-61334-0129	4.515	57	491	BUT WAS DEFEATED IN A FIERCE BATTLE ON THE BANKS OF THE DABAN CANAL
6531-61334-0131	2.855	36	311	IN THE END HE TOOK PRISONER THE NEW KING
6531-61334-0132	5.520	69	585	FOR OVER HALF A CENTURY AFTER THIS DISASTER BABYLONIA WAS A PROVINCE OF ASSYRIA
6563-63821-0017	6.195	78	664	HE HAD ALSO A VAST COLLECTION OF MANUSCRIPTS NUMBERING FOUR HUNDRED AND TWENTY NINE VOLUMES
6563-63821-0022	8.480	106	889	USED TO SAY MEN GENERALLY GET IN THIS WORLD EXACTLY WHAT THEY WANT HOW CAN THAT BE ASKED A YOUNGSTER ONE DAY
6563-63821-0046	7.720	97	820	IN THE SEVENTY EIGHTH YEAR OF HIS AGE ENJOYING ALMOST TO THE LAST TWO OF THE THINGS HE LOVED BEST HIS BOOKS
6563-285357-0024	7.485	94	796	TOGETHER WITH THE CIRCUMSTANCE THAT HE HAD UNEQUIVOCALLY REFUSED ALL OFFERS HE WAS STRIVING FOR THE FATHERLAND
6563-285357-0026	3.985	50	427	BY COLLIDING WITH A TREE THE FINAL INCIDENT PASSED UNNOTICED
6563-285357-0032	3.285	42	362	HAVE ENJOYED MORE THAN AN EVANESCENT EXISTENCE
6563-285357-0044	4.110	52	443	ALL OF WHICH HAVE PROVED THEIR SERVICEABILITY MORE OR LESS CONCLUSIVELY
6818-68772-0047	8.660	109	924	AND AT MISTER HOPKINS AND DECLARED THEY WERE NOT AT ALL OFFENDED ONE CANNOT TOUCH PITCH WITHOUT BEING DEFILED SAID MISTER WATSON GRAVELY
6818-76332-0001	8.445	106	897	SO LONG INDEED THAT THE GIRLS BEGAN TO BE RATHER UNEASY FEARING THAT SHE HAD FAINTED OR PERHAPS WAS ILL OR OVERCOME
6818-76332-0056	8.350	105	882	THEN WITH A BEAUTIFUL GESTURE THE MAN HELD OUT HIS ARMS AND THE WOMAN WITH A LITTLE GASP OF HAPPINESS
6836-61803-0017	7.680	96	801	FOR SO STANDS THE ASSASSIN IN TEXAS HIS DEMEANOUR IS COMPLETELY CHANGED
6836-61803-0023	7.530	95	800	THE JURY HAS GIVEN A JUST VERDICT I ACKNOWLEDGE THAT I HAVE FORFEITED MY LIFE AND DESERVE TO LOSE IT
6836-61803-0024	3.395	43	364	SHOT HIM DEAD IN THE CHAPPARAL
6836-61803-0032	6.960	87	730	THERE IS NO SIGN OF IT ON THE FACES THAT SURROUND HIM STILL SOLEMNLY AUSTERE
6836-61803-0034	2.085	27	235	THE SPEAKER RESTS HIS EYE
6836-61803-0036	7.060	89	749	AND FATAL TO A FRIEND IT WAS SURE ENOUGH AND POOR HENRY DROPPED FROM HIS HORSE
6836-61803-0038	3.785	48	409	YOU KNOW ALL THAT'S PASSED BUT NOT WHAT'S TO COME
6836-61803-0039	2.610	33	284	YOU SEE ME STANDING ON MY GRAVE
6836-61803-0043	4.555	57	483	THE CROWD CLOSES AROUND BELIEVING BOTH TO BE DEAD
6836-61804-0019	5.365	68	566	DIAZ IT WAS THE LAST UTTERANCE OF
6836-61804-0020	8.730	110	920	COVARUBIO DE LOS LLANOS AS THE SPIRIT OF THE UNHAPPY SENORITA PASSED INTO ETERNITY
6836-61804-0028	8.600	108	900	NOWHERE HAS IT EFFECTED GREATER CHANGES THAN IN TEXAS DURING THE LAST DECADE AND ESPECIALLY
6836-61804-0036	5.230	66	557	FLORINDA NOW THE BETTER HALF OF HIS LIFE HAS EFFECTED THE TRANSFORMATION
6836-61804-0037	6.765	85	715	AND BACK ONLY AFTER YOU HAVE RETIRED BUT THE HUGE GOBBLER SEEN IN THE SMOKE HOUSE
6836-76549-0004	3.135	40	345	HAS HAD AN EXTRA STOUT BONE SHAKER MADE TO ORDER
6836-76549-0019	7.995	100	843	I RIDE THROUGH A MOST BEAUTIFUL FARMING COUNTRY PASSING THROUGH WILLOUGHBY AND MENTOR GARFIELD'S OLD HOME
6836-76549-0030	8.320	104	882	AND HOLDS HER LONG STIFF BUGGY WHIP SO THAT IT SWIPES ME VICIOUSLY ACROSS THE FACE KNOCKS MY HELMET OFF INTO THE MUD DITCH
6848-76049-0029	6.000	75	639	SAID SIR RICHMOND IT WILL BE LIKE TURNING OVER THE PAGES OF THE HISTORY OF OUR FAMILY TO AND FRO
6848-76049-0032	6.695	84	717	JUST TO GO INTO A CHURCH HERE AND THERE AND SHOW YOU MONUMENTS BEARING LITTLE SHIELDS WITH THE STARS AND STRIPES UPON THEM
6848-76049-0035	2.975	38	328	AND TELL THEM TO SEND THEIR INSTRUCTIONS TO WELLS
6848-252322-0002	9.165	115	967	FOLLOW ME SAID CRAGGS GIVING A SIGNAL TO STEP LIGHTLY AND HE LED THE WAY UP A NARROW STONE STAIR WITH A WALL ON EITHER HAND
6848-252322-0016	5.460	69	588	HE PERCEIVED THAT YOU WERE NOT A DOCTOR SAID CRAGGS WHEN THEY REACHED THE CORRIDOR
6848-252322-0023	2.760	35	301	ONE MAN IS AS GOOD A GUIDE AS ANOTHER
6848-252323-0001	5.895	74	631	SAID BILLY I'LL HAVE TO BE UP AT THE OFFICE FOR THE BAGS AT SIX O'CLOCK FAIX
6848-252323-0006	6.625	83	701	CARBINEER IF THE SAME TO YOU MASTER SAID THE OTHER QUIETLY I NEVER SERVED IN THE INFANTRY
6880-216547-0000	5.725	72	607	THE FOLLOWING LETTER SERVED AS A PREFACE TO THE FIRST EDITION OF THIS MEMOIR
6880-216547-0003	6.850	86	722	WHICH HAS JUST EXPIRED I NOW PROPOSE GENTLEMEN TO DISCHARGE THIS DUTY
6880-216547-0009	5.825	73	618	SEEMED TO BEAR THE CLOSEST RELATION TO THE RESEARCHES WHICH I WAS ABOUT TO COMMENCE
6880-216547-0014	3.700	47	395	IS THE CHILD OF YOUR THOUGHT
6880-216547-0022	6.675	84	696	WHAT WAS THE TRUE SYSTEM OF SOCIETY A COMPETITOR
6880-216547-0027	8.635	108	899	THIS FUNDAMENTAL PRINCIPLE OF EQUALITY YOU PRESENTED FOR COMPETITION IN THE FOLLOWING TERMS
6880-216547-0055	8.915	112	938	INCONSIDERATELY ACCEPTING GATHERING TOGETHER AND ACCUMULATING EVERYTHING THAT IS NEW REGARDING ALL REPORTS AS TRUE
6880-216547-0056	3.970	50	426	THEY ASSEMBLE LIKE BEES AT THE SOUND OF A BASIN
6880-216547-0063	5.980	75	630	IN CASE HE SHOULD PUBLISH A SECOND EDITION OF HIS BOOK TO OMIT THE DEDICATION
6880-216547-0065	8.360	105	882	AFTER THIS LUDICROUS DECREE WHICH ITS AUTHORS THOUGHT TO RENDER POWERFUL BY GIVING IT THE FORM OF A CONTRADICTION
6880-216547-0068	4.670	59	506	HONORED BY THE POWER WHICH HE SOUGHT TO ENLIGHTEN WITHOUT FLATTERING OR DISGRACING IT
6880-216547-0070	6.200	78	662	AND SAVED ME FROM THE BLOWS OF A JUSTICE WHICH IS ALWAYS BLIND BECAUSE IT IS ALWAYS IGNORANT
6880-216547-0104	2.160	27	230	I CALL PROPERTY
6880-216547-0105	8.220	103	862	TO EACH OF US PROPERTY SEEMS A POLYGON WHOSE ANGLES NEED KNOCKING OFF BUT THE OPERATION PERFORMED
6880-216547-0114	7.995	100	837	A SYSTEM WHICH BETTER THAN PROPERTY GUARANTEES THE FORMATION OF CAPITAL AND KEEPS UP THE COURAGE OF ALL
6880-216547-0115	4.790	60	507	THE ROAD THAT HE SHALL TRAVERSE WILL SUFFICE TO SHOW THE END
6925-80680-0007	4.965	63	543	AND AWAY THE BEARERS WENT FOR THREE DAYS AND THREE NIGHTS UNTIL THEY CAME TO A DENSE WOOD
6925-80680-0015	5.000	63	542	AT LAST WHEN HE WAS EIGHTEEN YEARS OF AGE THEY HAD NOT THE HEART TO FORBID HIM ANY LONGER
6925-80680-0016	3.550	45	387	A BIG BRASS POT TO HOLD WATER A FEW PIECES OF SILVER
6925-80680-0019	6.450	81	695	AND ON REACHING THE SPOT HE FOUND AN UGLY OLD WOMAN STREAMING WET AND CRYING LOUDLY AS SHE LIFTED FROM HER HEAD
6925-80680-0024	4.810	61	519	SHORTLY AFTERWARDS HE ARRIVED AT A CITY AND AS HE WAS NOW IN GREAT STRAITS
6925-80680-0025	3.025	38	335	THE KING SAID HE HAD PLENTY OF SERVANTS AND WANTED NO MORE
6925-80680-0032	4.455	56	482	WHILST FROM THE FOOT OF IT CAME THE SOUND OF SOBBING THAT THE KING HAD HEARD
6925-80680-0036	3.445	44	381	AMEER ALI THOUGHT THAT HER VOICE SOUNDED RATHER EAGER
6925-80680-0037	8.105	102	872	AND BENT SO THAT THE OLD WOMAN COULD CLAMBER ON TO HIS BACK WHICH SHE DID VERY NIMBLY THEN SUDDENLY HE FELT A NOOSE SLIPPED OVER HIS NECK
6925-80680-0038	5.435	68	591	BUT AMEER ALI GAVE A SWEEP UPWARDS WITH HIS SHARP SWORD TO CUT THE ROPE THAT SHE HAD SLIPPED ROUND HIS NECK
6925-80680-0043	5.540	70	600	WALKING GRANDLY ABOUT WITH HER TREASURE TIED ROUND HER ANKLE SHE HEARD THE STARLING SAY TO THE PARROT
6925-80680-0046	4.055	51	437	OR SHE WOULD DIE OF SHAME SO THE KING SENT FOR AMEER ALI
6925-80680-0053	4.075	51	432	AND I SHALL BECOME QUITE WELL AGAIN AS BEFORE AT FIRST
6925-80680-0056	8.130	102	871	THEN THE MAIDEN OPENED HER EYES SPRANG TO HER FEET AND DRAWING HER VEIL ABOUT HER RAN INTO THE HUT AND WOULD NOT COME OUT OR SPEAK TO HIM ANY MORE
6925-80680-0058	4.520	57	491	AND STRUTTED UP AND DOWN IN THEM ADMIRING HERSELF IN THE MIRRORS THAT LINED HER ROOM
6925-80680-0063	4.430	56	486	ONCE MORE THE BEAUTIFUL MAIDEN APPEARED AT HIS SUMMONS AND ASKED WHAT HE WANTED
6925-80680-0065	6.535	82	701	FROM HER SEVERED HANDS AND HEAD THERE FELL INTO THE CAULDRON BRACELETS AND CHAINS OF RUBIES AND DIAMONDS
6925-80680-0070	4.515	57	493	THEN THE PRINCESS SENT FOR HER FATHER AND TOLD HIM THAT SHE WISHED TO MARRY AMEER ALI
6925-80680-0076	9.305	117	989	WELL HASTEN THEN SAID THE KING I HAVE NO TIME TO WASTE YOUR MAJESTY SAID THE FARMER HAS NOW LIVED AND ADMINISTERED JUSTICE LONG IN THIS CITY
6925-80680-0077	4.190	53	456	WHILST JACKALS HUNT IN EVERY PLACE WHERE THERE IS SOMETHING TO BE PICKED UP
6925-80680-0085	4.770	60	511	SHE SMILES AT HIM AND SAYS IS IT THE TIGER THEN OR THE JACKAL
7059-77897-0003	5.385	68	579	I WOULD RATHER NOT SEE MISSUS WILMINGTON WITH YOU ON THIS SUBJECT I SHOULD BE OF NO USE
7059-77897-0016	7.700	97	812	YES THAT'S WHAT ANY ONE WOULD THINK IN THE ABSTRACT SAID MISSUS MUNGER NOW LITTLE BOY
7059-77897-0032	2.525	32	278	SAID MISSUS WILMINGTON CARELESSLY
7059-77900-0016	2.550	32	276	AND FINDING ITS FIRST APARTMENT EMPTY
7059-77900-0017	7.335	92	776	WHERE HER HUSBAND SAT WRITING AT A TABLE GEORGE I WANT TO INTRODUCE YOU TO MISS KILBURN
7059-77900-0026	6.950	87	739	FROM TIME TO TIME AT LYRA'S BIDDING THE YOUNG FELLOW EXPLAINED TO ANNIE SOME CURIOUS FEATURE OF THE PROCESSES
7059-77900-0039	5.570	70	598	OUGHT TO BE TACIT OR EXPLICIT IN THE KISSING AND EMBRACING BETWEEN ROMEO AND JULIET
7059-77900-0040	5.135	65	550	OH THEN SAID ANNIE PERHAPS HE ACCOUNTS FOR HER PLAYING JULIET
7059-77900-0041	4.985	63	530	OH IT'S AT THE REHEARSALS YOU KNOW THAT THE FUN IS
7059-88364-0024	7.725	97	821	HE AND THIS INSTRUMENT MAY FIND THEIR IMMORTALITY TOGETHER AS NEW ENGLAND FOUND ITS SOUL IN THE ESSAYS OF EMERSON
7067-76048-0008	8.440	106	906	TO A HAPPY USE BY CLAMBERING TO THE TOP OF IT AND SLIDING ON THEIR LITTLE BEHINDS DOWN ITS SMOOTH AND SLOPING SIDE AMIDST MUCH MIRTHFUL SQUEALING
7067-76048-0009	9.335	117	1003	SIR RICHMOND AND MISS GRAMMONT HAD WALKED ROUND THE OLD CIRCUMVALLATION TOGETHER BUT BELINDA SEYFFERT HAD STRAYED AWAY FROM THEM PROFESSING AN INTEREST IN FLOWERS
7067-76048-0017	6.250	79	665	WE HAVE BEEN MADE AN EXCEPTION OF AND GOT OUR RATIONS THE BIG THING CONFRONTS US STILL
7067-76048-0048	7.860	99	845	SHE HAD WORKED FOR ORDINARY WAGES AND ORDINARY HOURS AND AT THE END OF THE DAY SHE MENTIONED CASUALLY A LARGE AUTOMOBILE WITH TWO MENSERVANTS
7067-76048-0050	6.000	75	641	HE DISCOVERED HIS DAUGHTER DISPLAYING WHAT HE CONSIDERED AN IMPROPER FAMILIARITY WITH SOCIALIST IDEAS
7078-271888-0013	5.125	65	553	AND SHE A THIRD RATE ACTRESS WHO HAD AN INGENUE PART AT A STRAND THEATRE
7078-271888-0021	6.730	85	716	YOU KNOW NOTHING OLD FELLOW HE EXCLAIMED FLUSHING ANGRILY BUT HE SHRUGGED HIS SHOULDERS
7078-271888-0030	7.170	90	758	YOU SET YOUR FACE AGAINST ALL THE FAIR ONES BUT I SUCCEEDED IN TURNING THE CONVERSATION INTO ANOTHER CHANNEL
7078-271888-0044	8.475	106	897	SHE IMPLORED TEARFULLY AT LEAST I AM HONEST MY OBJECT IN COMING THIS AFTERNOON WAS TO REPAY THE MONEY I I BORROWED
7078-271888-0048	8.970	113	945	AND YOU WILL TREAT HIM AS YOU TREATED ME NO NO I LOVE HIM SHE SAID IN A FIERCE HALF WHISPER ADDING
7078-271888-0051	5.310	67	559	WHAT CHARACTER DO YOU THINK WOULD BEST SUIT ME WELL
7078-271888-0053	8.470	106	905	BUT I SAW VERY LITTLE OF DICK HE HAD RECEIVED A COMMISSION FROM ONE OF THE ILLUSTRATED PAPERS TO MAKE A SERIES OF SKETCHES OF SCENERY IN SCOTLAND
7078-271888-0062	6.050	76	647	IN THE MONTHS THAT FOLLOWED I VISITED THE STUDIO ALMOST DAILY AND WATCHED THE GROWTH OF THE PICTURE
7078-271888-0063	5.760	72	619	THE DELICATE TINTS OF THE NECK AND ARMS WERE REPRODUCED WITH A SKILL THAT BETRAYED THE MASTER HAND
7078-271888-0064	3.275	41	355	I RETURNED HOME FROM A STROLL ACROSS KENSINGTON GARDENS
7078-271888-0068	7.205	91	753	I HAVE REFUSED REFUSED WHY FOR REASONS OF MY OWN
7078-271888-0078	5.860	74	630	EXCLAIMED THE OLD MAN EVIDENTLY RECOGNISING THE FEATURES THE PICTURE IS INDEED MAGNIFICENT
7078-271888-0084	3.930	50	426	WHILE HIS FACE ASSUMED A HARD DETERMINED EXPRESSION
7078-271888-0087	3.665	46	395	AND THAT IT WAS STANDING IN A CORNER WITH ITS FACE TO THE WALL
7078-271888-0088	5.715	72	611	AND WHEN I DID SO I DISCOVERED TO MY DISMAY THAT IN HIS FRENZY OF MAD DESPAIR
7078-271888-0096	8.360	105	889	AND WAITED PATIENTLY FOR THE OPENING DAY WHEN I EXPERIENCED THE MINGLED SURPRISE AND SATISFACTION OF SEEING IT HUNG UPON THE LINE
7078-271888-0104	7.065	89	757	AND CONGRATULATED DICK WARMLY UPON HIS MASTERPIECE IT WAS EVIDENT THAT HE MEANT TO SECURE IT AT ANY COST
7078-271888-0114	5.225	66	558	IN THE PRIVATE GALLERY OF HIS GREAT PALACE IN ROME LITTLE DREAMING THAT
7113-86041-0009	8.745	110	933	BUT THE MASTER PROVED TO BE WASTEFUL AND UNGRATEFUL AND RUBEZAHL SOON LEFT HIM AND WENT TO BE SHEPHERD TO HIS NEXT NEIGHBOUR
7113-86041-0020	2.330	30	260	STEPPING OUT OF HIS HIDING PLACE
7113-86041-0025	7.420	93	782	BUT AT LENGTH CURIOSITY PREVAILED AND SHE AND HER COMPANIONS EXPLORED TO THEIR HEART'S CONTENT
7113-86041-0042	3.090	39	335	WHO IS THERE I CAN FIND FOR HER TO TALK TO
7113-86041-0044	2.995	38	328	NO MORE SHALL YOU BE LONELY IN MY DWELLING
7113-86041-0049	2.785	35	301	AND SHOWED SO MUCH TASTE THAT NOBODY
7113-86041-0084	2.160	27	238	BUT THE MAGPIE IN THE TREE WHO LIKE
7113-86041-0085	2.295	29	254	UNLESS HE COULD BE FOR EVER CHATTERING
7113-86041-0109	7.155	90	754	AND THE FORSAKEN GNOME RESOLVED THAT HE WOULD HAVE NO MORE DEALINGS WITH SUCH FALSE CREATURES
7113-86041-0110	3.275	41	350	TO THE DEPTHS OF HIS UNDERGROUND KINGDOM
7148-7763-0003	6.345	80	677	IN THIS ENTERPRISE I ENDEAVOURED TO PICK UP AS MANY FLOWERS AS I COULD BY THE WAY
7148-7763-0017	6.460	81	684	AND THE MORE I DWELT UPON IT THE MORE HOPELESS IT APPEARED MY COURSE OF STUDY
7148-7763-0019	3.070	39	335	WITH ALL THINGS BENEFICIAL TO THE GREAT WHOLE
7148-59157-0000	9.040	113	948	AND IN THE RESULT WE CAN ACCOMPANY KEATS THROUGH THE GLAD AND SAD AND MAD AND BAD HOURS OF HIS SHORT AND MARVELLOUS LIFE
7148-59157-0004	5.300	67	574	THAT KEATS WAS PREMATURELY BORN AT THE END OF OCTOBER SEVENTEEN NINETY FIVE
7148-59157-0010	3.295	42	364	THEIR GRANDFATHER THE PROPRIETOR OF THE LIVERY STABLE
7148-59157-0012	8.115	102	858	AT WRITING POETRY HE DID NOT BEGIN TO WRITE SAYS SIR SIDNEY COLVIN TILL HE WAS NEAR EIGHTEEN
7148-59157-0019	2.355	30	262	AND WROTE THE ODE TO AUTUMN
7148-59157-0022	2.615	33	287	DOES HIS BEST TO BE FAIR TO FANNY
7148-59157-0026	8.600	108	915	SIR SIDNEY COLVIN REGRETS THAT THE LOVE LETTERS OF KEATS TO FANNY WERE EVER PUBLISHED IT WOULD BE AS REASONABLE IN MY OPINION
7148-59157-0036	2.500	32	278	AND HIS LUXURIOUS LOVE OF BEAUTY
7148-59157-0041	7.275	91	768	IT WILL BE BUT A SOUNDING FUNERAL SPEECH INSTEAD OF COMMUNION WITH A LOVELY AND BROKEN SPIRIT
7148-82991-0012	4.410	56	484	BRYAN CRIED IN A VOICE OF MINGLED RAGE AND SURPRISE TO HIS ASSAILANT
7148-82991-0014	6.000	75	632	AND I REQUIRE THE SAME ATTENTION AT YOUR HANDS TO MORROW I SHALL HAVE MY COMRADES
7148-82991-0019	5.115	64	540	I WILL DRINK THE HEALTH OF KING HENRY'S LAWFUL CONSORT
7178-34644-0027	4.495	57	481	IN THE HEBRIDES GAIZDORRA CAPTAIN
7178-34644-0028	5.905	74	629	JACQUES QUARTOURZE ALIAS LE NARBONNAIS LUC PIERRE CAPGAROUPE
7178-34644-0029	3.650	46	390	THE SHERIFF AFTER A PAUSE RESUMED
7178-34644-0033	9.180	115	968	IF THE WORD BLANK CAN BE APPLIED TO A THING SO MOULDY AND IN THE MIDDLE OF THE PAGE THREE WORDS WERE WRITTEN TWO LATIN WORDS
7178-34644-0063	4.030	51	434	AND WITH AUTHORITY FROM THE LORD CHANCELLOR OF ENGLAND
7178-34644-0069	7.640	96	815	IT WAS CLEAR THAT THIS MAN HAD BEEN THERE IN THE SHADOW BEFORE GWYNPLAINE HAD ENTERED THAT HE HAD A REGULAR RIGHT OF ATTENDANCE
7178-34645-0005	7.460	94	791	THAT IN THE ENGLISH CONSTITUTION THE RESTORATION OF A PEER IS MORE IMPORTANT THAN THE RESTORATION OF A KING
7178-34645-0011	6.360	80	679	TO THOSE WHO HAVE STUDIED PATHOLOGICALLY THE CASES OF CAPRICE CALLED OUR GOOD WILL AND PLEASURE
7178-34645-0013	4.210	53	455	YOU BELIEVE THAT EFFRONTERY IS CONFINED TO ABANDONED WOMEN
7178-34645-0014	7.060	89	758	OFTEN WHEN IT WOULD BE TO A MAN'S GREATEST ADVANTAGE TO ESCAPE FROM THE HANDS OF THE POLICE OR THE RECORDS OF HISTORY
7178-34645-0018	6.845	86	728	THERE IS THE TYRANT WHO CONCEALS HIMSELF LIKE TIBERIUS AND THE TYRANT WHO DISPLAYS HIMSELF
7178-34645-0027	7.275	91	772	THE LORD CHANCELLOR PROVED THE FACT THAT THE HEIR TO A PEERAGE HAD BEEN CARRIED OFF MUTILATED AND THEN RESTORED
7178-34645-0029	4.530	57	480	SECONDLY THERE IS A ROYAL RIGHT OF MUTILATION
7178-34645-0033	5.620	71	603	THUS SHOULD BE DONE TO GWYNPLAINE WHO IS ALSO A KING SEEING THAT HE IS A PEER
7178-34645-0037	5.860	74	623	BASED THE ROYAL DECISION THE LORD CHANCELLOR ADDED IN A POSTSCRIPT
7178-34645-0038	8.890	112	941	FOR IF THE PRISONER DIES ON THE SECOND OR THIRD DAY THE CONFRONTATION BECOMES DIFFICULT STILL THE LAW MUST BE OBEYED
7190-90542-0000	2.670	34	292	THE IDENTITY OF THE FINAL VICTIM
7190-90542-0005	5.850	74	634	HE WAS OFTEN AS ASTONISHED AT MY ACUMEN IN FOLLOWING A CLEW AS I WAS AT HIS MARVELOUS THEORIES
7190-90542-0009	5.465	69	590	NOR ANY PAPERS IN HIS POCKETS TO LEAD TO HIS IDENTIFICATION SO FAR AS COULD BE ASCERTAINED
7190-90542-0010	6.270	79	667	AND APPARENTLY NO STRUGGLE HAD TAKEN PLACE FOOTPRINTS NEARLY OBLITERATED
7190-90542-0011	9.125	115	981	SOON AFTER THE STORM BEGAN AND THAT SNOW HAD HIDDEN THE MURDERER'S TRACKS FROM THE WOOD THAT SNOW HAD DRIFTED ON TO THE DEAD BODY SEEMED TO ESTABLISH THIS THEORY
7190-90542-0021	7.465	94	799	WHICH RUNS ALMOST AT RIGHT ANGLES TO THE WITHAN ROAD MUCH WATER IN THE DITCH ASKED QUARLES HALF A FOOT WHEN I WENT THERE
7190-90542-0022	7.605	96	817	THERE WAS A MOON THAT NIGHT WASN'T THERE FULL OR NEAR IT I RETURNED AND HOW SOON WAS THE ALARM RAISED ALONG THE COUNTRYSIDE
7190-90542-0023	3.650	46	402	AND AFTER GOING TO THE VILLAGE THE FARMER RETURNED TO MEDWORTH FOR THE POLICE
7190-90542-0025	4.655	59	509	THE HEAD MAY BE BURIED IN THE WOOD SAID ZENA QUARLES LOOKED AT ME INQUIRINGLY
7190-90542-0026	8.795	110	934	ONE OR TWO DOUBTFUL PLACES I HAD DUG UP I THINK THE MURDERER MUST HAVE TAKEN THE HEAD WITH HIM TO BURY SOMEWHERE ELSE ASKED QUARLES
7190-90542-0027	4.515	57	486	A MAD DOCTOR BENT ON BRAIN EXPERIMENTS IS THAT YOUR THEORY WIGAN
7190-90542-0028	8.345	105	884	JANUARY THE SEVENTEENTH NEARLY THE SAME DATE AS THE ENGLISH ONE SAID ZENA TWO YEARS INTERVENING I RETURNED
7190-90542-0033	8.775	110	938	THE NEXT AFTERNOON HE ARRANGED A DRIVE I THOUGHT WE WERE GOING TO WITHAN BUT WE TURNED AWAY FROM THE VILLAGE AND PRESENTLY QUARLES STOPPED THE CARRIAGE
7190-90542-0036	3.910	49	423	QUARLES SCRAMBLED THROUGH A HEDGE INTO A WOOD BY THE ROADSIDE
7190-90542-0037	6.760	85	721	SHOULD WE MEET ANYONE BLAME ME SAY I AM A DODDERING OLD FOOL WHO WOULD WALK UNDER THE TREES
7190-90542-0052	6.220	78	659	WHEN IN ABOUT THIRTY HOURS TIME THE PROFESSOR'S SENSE OF DIRECTION WAS MARVELOUS
7190-90542-0053	3.250	41	355	I DARESAY ONE WOULD BE ALLOWED TO SEE OVER THE HOUSE
7190-90542-0054	8.180	103	877	HE WAS ALWAYS AS SECRET AS THE GRAVE UNTIL HE HAD PROVED HIS THEORY AND THEN HE SEEMED ANXIOUS TO FORGET THE WHOLE AFFAIR AND SHRANK FROM PUBLICITY
7190-90542-0061	4.400	55	464	HE WAS SHORT THICK SET AND QUICK IN HIS MOVEMENTS
7190-90542-0062	4.360	55	471	WHEN HE GOT DOWN AGAIN I SAW THAT A BUNDLE WAS SUSPENDED OVER THE FIRE
7190-90542-0066	5.920	74	626	AND THE MAN WHO IS HE ON THE BENCH YESTERDAY SIR HENRY BUCKINGHAM
7190-90542-0072	4.650	59	504	WHY SHOULD A HEAD BE REQUIRED WHAT KIND OF MAN WOULD BE LIKELY TO WANT A HEAD
7190-90543-0006	8.165	103	881	BUT OF AN OLD FASHIONED TYPE PRESENTING LITTLE DIFFICULTY TO EXPERTS IN IT BESIDES PAPERS AND ABOUT SEVENTY POUNDS IN GOLD IN A CANVAS BAG
7190-90543-0010	5.235	66	567	WAS INCLINED TO LAUGH AT MY QUESTION AND PROCEEDED TO INFORM ME THAT HE HAD NO FAMILY SKELETON
7190-90543-0011	2.680	34	297	HAD NEVER BEEN IN TOUCH WITH ANY MYSTERIOUS SOCIETY
7190-90543-0012	4.970	63	541	BUT THERE WERE CERTAIN POINTS AGAINST THIS IDEA NO ONE HAD MOVED ABOUT THE HOUSE DURING THE NIGHT
7190-90543-0013	2.160	27	238	THE SILVER ON THE FLOOR WAS SCATTERED
7190-90543-0019	8.350	105	892	BY DOING SO I CERTAINLY SAVED ONE VALUABLE LIFE POSSIBLY MORE THAN ONE THAT HE WAS INTERESTED WAS SHOWN BY OUR ADJOURNMENT TO THE EMPTY ROOM
7190-90543-0026	3.760	47	407	I THINK THAT WOULD ENTIRELY DEPEND ON THE MAN'S TEMPERAMENT PROFESSOR
7190-90543-0027	7.295	92	780	SIR JOSEPH'S STANDING IS VERY HIGH SUDDEN TEMPTATION OR NECESSITY MAY SUBVERT THE HIGHEST CHARACTER I ANSWERED
7190-90543-0031	8.110	102	872	WHEN A MYSTERY WAS CLEARED UP IT WAS EASY TO SAY THAT ZENA HAD PUT HIM ON THE RIGHT ROAD AND I CONSIDERED IT A WHIM OF HIS MORE THAN ANYTHING ELSE
7190-90543-0034	5.710	72	609	DID THAT STRIKE YOU AS SIGNIFICANT ASKED QUARLES I CANNOT SAY IT DID
7190-90543-0039	7.715	97	818	ONLY SERVANTS BEING IN THE HOUSE THE COOK SUFFERING FROM FACEACHE HAD BEEN RESTLESS ALL NIGHT BUT HAD HEARD NOTHING
7190-90543-0041	5.085	64	538	THE UNEXPECTED HAS HAPPENED I SAID NO NO THE EXPECTED
7190-90543-0043	2.810	36	308	YOU STILL THINK THAT NOTHING HAS HAPPENED
7190-90543-0045	2.940	37	321	MUCH DEPENDED UPON THE ANSWER IF HE HAD
7190-90543-0046	8.405	106	903	IF THE THIEF HAD NOT FOUND WHAT HE WANTED HE WOULD CONTINUE HIS SEARCH I ARGUED FOR SOME REASON HE CONNECTED SIR JOSEPH MAYNARD WITH THE OBJECT OF HIS SEARCH
7226-86964-0052	8.715	109	922	NO HOUSE IS NOW CONSIDERED QUITE UP TO THE FASHI'N AS AIN'T GOT A ORGIN THE RAIN BEING NOW OVER SHE SOON DEPARTED
7226-86964-0059	2.975	38	331	A FEW MINUTES LATER RETURNING TO THE CRACK SHE ADDED
7226-86964-0060	7.200	90	759	REPRESSING OUR MIRTH WE ASSURED OUR GOOD HOSTESS THAT WE WOULD HAVE A DUE REGARD FOR OUR PERSONAL SAFETY
7226-86965-0000	2.275	29	255	WE HAD BREAKFAST IN THE TAVERN KITCHEN
7226-86965-0008	7.635	96	812	AN SO I JINED AN I STUCK HER OUT GEMMEN TILL THE THING WAS DONE THEY AIN'T NO COWARD BOUT ME
7226-86965-0014	5.570	70	598	THERE WAS HEAPS O BLOOD SPILT UNNECESSARY BY US BOYS A FIGHTIN TO SAVE THE OL FLAG
7226-86965-0016	3.215	41	353	WITH A BIG AMMERNITION WAGIN ON BEHIND
7226-86965-0023	9.345	117	993	TEA AND COFFEE EXTREMELY WEAK OR STRONG ENOUGH TO KILL AN OX AS CHANCE MAY DICTATE AND INEVITABLY ADULTERATED BEYOND RECOGNITION
7226-86965-0033	9.405	118	992	THE SPIDER WORT THE LITTLE BLUE LOBELIA AND THE CUP WEED THESE SAVANNAS ARE APPARENTLY OVERFLOWED IN TIMES OF EXCEPTIONALLY HIGH WATER
7226-86965-0044	5.150	65	560	TAKING A FINAL SPURT DOWN TO A FERRY LANDING A QUARTER OF A MILE BEYOND ON THE SOUTH BANK
7226-86965-0048	5.140	65	554	PILED OUR BAGGAGE ON TOP AND SET OFF OVER THE HILLS AND FIELDS TO COLOMA
7226-86965-0049	8.300	104	883	ANKLE DEEP IN MUD FOR THE LATE RAINS HAD WELL MOISTENED THE BLACK PRAIRIE SOIL IT WAS A UNIQUE AND PICTURESQUE PROCESSION
7264-92310-0002	5.485	69	586	FOR IN THIS INDUSTRY THE RULE IS EITHER VERY GREAT PROFITS OR VERY GREAT AND RAPID LOSSES
7264-92310-0008	3.595	45	390	HAVING BECOME THE STAND BY OF THE NEWSPAPER THE LARGE ADVERTISER
7264-92310-0018	6.770	85	722	THERE WAS NO ANTAGONISM OF CLASS INTEREST ONE AGAINST THE OTHER AND WHAT WAS MORE THEY WERE OF THE SAME KIND AND BREED
7264-92310-0026	7.505	94	796	THERE WOULD SEEM TO BE FOR ANY INDEPENDENT PRESS NO POSSIBLE ECONOMIC BASIS BECAUSE THE PUBLIC HAS BEEN TAUGHT TO EXPECT FOR
7264-92310-0027	3.355	42	361	THE DIFFERENCE BEING PAID BY THE ADVERTISEMENT SUBSIDY
7264-92314-0006	9.000	113	964	WHICH CONTINENTAL NATIONS KNEW IN THE PAST BUT THERE IS THIS GREAT DIFFERENCE THAT THE OFFICIAL PRESS OF CONTINENTAL EXPERIMENTS NEVER CONSISTED IN MORE THAN A FEW CHOSEN ORGANS
7264-92314-0019	7.590	95	806	THEY HAVE NOT ADVANCED NEARLY AS FAR AS THE DISCOVERY OF THE GREAT NEWSPAPER OWNERS AND THEIR SYSTEM THEY ARE STILL FOR THE MOST PART DUPED
7264-92314-0030	3.150	40	346	THE NEW AGE WAS I THINK THE PIONEER IN THE MATTER
7264-92314-0031	9.315	117	980	SCOTLAND ONE OR TWO THEIR NUMBER WILL INCREASE WITH THIS I PASS FROM THE JUST DENUNCIATION OF EVIL TO THE EXPOSITION OF WHAT IS GOOD
7264-92316-0002	7.490	94	798	AND THERE WAS AN END OF IT GREAT BODIES OF MEN WHO CARED INTENSELY FOR A DEFINITE CREED FOUND THAT EXPRESSION FOR IT WAS LACKING
7264-92316-0003	8.010	101	854	THE ORGANS OF OPINION PROFESSED A GENTEEL IGNORANCE OF THAT IDEA WHICH WAS MOST WIDESPREAD MOST INTENSE AND MOST FORMATIVE
7264-92316-0006	7.725	97	823	BUT IT ASSERTED THE NECESSITY OF SPECIALLY EMPHASIZING ITS PARTICULAR POINT OF VIEW IN ITS OWN COLUMNS FOR RELIGION AFFECTS ALL LIFE
7264-92316-0020	9.005	113	955	THOUGH HOWEVER CERTAIN OF THE SOCIALIST FREE PAPERS THUS BOLDLY TOOK UP A STANDPOINT OF MORAL EQUALITY WITH THE OTHERS THEIR ATTITUDE WAS EXCEPTIONAL
7264-92316-0025	5.305	67	571	I MEAN THAT THE FREE PRESS HAS HAD STAMPED UPON IT THE CHARACTER OF DISPARATE PARTICULARISM
7264-92316-0036	8.360	105	895	WHY SHOULD THIS OR THAT VULGARIAN MEN BEGAN TO SAY EXERCISE AND BOAST OF THE POWER TO KEEP THE PEOPLE IGNORANT UPON MATTERS VITAL TO US ALL TO DISTORT
7264-92316-0041	6.885	87	736	THE KNOWLEDGE THAT THIS WAS SO PROVIDED THE THIRD AND PERHAPS THE MOST POWERFUL MOTIVE FOR THE CREATION OF A FREE PRESS
7264-92316-0045	7.755	97	822	BUT THAT SMALL NUMBER KNEW VERY WELL THAT WE WERE THUS IN REALITY GOVERNED BY MEN RESPONSIBLE TO NO ONE AND HIDDEN FROM PUBLIC BLAME
7278-91083-0002	2.420	31	271	WAS COMMENTED ON MOST FAVORABLY AT HOME
7278-91083-0007	7.330	92	774	HE IS MOST ACCESSIBLE TO ALL WITH NO AIRS OF SUPERIOR POSITION WELCOMING PERSONS FROM EVERY CLIME DAILY
7278-91083-0016	9.050	114	966	HIS HABITS WERE THE BEST AND WHY SHOULD NOT SUCH A BOY SUCCEED IN THREE YEARS WHEN HE WAS TWENTY ONE HE HAD BECOME THE HEAD OF A PUBLISHING HOUSE
7278-91083-0023	6.920	87	734	BLUE AND GOLD IN THE CENTRE IS A TABLE MADE FROM EBONY BROUGHT FROM AFRICA BY PAUL DU CHAILLU
7278-91083-0024	5.015	63	530	OF THE STANDARD AUTHORS BUT OTHER THINGS ARE OF DEEPER INTEREST
7278-91083-0029	5.120	64	548	LETTERS AND MANUSCRIPTS FROM LAMB HAWTHORNE MARY SOMERVILLE HARRIET
7278-91083-0033	9.210	116	974	OF THE WORLD ONE COULD LINGER HERE FOR DAYS BUT WE MUST SEE THE LOVELY COUNTRY SEAT CALLED WOOTTON SOME DISTANCE OUT FROM THE CITY
7278-91083-0038	2.550	32	277	INTEGRITY AND TRUE FAITH IN HIMSELF
7278-91083-0041	8.680	109	926	FEBRUARY THIRD EIGHTEEN NINETY FOUR FROM THE EFFECTS OF A STROKE OF PARALYSIS SUSTAINED AT THE LEDGER OFFICE ON JANUARY EIGHTEENTH
7278-104730-0000	8.270	104	878	WERE BEFORE HIM IT WAS A PART OF HIS DESTINY TO BECOME THE CHAMPION OF THE ANTI SLAVERY CAUSE IN THE NATIONAL LEGISLATURE
7278-104730-0003	5.330	67	572	MULTIPLYING FOR THE PURPOSE OF SPREADING AND INCREASING A POPULAR HOSTILITY TOWARDS THE GREAT
7278-104730-0012	4.785	60	507	QUITE IN THE WRONG AND PREDESTINED TO WELL MERITED DEFEAT
7278-104730-0013	8.895	112	949	MISTER ADAMS AGAIN PRESENTED TWO PETITIONS FOR THE ABOLITION OF SLAVERY IN THE DISTRICT OF COLUMBIA BUT WITHOUT GIVING RISE TO MUCH EXCITEMENT THE
7278-104730-0016	4.030	51	438	DECLARING THAT THE HOUSE WOULD NOT ENTERTAIN ANY PETITIONS FOR THE ABOLITION
7278-104730-0018	5.735	72	610	THAT WHEREAS THE AGITATION OF THE SUBJECT WAS DISQUIETING AND OBJECTIONABLE ALL PETITIONS
7278-104730-0019	4.880	61	515	THEY HAD ASSUMED AN UNTENABLE POSITION HENCEFORTH
7278-104730-0021	9.185	115	970	HAVING CONSTITUTED A VOTE MISTER ADAMS CALLED ATTENTION TO THE OMISSION THE CLERK BY DIRECTION OF THE SPEAKER THEREUPON CALLED HIS NAME
7278-104730-0022	3.515	44	379	THAT IT WAS NOT IN ORDER MIGHT BE ENTERED ON THE JOURNAL
7278-104730-0024	5.775	73	619	NO ONE EVER GAINED MUCH IN A WAR OF WORDS WITH THIS EVER READY AND MERCILESS TONGUE
7278-104730-0036	7.430	93	784	IN DECEMBER EIGHTEEN THIRTY SEVEN STILL AT THIS SAME WORK HE MADE A HARD BUT FRUITLESS EFFORT
7278-104730-0041	5.270	66	566	ORDER NOTWITHSTANDING THE SPEAKER THEN SAID THE GENTLEMAN FROM MASSACHUSETTS WILL TAKE HIS SEAT
7278-104730-0042	3.270	41	355	AND PRESENTED ANOTHER PETITION HE DID NOT DARE TELL ME
7278-246956-0002	4.600	58	488	REGARDED FROM THE IDEAL POINT OF THE DIVINE IN
7278-246956-0003	9.105	114	952	OF THE ADVANTAGES HE TOOK FOR HE KNEW THAT HE HAD KNOWN THEM SUCH AS SHRUNK FROM THE LIGHT NOT COMING
7278-246956-0004	9.305	117	991	HE WAS NOW DOING HIS BEST TO BANISH THEM FROM HIS BUSINESS AND YET THEY WERE A PAINFUL PRESENCE TO HIS SPIRIT SO GRIEVOUS TO BE BORNE
7278-246956-0018	8.515	107	894	HAD SHE NOT DONE ENOUGH WOULD EVEN HER FATHER REQUIRE MORE OF HER THAN SHE HAD ALREADY DONE AND ENDURED
7278-246956-0028	5.410	68	577	WAS NOT ONE OF THOSE WHO CRIPPLE THE TRUTH AND BLIND THEIR OWN SOULS
7278-246956-0033	5.670	71	609	THAT AFTER AN EARLY BREAKFAST HE HAD MOUNTED HELEN'S MARE AND SET OUT TO CALL ON MISTER HOOKER
7302-86814-0016	4.040	51	435	THE THIEVES HAD ALREADY APPROACHED ANDREA SOME SCREAMING
7302-86814-0017	6.080	76	643	ANOTHER KIND OF RECREATION IN WHICH A HANDKERCHIEF IS FILLED WITH SAND PEBBLES
7302-86814-0025	7.240	91	766	UPON THE IRON BARS THE BOLTED DOORS AND THE SHADOW WHICH MOVED BEHIND THE OTHER GRATING
7302-86814-0026	6.095	77	644	SAID ANDREA DEEPLY AFFECTED GOOD MORNING BENEDETTO
7302-86814-0028	3.480	44	376	YOU WISH TO SPEAK WITH ME ALONE DO YOU NOT
7302-86814-0029	3.425	43	360	OH YES THAT IS WELL
7302-86814-0031	2.795	35	306	THE KEEPER SPOKE FOR A MOMENT WITH AN OFFICIAL
7302-86814-0036	2.300	29	255	WHO SO GRACEFULLY MOUNTED HIS HORSE
7302-86814-0037	2.690	34	294	AS THEY SAY AT THE GAME OF PINCETTE
7302-86814-0038	5.540	70	587	COME LET US TALK A LITTLE ABOUT MY FATHER WHO THEN AM I
7302-86814-0041	4.570	58	485	WORTHY FOSTER FATHER WELL WELL
7302-86814-0044	4.595	58	490	DO YOU THINK YOU ARE ENGAGED WITH A PYGMY LIKE YOURSELF
7302-86814-0047	2.085	27	233	I WILL RETURN TO MORROW
7302-86815-0001	9.040	113	954	HAD NOT SEEN HIS FATHER SINCE THE MORNING OF THE DEATH THE WHOLE ESTABLISHMENT HAD BEEN CHANGED ANOTHER VALET WAS ENGAGED FOR HIMSELF
7302-86815-0007	6.820	86	726	PRESENTED TO HIM FOR THE PURPOSE OF OBTAINING TICKETS OF ADMISSION TO THE COURT ON THE DAY OF TRIAL
7302-86815-0008	3.670	46	395	AND THE GLOOM WHICH OVERSHADOWED THE HOUSE WAS SO RECENT
7302-86815-0009	8.145	102	860	WHICH WERE THE ONLY MEANS HE HAD OF DISSIPATING HIS GRIEF ONCE ONLY HAD VILLEFORT SEEN HIS FATHER
7302-86815-0010	6.550	82	692	WHEN THE LATTER WAS TO LEARN HIS FATHER'S NAME THE MAGISTRATE HARASSED AND FATIGUED
7302-86815-0012	2.135	27	233	AT ONE OF THE OPEN WINDOWS
7302-86815-0013	8.660	109	920	WHICH VILLEFORT COULD SCARCELY DISTINGUISH HIS GLANCE WAS SO FULL OF HATE OF FEROCITY AND SAVAGE IMPATIENCE
7302-86815-0015	8.290	104	878	TO SMILE UPON HER SON OR TO THROW BACK HIS ELASTIC BALL WHICH HE OBSTINATELY THREW FROM THE DRAWING ROOM INTO THE GARDEN
7302-86815-0017	6.175	78	662	PRESSED HER LIPS UPON IT AND SENT HIM BACK WITH THE BALL IN ONE HAND AND SOME BONBONS IN THE OTHER
7302-86815-0018	5.670	71	603	LIKE THAT OF THE BIRD TO THE SERPENT WALKED TOWARDS THE HOUSE AS HE APPROACHED IT
7302-86815-0019	5.005	63	537	FELT THEM PIERCE TO THE DEPTHS OF HIS HEART IN THAT EARNEST LOOK
7302-86815-0020	4.705	59	505	AS WELL AS A TERRIBLE MENACE THEN NOIRTIER RAISED HIS EYES TO HEAVEN
7302-86815-0022	3.365	43	369	AND TURNED HIS EYES WITH INDIFFERENCE TO THE OTHER SIDE
7302-86815-0030	6.650	84	710	HEARD THE SUCCESSIVE NOISES WHICH ACCOMPANY THE LIFE OF A HOUSE THE OPENING AND SHUTTING OF DOORS
7302-86815-0031	7.560	95	804	TO SUMMON THE WAITING MAID MINGLED WITH THE FIRST SHOUTS OF THE CHILD WHO ROSE FULL OF THE ENJOYMENT OF HIS AGE
7302-86815-0035	2.135	27	233	THE BREAKFAST HOUR ARRIVED
7302-86815-0036	3.230	41	349	WELL SAID VILLEFORT WHAT THEN
7302-86815-0037	6.485	82	691	SHE IS QUITE READY AND WISHES TO KNOW IF SHE IS TO ACCOMPANY YOU SIR WHERE TO
7302-86815-0039	4.660	59	503	IF YOU WISH TO GO ALONE SIR I WILL GO AND TELL MY MISTRESS
7302-86815-0044	5.855	74	630	HER BONNET WAS PLACED BESIDE HER ON A CHAIR AND HER GLOVES WERE ON HER HANDS
7302-86815-0048	5.320	67	567	THE CHILD UNACCUSTOMED TO SUCH TREATMENT AROSE PALE AND TREMBLING
7302-86815-0049	9.180	115	966	HIS FATHER WENT UP TO HIM TOOK HIM IN HIS ARMS AND KISSED HIS FOREHEAD GO HE SAID GO MY CHILD EDWARD RAN OUT
7302-86815-0050	2.930	37	320	WHICH HE CLOSED BEHIND THE CHILD AND BOLTED
7302-86815-0053	6.285	79	665	SEES THE MURDEROUS TRAP CLOSING OVER ITS HEAD A HOARSE BROKEN TONE
7302-86815-0056	5.580	70	594	WHERE YOU CONCEAL THE POISON BY THE AID OF WHICH YOU HAVE KILLED MY FATHER IN LAW
7302-86815-0061	8.985	113	953	YOU HAVE ACCOMPLISHED THESE DIFFERENT CRIMES WITH IMPUDENT ADDRESS BUT WHICH COULD ONLY DECEIVE THOSE WHOSE AFFECTIONS FOR YOU BLINDED THEM
7302-86815-0062	3.795	48	409	I HAVE KNOWN THAT A POISONER LIVED IN MY HOUSE
7302-86815-0075	3.515	44	372	WHAT I REQUIRE IS THAT JUSTICE BE DONE
7302-86815-0078	5.200	65	545	REFLECT THAT I AM YOUR WIFE YOU ARE A POISONER
7302-86815-0079	5.570	70	587	I I KILL MY BOY CRIED THE DISTRACTED MOTHER
7302-86815-0081	4.495	57	480	THINK OF IT MADAME HE SAID IF ON MY RETURN
7312-92432-0000	4.210	53	448	MAY TEN EIGHTEEN FIFTY ONE MADAME
7312-92432-0009	4.200	53	460	HER RESIDENCE ON THE PIAZZI BARBERINI BEING CONSIDERED AN INSECURE ABODE
7312-92432-0014	5.725	72	618	AND I HAVE HEARD MANY OF THOSE WHO RECOVERED SPEAK WITH ALL THE PASSIONATE FERVOR OF THE ITALIAN NATURE
7312-92432-0018	9.195	115	986	AND THE ANNOUNCEMENT OF HER DEATH WAS RECEIVED WITH A DEGREE OF SORROW NOT OFTEN BESTOWED UPON A FOREIGNER ESPECIALLY ONE OF A DIFFERENT FAITH ON THE TWENTY NINTH OF JUNE
7367-86737-0000	3.630	46	389	CHAPTER THIRTY THREE ROMAN BANDITS
7367-86737-0006	5.420	68	581	BRAVO AN EXCELLENT IDEA WE WILL DISGUISE OURSELVES AS MONSTER PULCHINELLOS
7367-86737-0007	9.010	113	952	AND WE SHALL HAVE COMPLETE SUCCESS DO YOUR EXCELLENCIES STILL WISH FOR A CARRIAGE FROM NOW TO SUNDAY MORNING PARBLEU SAID ALBERT
7367-86737-0014	9.155	115	983	THE YOUNG MEN WOULD HAVE THOUGHT THEMSELVES HAPPY TO HAVE SECURED IT FOR THE LAST THREE DAYS OF THE CARNIVAL EXCELLENCY CRIED THE CICERONE SEEING FRANZ APPROACH THE WINDOW
7367-86737-0021	8.960	112	949	BUT AT THE FIRST WORDS HE WAS INTERRUPTED EXCELLENCY SAID PASTRINI I AM DELIGHTED TO HAVE YOUR APPROBATION BUT IT WAS NOT FOR THAT I CAME
7367-86737-0033	6.435	81	692	WELL WHAT HAS THIS BANDIT TO DO WITH THE ORDER I HAVE GIVEN THE COACHMAN TO LEAVE THE CITY BY THE PORTA DEL POPOLO
7367-86737-0038	9.190	115	973	AND DOUBTLESS THE ROMAN PEOPLE WILL CROWN US AT THE CAPITOL AND PROCLAIM US LIKE CURTIUS AND THE VEILED HORATIUS THE PRESERVERS OF THEIR COUNTRY
7367-86737-0040	3.620	46	398	FOR AT TERRACINA I WAS PLUNDERED EVEN OF MY HUNTING KNIFE
7367-86737-0042	9.150	115	969	YOUR ANSWER IS SUBLIME AND WORTHY THE LET HIM DIE OF CORNEILLE ONLY WHEN HORACE MADE THAT ANSWER THE SAFETY OF ROME WAS CONCERNED
7367-86737-0048	7.320	92	783	AND IT COST ME THREE THOUSAND FRANCS LET US HEAR THE HISTORY SAID FRANZ MOTIONING SIGNOR PASTRINI TO SEAT HIMSELF
7367-86737-0049	6.295	79	675	AT THE MOMENT SIGNOR PASTRINI WAS ABOUT TO OPEN HIS MOUTH THAT YOU KNEW LUIGI VAMPA WHEN HE WAS A CHILD
7367-86737-0072	2.925	37	321	TERESA WAS SIXTEEN AND VAMPA SEVENTEEN
7367-86737-0082	7.645	96	815	THEIR PROMISES OF MUTUAL FIDELITY AND HOW EVERY NIGHT SINCE HE HAD BEEN NEAR THEY HAD MET IN SOME NEIGHBORING RUINS
7367-86737-0095	8.830	111	950	AND THE YOUNGEST OF THE BAND DREW FORTH A TICKET THE TICKET BORE THE NAME OF DIOVOLACCIO HE WAS THE MAN WHO HAD PROPOSED TO CARLINI THE HEALTH OF THEIR CHIEF
7367-86737-0098	4.775	60	512	THAT IS ACTING LIKE A GOOD FELLOW AND THEY ALL FORMED A CIRCLE ROUND THE FIRE
7367-86737-0102	8.665	109	923	RISING IN HIS TURN AND APPROACHING THE CORPSE HIS HAND ON THE BUTT OF ONE OF HIS PISTOLS DOES ANY ONE DISPUTE THE POSSESSION OF THIS WOMAN WITH ME
7367-86737-0105	2.515	32	279	BUT THE CHIEF WITHOUT TAKING THE MONEY
7367-86737-0111	7.575	95	812	AND WITHDRAWING THE KNIFE FROM THE WOUND IN RITA'S BOSOM HE HELD IT OUT TO THE OLD MAN WITH ONE HAND WHILE WITH THE OTHER HE TORE OPEN HIS VEST
7367-86737-0114	6.660	84	705	THEN EXTENDING HIS HAND THE OLD MAN SAID I THANK YOU MY SON AND NOW LEAVE ME ALONE
7402-59171-0008	8.305	104	879	PROBABLY HE WAS DOOMED TO BE A FIGURE JUST AS DOCTOR JOHNSON WAS IF HE HAD NOT TOLD US LEGENDS ABOUT HIMSELF
7402-59171-0026	3.070	39	337	DECLARE THAT BERNARD SHAW DOES DEPICT CHARACTERS
7402-59171-0030	4.730	60	508	A FEW ONLY OF THESE LATTER TYPES ARE GIVEN US BY MOLIERE
7402-59171-0033	3.890	49	418	MISTER SHAW IS MADE AN IDOL IN SPITE OF HIMSELF
7402-59171-0034	7.425	93	777	IS AN OFFERING AT A SHRINE THE TRUE THINGS IT CONTAINS HOWEVER MAKE IT WORTH READING
7402-59171-0044	8.405	106	882	HE SEES CURRENT HISTORY FROM THE ABSOLUTELY OPPOSITE POINT OF VIEW SAY TO THE LYRIC POET
7402-59171-0045	3.070	39	339	THOUGH HIS ATTITUDE TO THE WAR WAS AS ANTI PRUSSIAN
7402-90848-0012	4.770	60	514	I'M LOOKING FOR SOMETHING I'VE LOST MYSELF I'VE LOST MY TEMPER
7402-90848-0022	5.805	73	621	IN WHICH WERE A PAIR OF WOODEN SHOES ABOVE THE SHOES WAS A CARD SAYING SIMPLY
7402-90848-0033	9.340	117	997	BOBO WILLINGLY AGREED SO TWELVE O'CLOCK WHO WAS THE YOUNGEST OF THE HOURS TOOK HIM TO THE STABLES AND SHOWED HIM THE LITTLE ROOM IN THE TURRET THAT HE WAS TO HAVE
7402-90848-0045	4.985	63	531	IN A WORD THE GREATEST NOBLEMAN IN ALL FAIRYLAND
7402-90848-0062	1.980	25	221	WHEN THE REJOICINGS WERE OVER
7447-91186-0003	5.840	73	616	WERE BROUGHT TO ACT ON A FEW STRINGS COMMANDING OFTEN THREE OCTAVES
7447-91186-0006	6.330	80	674	OR KEYBOARD INSTRUMENTS THAT CAME INTO USE DANCE MUSIC FOUND IN THEM A CONGENIAL FIELD
7447-91186-0008	4.895	62	531	ALSO IT WOULD BRING YOU BUT LITTLE PLEASURE OR RENOWN IF YOU SHOULD PLAY BADLY
7447-91186-0014	7.735	97	824	THE CLAVIER GAVE PROMISE OF ITS DESTINED CAREER IN THE ELIZABETHAN AGE SHAKESPEARE IMMORTALIZED IT AND WILLIAM BYRD
7447-91186-0015	4.805	61	515	BECAME THE FIRST CLAVIER MASTER HE AND DOCTOR JOHN BULL
7447-91186-0023	6.815	86	730	EXTENSIVELY EMPLOYED THE INSTRUMENT IN THE ORCHESTRATION OF HIS OPERAS AND WROTE SOLO DANCES FOR IT
7447-91186-0028	7.745	97	815	ELEMENT IN MUSIC AND LAID THE CORNER STONE OF MODERN PIANO PLAYING JEAN PHILIPPE RAMEAU
7447-91186-0030	2.305	29	253	AND JOHANN SEBASTIAN BACH
7447-91187-0015	8.880	111	933	ALTHOUGH HIS MODE OF EXPRESSION WAS PECULIARLY HIS OWN HE HAD RECEIVED A STRONG IMPULSE FROM THE POPULAR MUSIC OF POLAND
7447-91187-0016	6.250	79	664	THEY WERE HIS EARLIEST MODELS ON THEM WERE BUILDED HIS FIRST THEMES
7447-91187-0044	5.200	65	554	ONE WHOSE EXQUISITE DELICACY COULD NEVER BE CONFOUNDED WITH FEEBLENESS
7447-91187-0065	5.765	73	622	THE PRELUDES MOODS IN MINIATURE THE NOCTURNES NIGHT AND ITS MELANCHOLY MYSTERIES
7447-91187-0066	6.975	88	743	FAERY DRAMAS THE POLONAISES HEROIC HYMNS OF BATTLE THE VALSES AND MAZURKAS
7505-83618-0000	2.685	34	296	THEIR CULTURE MYTH WHICH HE HAS RECORDED
7505-83618-0010	8.115	102	851	LANGUAGE ITSELF IS PROOF OF IT MANY ALGONKIN WORDS FOR EAST MORNING DAWN DAY LIGHT
7505-83618-0011	4.335	55	462	ARE DERIVED FROM A RADICAL SIGNIFYING WHITE
7505-83618-0013	1.775	23	202	FOR ASKED THE INCAS
7505-83618-0017	4.520	57	478	TO A THIRD THE EAST TO A FOURTH THE WEST
7505-83618-0019	8.580	108	910	NOR DOES IT CEASE HERE MICHABO I HAVE SHOWN IS THE WHITE SPIRIT OF THE DAWN VIRACOCHA ALL AUTHORITIES TRANSLATE
7505-83618-0021	4.040	51	435	I HAVE ALREADY EXPLAINED OTHERS OF HIS TITLES WERE
7505-83618-0022	6.995	88	740	YOLCUAT THE RATTLESNAKE TOHIL THE RUMBLER HUEMAC THE STRONG HAND
7505-258958-0015	9.265	116	973	A CROP OF CORN IS NOT ALL INCOME IN A TIME OF FAMINE IT COULD BE USED BUT SEED CORN WAS SAVED FROM LAST YEAR
7505-258958-0029	9.250	116	970	BUT WHETHER OR NOT THE SERVICE HAS FOR A MOMENT EMBODIED ITSELF IN MATERIAL FORM IS OF NO ESSENTIAL ECONOMIC IMPORT
7505-258964-0006	5.060	64	542	ENABLING THEM TO CARRY A GREATER AMOUNT OF FREIGHT WITHIN A YEAR
7505-258964-0018	8.300	104	872	SOME OF THE GROUPINGS IN THE CHEMICAL AND PHYSICAL WORLD THAT DO NOT FIT MAN'S PURPOSES MAY BE MADE TO DO SO
7505-258964-0025	7.160	90	753	AGENTS OF THE SAME KIND MAY DIMINISH IN NUMBER EITHER ABSOLUTELY OR RELATIVELY
7505-258964-0028	9.450	119	994	OF LAND TENFOLD ITS FORMER TOTAL VALUE FITNESS TO PRODUCE NETTLES IS NOT ORDINARILY A VIRTUE IN LAND
7505-258964-0033	6.015	76	638	ITS RENT RISES ALTHOUGH IT MAY CONTINUE TO TURN OUT THE SAME PRODUCT
7505-258964-0046	9.355	117	978	THEIR HIGH VALUE IS DUE TO THE IMPOSSIBILITY OF COMPETITION THE CARS MULES DYNAMOS STEAM ENGINES
7505-258964-0051	8.400	105	876	AS WELL AS OF GAIN THE TERM UNEARNED INCREMENT HAS BEEN FREQUENTLY USED IN RECENT YEARS
7511-102419-0000	6.330	80	678	CAMP CLOUDCREST SEPTEMBER TWELFTH NINETEEN FOURTEEN DEAR MISSUS CONEY
7511-102419-0003	2.055	26	225	THE SKY WAS CLEAR BLUE
7511-102419-0008	2.935	37	318	I NEVER SAW SUCH A COUNTRY AS THE WEST
7511-102419-0009	7.715	97	819	AND I NEVER SAW SUCH PEOPLE YOU ARE JUST LIKE YOUR COUNTRY YOU HAVE FED ME CARED FOR ME AND BEFRIENDED ME A STRANGER
7511-102419-0015	8.840	111	939	EIGHTEEN MONTHS AGO FATHER DIED GENTLY WENT TO SLEEP I WAITED SIX MONTHS AND THEN WROTE TO WALLACE BUT RECEIVED NO REPLY
7511-102419-0054	5.475	69	588	HE TOLD MISTER HAYNES HE WAS TOO TAM SEEK IN DE BEL SO WE HAD TO COME WITHOUT HIM
7511-102420-0050	9.425	118	1001	BUT WE HAVE TO LISTEN TO RUN NIGGER RUN AND THE OLD GRAY HOSS COME A TEARIN OUT THE WILDERNESS I'LL SING THEM TO YOU WHEN I COME TO DENVER
7517-100429-0008	5.565	70	594	FOR WHEN YOUR WHOLE DAY'S CRICKET HAS BEEN SPOILT IT IS PERFECTLY ABSURD
7517-100429-0009	8.135	102	851	HAS DONE THE DAMAGE THE SOUL YEARNS FOR SOMETHING MORE STARTLING THAN THAT THE RECORD OF THE POND
7517-100429-0032	2.625	33	285	HAVE FALLEN IN THE LAST THREE WEEKS
7517-100437-0004	5.060	64	540	WHO WROTE IN THE EARLY PART OF LAST CENTURY A BOOK CALLED
7517-100437-0008	2.570	33	287	WHO HAS NOT HEARD OF CLAUDE TILLIER
7635-105409-0005	4.910	62	529	PERCY MY HUSBAND FOR GOD'S SAKE FLY ARMAND ARMAND WHY DON'T YOU FIRE
7635-105409-0015	6.735	85	728	YOU ORDERED US TO WAIT CITOYEN PROTESTED THE SERGEANT AND TO IMPLICITLY OBEY YOUR COMMANDS ON PAIN OF DEATH WE WAITED
7635-105409-0020	6.405	81	695	IT NEEDED ALL CHAUVELIN'S NERVE AND PRESENCE OF MIND NOT TO GIVE WAY TO A USELESS AND UNDIGNIFIED ACCESS OF RAGE
7635-105409-0022	2.750	35	306	THERE WERE NO FAIRIES AND HOBGOBLINS ABOUT
7635-105409-0033	5.520	69	594	BUT THE LATTER HAD NOT WAITED AN INSTANT ONE PHRASE OF THE MOMENTOUS SCRAWL HAD CAUGHT HIS EAR
7635-105409-0035	4.635	58	501	THERE IS CITOYEN I KNOW IT WELL THE ENGLISHMAN IS HOPING TO REACH THAT CREEK
7635-105409-0037	3.910	49	425	WITHIN A FEW MINUTES THEIR RUNNING FOOTSTEPS HAD DIED AWAY IN THE DISTANCE
7635-105409-0039	6.290	79	681	THE SOLDIERS WERE HOLDING MARGUERITE PINIONED TO THE GROUND THOUGH SHE POOR SOUL WAS NOT MAKING THE FAINTEST STRUGGLE
7635-105409-0041	3.395	43	372	BUT THE HARD VENGEFUL HEART OF HER BAFFLED ENEMY
7635-105409-0050	4.640	58	492	B BUT YOUR HONOUR THERE IS NO BUT I SAID DO YOU REMEMBER
7635-105409-0064	7.715	97	837	THAT WILL DO COMMANDED CHAUVELIN AS THE JEW'S MOANS BECAME MORE FEEBLE AND THE POOR WRETCH SEEMED TO HAVE FAINTED AWAY WE DON'T WANT TO KILL HIM
7635-105409-0065	9.150	115	977	LEAVE HIM THERE SAID CHAUVELIN AND LEAD THE WAY NOW QUICKLY TO THE CART I'LL FOLLOW HE WALKED UP TO WHERE MARGUERITE LAY AND LOOKED DOWN INTO HER FACE
7635-105409-0067	8.795	110	939	WITH MOCK GALLANTRY HE STOOPED AND RAISED HER ICY COLD HAND TO HIS LIPS WHICH SENT A THRILL OF INDESCRIBABLE LOATHING THROUGH MARGUERITE'S WEARY FRAME
7635-105661-0014	4.385	55	471	THOUGH SHE POSSESSED LARGE REVENUES WAS NOT CONTENTED WITH HER ACQUISITIONS
7635-105661-0024	5.555	70	602	WAS FULLY ACQUAINTED WITH THE RIDICULE AND FALSITY OF THE DOCTRINES WHICH AS SUPREME PONTIFF
7635-105661-0029	5.645	71	606	AND AS COPIES OF THE SCRIPTURES AND OTHER ANCIENT MONUMENTS OF THE CHRISTIAN FAITH BECAME MORE COMMON
7635-105661-0030	8.785	110	936	MANY OF THE POWERS INDEED ASSUMED BY THE CHURCH OF ROME WERE VERY ANCIENT AND WERE PRIOR TO ALMOST EVERY POLITICAL GOVERNMENT ESTABLISHED IN EUROPE
7635-105661-0046	6.900	87	742	AND WHO DREADED THE RESENTMENT OF THAT HAUGHTY MINISTER WAS SOLICITOUS TO REPAIR THE BREACH MADE IN THEIR FRIENDSHIP BY THIS INCIDENT
7635-105661-0047	6.690	84	718	HE RENEWED TO WOLSEY ALL THE PROMISES WHICH HE HAD MADE HIM OF SECONDING HIS PRETENSIONS TO THE PAPAL THRONE
7635-105661-0048	4.080	51	441	TO THE NEXT ELECTION THE EMPEROR RENEWED THE TREATY MADE AT BRUGES
7780-274562-0013	7.785	98	823	AND THEN HE INSTANCED THE HIGH ECSTASIES OF THE FOX HUNTER HIS SECOND PRINCIPLE WAS THE LOVE OF WOMAN
7780-274562-0021	8.770	110	925	MANY FUTILE ATTEMPTS HAD BEEN MADE TO SET ASIDE THIS SINGULAR BEQUEST THEIR EX POST FACTO CHARACTER RENDERED THEM ABORTIVE
7780-274562-0023	7.290	92	772	FROM ENTERING INTO POSSESSION AS THE HEIR OF HIS ANCESTOR SEABRIGHT OF A FORTUNE OF
7780-274562-0032	7.920	99	833	ENRICHING WHOLE TROOPS OF HIS RELATIVES BY DIVISION OF HIS SUPERABUNDANCE I WAS NOT SURPRISED HOWEVER
7780-274562-0035	2.925	37	317	OR IN THE NATURE OF HIS INTELLECT
7780-274562-0066	3.160	40	343	THEREFORE HER SUSCEPTIBILITY OF IMPROVEMENT
7780-274562-0067	8.730	110	928	IT WAS MISTER ELLISON WHO FIRST SUGGESTED THE IDEA THAT WHAT WE REGARDED AS IMPROVEMENT OR EXALTATION OF THE NATURAL BEAUTY
7780-274562-0070	8.455	106	889	HE SPOKE UPON THIS TOPIC WITH WARMTH REGARDING NOT SO MUCH ITS IMMEDIATE OR OBVIOUS IMPORTANCE WHICH IS LITTLE
7780-274562-0090	7.170	90	754	SUCH AS THAT OF KEATS OR THE SENSITIVE PLANT OF SHELLEY BUT THE THING DONE
7780-274562-0097	9.205	116	972	HE SECURES ALL THE ADVANTAGES OF INTEREST OR DESIGN WHILE RELIEVING HIS WORK OF ALL THE HARSHNESS AND TECHNICALITY OF ART
7780-274562-0105	7.520	94	789	THAT ELLISON THOUGHT TO FIND AND FOUND AN EXEMPTION FROM THE ORDINARY CARES OF HUMANITY
7794-295948-0000	2.900	37	318	NIGHT AND MORNING HE RECITED THE PRAYER
7794-295948-0001	6.275	79	674	ALTHOUGH THE FAME OF HIS VIRTUE DID NOT REACH FAR YET HIS NEIGHBOURS RESPECTED AND REVERED HIM
7794-295948-0026	2.100	27	238	WRITTEN IN THE ANNALS OF JAPAN
7800-283478-0005	4.770	60	516	I HAPPENED TO DODGE A BALL FIRED FROM THE OTHER SIDE AND IT WENT THROUGH THE GLASS WHAT
7800-283478-0018	3.865	49	421	ALTHOUGH THE LATTER HAD NOT BEEN A RESIDENT THERE MUCH MORE THAN THREE YEARS
7800-283478-0019	5.940	75	641	BELIEVE ME I'LL LET YOU BOYS OFF AS LIGHTLY AS I CAN AND NOT LOSE BY IT WAS WHAT HE TOLD THEM
7800-283478-0020	2.785	35	306	AS THE FOUR CHUMS WENT AWAY JERRY CHUCKLED
7800-283492-0011	5.310	67	575	I SAW HIS HEAD THOUGH AFTER A BIT WHEN WE HAD TALKED MATTERS OVER HE WENT BACK TO THE FIRE AGAIN
7800-283492-0012	3.250	41	353	OH NO IT ISN'T SO BAD AS THAT HE WAS ASSURED
7800-283492-0015	6.285	79	673	YOU'VE GOT IT ABOUT STRAIGHT BLUFF FRANK ADMITTED OF COURSE I'M ONLY GUESSING ALL THIS REMEMBER
7800-283492-0023	7.175	90	766	HE WAS BEGINNING TO GET OVER THE NERVOUSNESS THAT HAD SHOWN ITSELF FOR A WHOLE DAY FOLLOWING HIS ADVENT IN THE NEW CAMP
7800-283492-0040	5.800	73	621	BUT I SNAPPED HIM BEFORE HE TURNED AND TROTTED OFF WHAT TROTTED OFF SHRILLED BLUFF
7800-283493-0009	7.495	94	799	AS THEY HURRIED OFF BUT NOT BEFORE BLUFF AND JERRY HAD DARTED INSIDE THE CABIN AND REAPPEARED CARRYING THEIR GUNS
7800-283493-0020	6.995	88	748	FOR UP TO NOW HE HAD NOT BEEN GIVEN MUCH OF A CHANCE TO BRING DOWN ANY BIG GAME ON THIS TRIP AND WAS SECRETLY CHAFING
7800-283493-0022	8.430	106	904	NO NEED OF RUSHING OFF AS THOUGH YOU WERE CRAZY FRANK TOLD THEM WILL SAYS THE MOOSE DIDN'T ACT AS THOUGH IT WAS BADLY FRIGHTENED BY SEEING HIM
7800-283493-0037	6.865	86	730	WE'D BE PACK HORSES IF WE TRIED TO CARRY ANY MORE TRUCK ALONG OF COURSE FRANK TOLD THEM LAUGHINGLY
7800-283493-0038	3.390	43	368	WELL SO LONG BOYS AND WE ALL WISH YOU SUCCESS
7859-102518-0011	3.360	42	359	GOD WAS GOD AND MAHOMET HIS PROPHET
7859-102518-0014	2.355	30	261	IS NOT A THING TO BE DESPISED
7859-102518-0016	7.855	99	836	IN THE EARLY ENGAGEMENTS BETWEEN THE EAST ROMANS AND THE SARACENS THE SUPERIOR DISCIPLINE AND MORE REGULAR ARMS OF THE ONE
7859-102518-0018	9.015	113	959	THE ROMAN FOUGHT WELL ENOUGH BUT HE DID NOT LIKE HIS ADVERSARY YEARN TO BECOME A MARTYR AND THE ODDS WERE ON THE MAN WHO HELD HIS LIFE THE CHEAPEST
7859-102518-0020	9.430	118	995	SYRIA AND EGYPT AFTER SPENDING TWELVE AND TEN YEARS RESPECTIVELY UNDER THE PERSIAN YOKE HAD NOT YET GOT BACK INTO THEIR OLD ORGANIZATION
7859-102518-0024	7.805	98	832	THE TALE OF THE INVASION HAD BEEN INTERTWINED WITH A WHOLE CYCLE OF ROMANTIC LEGENDS FITTER FOR THE ARABIAN NIGHTS
7859-102518-0027	6.635	83	705	BROKE THEIR FIRM ARRAY WHEN A VICTORY SEEMED ALMOST ASSURED ALL THE MAILED HORSEMEN OF HERACLIUS
7859-102518-0029	2.785	35	301	MOST OF ITS POPULATION WERE MASSACRED
7859-102518-0031	8.920	112	942	TOOK THE TRUE CROSS FROM ITS SANCTUARY WHERE HE HAD REPLACED IT IN TRIUMPH FIVE YEARS BEFORE AND RETIRED TO CONSTANTINOPLE
7859-102518-0032	9.330	117	993	HARDLY HAD HE REACHED IT WHEN THE NEWS ARRIVED THAT HIS DISCONTENTED AND DEMORALIZED TROOPS HAD PROCLAIMED A REBEL EMPEROR THOUGH THE ENEMY WAS BEFORE THEM
7859-102519-0003	7.555	95	808	AND TOOK NO LESS THAN THIRTY THOUSAND PRISONERS WHOM HE SENT OVER TO ASIA AND FORCED TO ENLIST IN THE ARMY OF ARMENIA
7859-102519-0005	7.000	88	747	AND THE ROMAN ARMY WAS ROUTED WITH GREAT SLAUGHTER THE TWO SUBSEQUENT CAMPAIGNS WERE EQUALLY UNSUCCESSFUL
7859-102519-0010	8.720	109	925	WHILE THE EMPEROR'S FINANCIAL EXPEDIENTS WERE MAKING HIM HATED BY THE MONEYED CLASSES HE WAS RENDERING HIMSELF NO LESS UNPOPULAR IN THE ARMY
7859-102519-0013	8.685	109	922	AND BADE HIM SAVE HIMSELF BY A BOLD STROKE IF HE WOULD AIM A BLOW AT JUSTINIAN HE WOULD FIND THE PEOPLE AND THE ARMY READY TO FOLLOW HIM
7859-102519-0015	6.445	81	692	NO ONE WOULD FIGHT FOR JUSTINIAN WHO WAS CAUGHT AND BROUGHT BEFORE THE REBEL LEADER IN COMPANY WITH HIS TWO ODIOUS MINISTERS
7859-102519-0016	8.855	111	941	AND BANISHED HIM TO CHERSON THEODOTUS AND STEPHANUS HE HANDED OVER TO THE MOB WHO DRAGGED THEM ROUND THE CITY AND BURNT THEM ALIVE
7859-102519-0018	9.390	118	996	THE ASIATIC FRONTIER WAS RAVAGED BY THE ARMIES OF ABDALMALIK AND AT THE SAME TIME A GREAT DISASTER BEFEL THE WESTERN HALF OF THE EMPIRE
7859-102519-0019	3.520	44	381	WHERE THE ROMANS HAD STILL MAINTAINED THEMSELVES BY HARD FIGHTING
7859-102519-0020	3.395	43	373	HIS TROOPS GAINED SEVERAL VICTORIES OVER THE SARACENS
7859-102519-0021	2.485	32	278	AND EVEN INVADED NORTHERN SYRIA
7859-102519-0026	8.815	111	940	TO INDUCE HIM TO SURRENDER JUSTINIAN AND THE TREACHEROUS BARBARIAN DETERMINED TO ACCEPT THE BRIBE AND SENT SECRET ORDERS TO TWO OF HIS OFFICERS
7859-102519-0030	2.525	32	278	MAY GOD DROWN ME HERE HE ANSWERED
7859-102519-0032	8.635	108	913	AND FOUND IT IN THE PRETENCE OF SUPPORTING THE EXILED MONARCH WITH A BULGARIAN ARMY AT HIS BACK JUSTINIAN APPEARED BEFORE CONSTANTINOPLE
7859-102519-0033	5.725	72	619	THERE WAS NO FIGHTING FOR THE ADHERENTS OF TIBERIUS WERE AS UNREADY TO STRIKE A BLOW FOR THEIR MASTER
7859-102519-0047	3.270	41	354	IN LESS THAN TWO YEARS HE WAS UPSET BY A CONSPIRACY
7859-102519-0051	3.655	46	395	AND EVERY YEAR THEIR RAVAGES PENETRATED FURTHER INLAND
7859-102519-0052	8.000	100	844	WITH THE EXPRESS PURPOSE OF LAYING SIEGE TO CONSTANTINOPLE NO ONE HINDERED HIM FOR THE ARMY RAISED TO SERVE AGAINST HIM
7859-102519-0053	2.325	30	264	THEY HAD PENETRATED INTO PHRYGIA
7859-102521-0000	2.255	29	249	THE ICONOCLASTS
7859-102521-0005	8.435	106	899	NOT LEAST AMONG THE SIGNS OF A DECAYING CIVILIZATION WERE THE GROSS SUPERSTITIONS WHICH HAD GROWN UP OF LATE IN THE RELIGIOUS WORLD
7859-102521-0010	7.465	94	799	WHILE THE EMPRESS DOWAGER IRENE BECAME SOLE REGENT AND HER NAME WAS ASSOCIATED WITH THAT OF HER SON IN ALL ACTS OF STATE
7859-102521-0012	6.895	87	738	RESTORED HER TO HER FORMER DIGNITY THE UNNATURAL MOTHER WAS FAR FROM ACQUIESCING IN HER SON'S ELEVATION
7859-102521-0013	7.970	100	851	SEIZED THE YOUNG EMPEROR BLINDED HIM AND IMMURED HIM IN A MONASTERY BEFORE ANY OF HIS ADHERENTS WERE ABLE TO COME TO HIS AID
7859-102521-0014	6.095	77	654	HER GRAND TREASURER HAVING GAINED OVER SOME OF THE EUNUCHS AND OTHER COURTIERS ABOUT HER PERSON
7859-102521-0016	7.250	91	776	AND TOOK UPON HIMSELF THE ONUS OF ENDING IT SO FAR AS ITALY WAS CONCERNED BY CREATING A NEW EMPEROR OF THE WEST
8014-112586-0011	2.680	34	294	OF WEALTH AND GOODNESSE FAR ABOVE THE REST
8014-112586-0013	4.075	51	430	THE FIRST A SOCIAL HISTORY OF ANCIENT IRELAND
8014-112586-0015	4.195	53	448	THE SECOND A SMALLER SOCIAL HISTORY OF ANCIENT IRELAND
8014-112602-0002	8.155	102	868	IT WAS CONSIDERED SHAMEFUL FOR A MAN OF POSITION TO HAVE ROUGH UNKEMPT NAILS CRIMSON COLOURED FINGER NAILS WERE GREATLY ADMIRED
8014-112602-0003	7.005	88	743	I SLEEP NO MORE AND I SHALL NOT CRIMSON MY NAILS NO JOY SHALL EVER AGAIN COME UPON MY MIND
8014-112602-0004	4.495	57	492	LADIES OFTEN DYED THE EYEBROWS BLACK WITH THE JUICE OF SOME SORT OF BERRY
8014-112602-0009	2.670	34	293	FLOWED DOWN HIS BACK AND WAS DONE UP IN
8014-112602-0010	2.790	35	301	HOOKS AND PLAITS AND SWORDLETS
8014-112602-0013	4.730	60	507	AND MUST HAVE OCCUPIED MUCH TIME WHETHER IN CASE OF MEN OR WOMEN
8014-112602-0015	6.260	79	670	THE MEN WERE AS PARTICULAR ABOUT THE BEARD AS ABOUT THE HAIR THE FASHION OF WEARING THE BEARD VARIED
8014-112602-0023	7.515	94	804	IN THIS RESPECT THEY RESEMBLED MANY OTHER NATIONS OF ANTIQUITY AS WELL INDEED AS OF THE PRESENT DAY AND THEY ILLUSTRATED RUSKIN'S SAYING
8014-112602-0024	3.385	43	368	WHENEVER MEN ARE NOBLE THEY LOVE BRIGHT COLOUR
8014-112602-0025	3.035	38	322	IN SKY SEA FLOWERS
8014-112602-0028	7.750	97	823	VARYING IN LENGTH BUT COMMONLY COVERING THE WHOLE PERSON FROM THE SHOULDERS DOWN THE PEOPLE ALSO WORE A TIGHT FITTING COAT WITH SLEEVES
8014-112602-0029	2.435	31	271	BUT IT WAS MUCH SHORTER AND WITHOUT A COLLAR
8014-112602-0037	8.805	111	943	THEY WORE RINGS AND BRACELETS OF VARIOUS SHAPES ON THE FINGERS INCLUDING THE THUMB ROUND THE WRIST AND FOREARM AND EVEN ROUND THE LEG ABOVE THE ANKLE
8014-112602-0039	5.100	64	548	THERE WAS A GOLD ORNAMENT A KIND OF OPEN RING WITH BOSSES OR BUTTONS ON THE ENDS
8014-112602-0041	4.095	52	445	SOME OF GOLD OR OTHER EXPENSIVE MATERIAL OF ELABORATE WORKMANSHIP
8014-280382-0001	6.690	84	721	AND TAKE HEED ALSO TO THYSELF AND THINE OWN KINGDOM IF THOU PERMIT THIS NEW FASHION OF DRIVING FORTH KINGS TO GO UNPUNISHED
8014-280382-0004	6.945	87	743	BUT WHEN MEN HEARD OF HIS COMING SO MIGHTY A CITY WAS CLUSIUM IN THOSE DAYS AND SO GREAT THE FAME OF KING PORSENNA
8014-280382-0008	5.365	68	580	KING PORSENNA TO ROB OTHERS OF THE FREEDOM THAT YE CARE NOT TO HAVE FOR YOURSELVES
8014-280382-0010	2.450	31	272	FOR THE BRIDGE WAS NOW ALTOGETHER BROKEN DOWN
8051-118101-0006	6.165	78	662	AS HE HAD MORE OF THAT KIND OF STOCK THAN HE HAD USE FOR HE HIRED THEM OUT TO ANOTHER FARMER
8051-118101-0007	9.115	114	958	HOW MUCH FOR THE WIFE THEY COULD NOT TELL SHE HOWEVER WAS NOT BLESSED WITH GOOD HEALTH THOUGH SHE WAS NOT FAVORED ANY MORE ON THAT ACCOUNT
8051-118101-0008	9.205	116	977	AROUSED HIM TO SEEK THEIR FREEDOM BY FLIGHT HE RESOLVED TO SPARE NO PAINS TO GIVE HIMSELF NO REST UNTIL THEY WERE BOTH FREE
8051-118101-0016	3.175	40	346	IN ESCAPING HE WAS OBLIGED TO LEAVE THEM BOTH
8051-118101-0027	4.205	53	450	LEFT SIMPLY BECAUSE HE NEVER GOT ANYTHING FOR HIS LABOR
8051-118101-0033	5.410	68	575	WEBSTER WAS A TALL MAN WITH LARGE BLACK WHISKERS ABOUT FORTY YEARS OF AGE
8051-119902-0015	8.580	108	906	THE NAME IS REALLY A PRESENT TO THE FOOD ADMINISTRATION HAVING BEEN USED BY TWO LARGE FIRMS WHO GAVE UP ALL RIGHTS TO THEIR TRADE MARK
8051-119902-0017	5.270	66	564	THAT MEANS OF COURSE THAT ONLY THROUGH INTELLIGENT EFFORT CAN THEY SERVE YEAST BREAD
8051-119902-0020	7.530	95	800	WHEN ALL EUROPE IS EATING TO KEEP ALIVE FASTIDIOUSNESS AND FOOD NOTIONS MUST PLAY NO PART IN THE DIETARY
8051-119902-0022	2.440	31	270	FOR HOUSEHOLDS WHICH MUST USE WHEAT
8051-119902-0023	7.710	97	817	THIS INCLUDES WHEAT IN THE FORM OF BREAD PASTRY MACARONI CRACKERS NOODLES AND BREAKFAST FOODS
8051-119902-0030	8.660	109	920	RATIONS ARE NOT A GUARANTEE THAT THE AMOUNT MENTIONED WILL BE FORTHCOMING THEY ONLY PERMIT ONE TO HAVE IT IF IT CAN BE OBTAINED
8051-295385-0035	3.840	48	410	NAY IT IS SAID THAT THE BODY OF JAN PRINTZ ALONE
8051-295385-0038	7.050	89	758	TO THE MIRACULOUS INTERVENTION OF SAINT NICHOLAS AS TO THE FORTRESS OF HELSENBURG IT FELL TO RUIN
8063-274112-0003	3.775	48	409	WHY I THINK YOU ARE QUITE AS WELL DRESSED AS THE
8063-274112-0004	6.180	78	666	IT WAS JUST SUCH A COMPLIMENT D'ARTAGNAN WOULD CHOOSE WHERE HE DID NOT FEEL DISPOSED TO PAY ANY OTHER
8063-274112-0007	7.765	98	834	QUITE EXHAUSTED FROM DANCING YOU WISH TO LEAVE ME MONSIEUR D'ARTAGNAN INQUIRED THE KING WITH AN AIR OF ASTONISHMENT
8063-274112-0008	6.415	81	696	ANY ONE WHO HAD THE DISTINGUISHED HONOR OF BEING NEAR HIM COULD WISH TO LEAVE HIM SIRE SAID D'ARTAGNAN
8063-274112-0010	4.500	57	493	AH INDEED SAID THE MUSKETEER CONTINUING HIS IMPERCEPTIBLE TONE OF IRONY
8063-274112-0012	7.365	93	781	AND THE WEATHER WAS EXCEEDINGLY WARM THERE WAS ONLY ONE WINDOW OPEN AND THAT ONE BELONGING TO A ROOM
8063-274112-0019	6.335	80	680	AND HIS EYES FIXED ON D'ARTAGNAN WHO WAS EITHER THINKING DREAMING OR SLEEPING WITH HIS EYES OPEN
8063-274112-0020	2.200	28	247	BUT D'ARTAGNAN DID NOT STIR
8063-274112-0024	4.970	63	534	I AM IN DESPAIR SAID PLANCHET TO HEAR SUCH A WORD AS EVEN WELL
8063-274112-0028	4.295	54	460	WHEN YOU WERE THERE WHEN WE BOTH WERE THERE A CERTAIN ARAB
8063-274112-0030	6.630	83	711	AS I AM RESTING MYSELF NOW AND SMOKED I CANNOT TELL YOU WHAT SORT OF MAGICAL LEAVES IN A LARGE AMBER MOUTHED TUBE
8063-274112-0032	7.950	100	855	HE USED TO CUT OFF THE HEADS OF PROTESTANTS WITH THE MOST SINGULAR GUSTO PRECISELY AND THEN USED TO EMBALM THEM WHEN THEY WERE WORTH THE TROUBLE
8063-274112-0033	5.665	71	604	HE LOOKED LIKE A BASKET MAKER MAKING BASKETS YOU ARE QUITE RIGHT PLANCHET HE DID
8063-274112-0034	4.015	51	439	I HAVE NO DOUBT OF IT BUT WHAT DO YOU THINK OF HIS MODE OF REASONING
8063-274112-0038	2.220	28	239	THINKS AH
8063-274112-0040	4.815	61	520	AH PLANCHET MY FRIEND RETURNED D'ARTAGNAN YOU ARE GETTING AMBITIOUS
8063-274115-0000	7.770	98	839	WOULD BE ONE OF THE PRIVILEGED TRAVELERS AND AS THE PLUME IN PORTHOS'S HAT MADE THE WOODEN CANDLES SUSPENDED OVER THE FRONT JINGLE TOGETHER
8063-274115-0003	2.240	28	247	AND INTO THE DRAWERS FULL OF SWEETMEATS
8063-274115-0006	7.810	98	825	AT EACH OTHER WITHOUT VENTURING TO OPEN THEIR LIPS THEY DID NOT KNOW WHO PORTHOS WAS FOR THEY HAD NEVER SEEN HIM BEFORE
8063-274115-0007	2.120	27	238	HAD ALREADY BEGUN TO DISAPPEAR
8063-274115-0018	4.635	58	501	WHEN THE THREE RIDERS WHO HAD LEFT PARIS ABOUT SIX IN THE EVENING ARRIVED AT FONTAINEBLEAU
8063-274115-0022	5.405	68	576	HOW SO WHY YOU SEEM TO BE IN THE WAY OF MAKING YOUR FORTUNE VERY SOON
8063-274115-0025	3.340	42	363	SO THAT MONSIEUR LE BARON CONTINUED THE GROCER
8063-274115-0026	5.580	70	595	IF THAT BE THE CASE MY DEAR PLANCHET I WILL DO SO CERTAINLY REPLIED PORTHOS AND
8063-274115-0027	3.655	46	397	BUT A FORTUNATE MOVEMENT OF THE HORSE MADE HIM MISS HIS AIM
8063-274115-0028	6.105	77	663	WHICH MADE THE ANIMAL'S LEGS ALMOST GIVE WAY D'ARTAGNAN BURST OUT LAUGHING AS HE SAID TAKE CARE PLANCHET
8063-274115-0029	6.270	79	673	OH SAID PLANCHET MOUSQUETON IS NOT DEAD AND YET MONSIEUR LE BARON IS VERY FOND OF HIM
8063-274115-0033	3.885	49	424	IN THE FIRST PLACE THEY CAN WALK ABOUT THE KING'S FOREST WHICH IS VERY BEAUTIFUL
8063-274115-0034	5.395	68	581	NEARLY AS BEAUTIFUL AS MY FOREST AT BERRY PLANCHET OPENED HIS EYES VERY WIDE
8063-274115-0036	6.260	79	671	WHICH IN THESE PEACEFUL TIMES IS FOR ME A SUFFICIENTLY PLEASING PICTURE OF WAR ON A SMALL SCALE
8063-274116-0001	6.830	86	734	HAWTHORN AND WILD HOPS FORMED AN IMPENETRABLE FENCE BEHIND WHICH ROSE A WHITE HOUSE WITH A HIGH TILED ROOF
8063-274116-0002	9.270	116	989	BETWEEN THE TWO A SMALL DOOR WITH A PORCH SUPPORTED BY A COUPLE OF PILLARS FORMED THE ENTRANCE TO THE HOUSE THE DOOR WAS GAINED BY A STEP RAISED A LITTLE FROM THE GROUND
8063-274116-0007	7.630	96	822	PORTHOS CLAWED HOLD OF SOME PEAS WHICH WERE TWINED ROUND POLES STUCK INTO THE GROUND AND ATE OR RATHER BROWSED UPON THEM SHELLS AND ALL
8063-274116-0008	5.350	67	566	AND DRESSED IN AN OLD STABLE SUIT OF CLOTHES THE PEASANT
8063-274116-0010	7.565	95	811	AND CAME OUT INTO A LITTLE GARDEN BEHIND THE HOUSE THE PRINCIPAL FRONT OF WHICH AS WE HAVE ALREADY NOTICED FACED THE STREET AS THEY APPROACHED
8063-274116-0015	7.290	92	780	AND HER EYES HALF CLOSED PURRING IN THAT SIGNIFICANT MANNER WHICH ACCORDING TO FELINE HABITS INDICATES PERFECT CONTENTMENT
8063-274116-0016	2.900	37	324	AT THE SOUND OF THIS GIGANTIC VOICE THE CAT TOOK FLIGHT
8063-274116-0018	2.915	37	318	MONSIEUR LE BARON DU VALLON
8063-274116-0019	4.485	57	491	PORTHOS BOWED WITH A REVERENCE WHICH ANNE OF AUSTRIA WOULD HAVE APPROVED OF
8063-274116-0020	3.910	49	424	AND HE UNHESITATINGLY EMBRACED THE LADY IN QUESTION NOT HOWEVER
8063-274116-0022	4.695	59	502	PLANCHET TURNED TO HIS HOUSEKEEPER YOU HAVE BEFORE YOU HE SAID TO HER
8063-274116-0025	2.485	32	279	AND A VERY PRETTY NAME TOO SAID PORTHOS
8063-274116-0027	2.800	35	310	SHE PLACED HER TWO THOUSAND FLORINS IN MY ESTABLISHMENT
8063-274116-0033	6.680	84	718	RECOMMENDED A NEW DESCENT INTO THE CELLAR AND AS PLANCHET NO LONGER WALKED WITH THE STEADINESS OF A WELL TRAINED FOOT SOLDIER
8063-274116-0034	4.240	53	462	THEY SET OFF HUMMING SONGS WILD ENOUGH TO FRIGHTEN ANYBODY WHO MIGHT BE LISTENING
8063-274116-0035	2.065	26	228	WHILE THE TWO WINE BIBBERS
8063-274116-0036	6.760	85	724	PORTHOS FANCIES HIMSELF AT LA ROCHELLE THOUGHT D'ARTAGNAN AS THEY RETURNED FREIGHTED WITH BOTTLES
8063-274116-0037	6.870	86	730	D'ARTAGNAN WHOM NOTHING EVER ESCAPED REMARKED HOW MUCH REDDER TRUCHEN'S LEFT CHEEK WAS THAN HER RIGHT
8063-274116-0038	9.265	116	986	AND TRUCHEN WAS LOOKING AT HIM WITH A MOST BEWITCHING SMILE THE SPARKLING WINE OF ANJOU VERY SOON PRODUCED A REMARKABLE EFFECT UPON THE THREE COMPANIONS
8063-274116-0039	5.880	74	633	AFTER HIS FRIEND HAD UNDRESSED HIM D'ARTAGNAN GOT INTO HIS OWN BED SAYING TO HIMSELF MORDIOUX
8063-274116-0040	3.235	41	356	NO ONE IN THE HOUSE WAS CAPABLE OF TAKING THE SLIGHTEST NOTICE
8063-274117-0000	4.240	53	450	LIKE A KIND GOOD HOUSEKEEPER IT WAS STILL PERFECTLY DARK THEN
8063-274117-0002	4.695	59	502	AND HIS SWOLLEN FIST HUNG DOWN OUTSIDE THE BED UPON THE CARPET
8063-274117-0005	5.350	67	569	TOOK BOTH HIS FRIENDS BY THE HAND I AM GOING TO SHOW YOU OVER THE HOUSE HE SAID
8063-274117-0006	3.685	47	405	I AM A GREAT STICKLER FOR A GOOD VIEW MYSELF SAID PORTHOS
8063-274117-0007	7.570	95	807	I HAVE HAD FOUR AVENUES LAID OUT AND AT THE END OF EACH IS A LANDSCAPE OF AN ALTOGETHER DIFFERENT CHARACTER FROM THE OTHERS
8063-274117-0010	7.720	97	823	IT IS THE HORIZON A THICK LINE OF GREEN WHICH IS YELLOW IN THE SPRING GREEN IN THE SUMMER RED IN THE AUTUMN AND WHITE IN THE WINTER
8063-274117-0015	6.410	81	687	WHY I FEEL IT DOES ME GOOD TO CONTEMPLATE A FEW DEAD UPON MY WORD SAID D'ARTAGNAN
8063-274117-0016	7.095	89	764	MONSIEUR SAID PLANCHET I AM ONE OF THOSE GOOD HUMORED SORT OF MEN WHOM HEAVEN CREATED FOR THE PURPOSE OF LIVING A CERTAIN SPAN OF DAYS
8063-274117-0017	7.580	95	810	WE ARE GOING TO HAVE A REPRESENTATION NOW FOR I THINK I HEARD SOMETHING LIKE CHANTING YES SAID D'ARTAGNAN I HEAR SINGING TOO
8063-274117-0018	2.005	26	229	THE OFFICIATING PRIEST THE BEADLE
8063-274117-0019	5.270	66	562	NO NO ONE SEEMS TO BE FOLLOWING THE COFFIN YES SAID PORTHOS I SEE A MAN
8063-274117-0020	3.315	42	369	I FIND IT INTERESTING SAID D'ARTAGNAN LEANING ON THE WINDOW SILL
8063-274117-0022	6.770	85	725	WHAT SAID PORTHOS TO D'ARTAGNAN AS HE TURNED ROUND ARE YOU GOING TO REMAIN HERE YES I WILL JOIN YOU PRESENTLY
8063-274117-0023	6.025	76	648	NOT YET AH YES THE GRAVE DIGGER IS WAITING UNTIL THE CORDS ARE FASTENED ROUND THE BIER BUT
8063-274117-0024	7.015	88	748	LEAVE ME LEAVE ME I FEEL I AM BEGINNING ALREADY TO BE MUCH COMFORTED BY MY MEDITATIONS SO DO NOT INTERRUPT ME
8063-274117-0025	8.140	102	874	THE TWO BEARERS OF THE CORPSE HAD UNFASTENED THE STRAPS BY WHICH THEY CARRIED THE LITTER AND WERE LETTING THEIR BURDEN GLIDE GENTLY INTO THE OPEN GRAVE
8063-274117-0026	7.895	99	846	THE GRAVE HAVING BEEN FILLED UP THE PRIESTS TURNED AWAY AND THE GRAVE DIGGER HAVING ADDRESSED A FEW WORDS TO THEM FOLLOWED THEM AS THEY MOVED AWAY
8063-274117-0028	2.345	30	259	YES HE ADDED AFTER A PAUSE
8063-274117-0034	6.945	87	741	HE MURMURED MADAME DE CHEVREUSE D'ARTAGNAN WOULD NOT GO HOME UNTIL HE HAD LEARNT EVERYTHING
8088-284756-0000	8.640	108	913	FROM SOMEWHERE OUT ON THE BLACK HEAVING ATLANTIC THE RAPID MUFFLED POPPING OF A SPEED BOAT'S EXHAUST DRIFTED CLEARLY THROUGH THE NIGHT
8088-284756-0005	9.470	119	1000	GET IN YOUR CAR AND COME DOWN HERE AS FAST AS POSSIBLE COME JUST AS YOU ARE AND WHAT'S THE MATTER I MANAGED TO INTERRUPT HIM BURGLARS
8088-284756-0006	8.680	109	924	I HAD NEVER HEARD MERCER SPEAK IN THAT HIGH PITCHED EXCITED VOICE BEFORE HIS USUAL SPEECH WAS SLOW AND THOUGHTFUL ALMOST DIDACTIC
8088-284756-0008	3.205	41	355	USUALLY THE VERY SOUL OF COURTESY AND CONSIDERATION
8088-284756-0010	9.330	117	991	MERCER PICKED THE PLACE UP FOR ME AT A SONG THE MONSTROSITY WAS SOME FOUR MILES FURTHER OUT FROM TOWN AND OFF THE HIGHWAY PERHAPS A HALF MILE MORE
8088-284756-0017	3.960	50	425	JUST WAIT TILL YOU SEE HER HER I ASKED STARTLED
8088-284756-0033	8.715	109	931	AND HER BOSOM RISING AND FALLING BENEATH THE VEIL OF PALE GOLD HAIR SHE WAS BREATHING WATER MERCER LITERALLY JERKED ME AWAY FROM THE EDGE OF THE POOL
8088-284756-0037	3.035	38	332	I WALKED ALONG BRISKLY FOR PERHAPS FIVE MINUTES
8088-284756-0040	9.205	116	986	AND TOOK THE LIQUOR IN A SINGLE DRAUGHT SHE DID NOT SEEM TO DRINK IT BUT SUCKED IT OUT OF THE GLASS IN A SINGLE AMAZING GULP THAT'S THE ONLY WORD FOR IT
8088-284756-0050	7.825	98	831	I SHOULD HAVE CALLED YOU TO MORROW FOR FURTHER TEST NEARLY FIVE YEARS OF DAMNED HARD WORK TO A SUCCESSFUL CONCLUSION TAYLOR
8088-284756-0070	8.675	109	922	THEN WITH ALL THREE OF THE DEVICES HE CALLED ANTENNAE IN HIS HAND THEIR LEADS PLUGGED INTO THE CONTROL PANEL HE LED THE WAY TO THE SIDE OF THE POOL
8088-284756-0073	7.935	100	847	THERE WAS SOMETHING DEVILISHLY FASCINATING ABOUT THE GIRL'S GREAT DARK SEARCHING EYES I'M GOING IN I SAID HOARSELY
8088-284756-0076	9.315	117	995	SHE CAME CLOSER WALKING WITH THE AIRY GRACE I HAD NOTED BEFORE AND MY HEART POUNDED AGAINST MY RIBS AS SHE RAISED ONE LONG SLIM ARM TOWARDS ME
8088-284756-0079	4.690	59	504	AND I RELEASED MY HOLD ON THE LADDER AND LET MY BODY RISE TO THE SURFACE
8088-284756-0080	4.890	62	528	I LOOKED DOWN THE GIRL WAS WATCHING ME AND THERE WAS NO SMILE ON HER FACE NOW
8088-284756-0081	7.105	89	759	AS HER FACE CAME CLOSE TO MY OWN I BECAME AWARE OF THE HUMMING CROONING SOUND I HAD HEARD BEFORE LOUDER THIS TIME
8088-284756-0082	2.620	33	286	I SMILED BACK AT HER AND SHOOK MY HEAD
8088-284756-0088	5.645	71	603	NO MEAN FEAT UNDER WATER SHE HESITATED A MOMENT AND THEN HER EYES FIXED ON MINE
8088-284756-0090	4.395	55	477	I'VE ALREADY STARTED HE CALLED BACK AND I HURRIEDLY DONNED MY OWN INSTRUMENT
8088-284756-0092	4.940	62	531	I SAW HIM RUN UP TO THE POOL AND LIFT THE SLIM PALE FIGURE IN HIS ARMS
8088-284756-0098	7.770	98	829	THE STRUCTURES VARIED GREATLY IN SIZE AND SEEMED TO BE ARRANGED IN SOME SORT OF REGULAR ORDER LIKE HOUSES ALONG A NARROW STREET
8088-284756-0101	8.730	110	928	AND THERE WAS A REMARKABLE UNIFORMITY OF SIZE AND APPEARANCE NONE OF THE STRANGE BEINGS WORE GARMENTS OF ANY KIND NOR WERE THEY NECESSARY
8088-284756-0109	4.310	54	463	THE GIRL WAS THINKING OF HER SUFFERING TAKEN OUT OF HER NATIVE ELEMENT
8088-284756-0110	2.755	35	303	THAT NO DOUBT WAS WHY SHE HATED HIM
8095-274346-0007	8.900	112	945	THE KING FINDING THAT THE PARLIAMENT WAS RESOLVED TO GRANT HIM NO SUPPLY AND WOULD FURNISH HIM WITH NOTHING BUT EMPTY PROTESTATIONS OF DUTY
8095-274346-0020	3.335	42	364	BUT HIS URGENT NECESSITIES OBLIGED HIM TO SUBMIT
8095-274346-0032	5.460	69	588	SO THAT IT IS DIFFICULT FOR US TO GIVE A DECISIVE OPINION WITH REGARD TO THESE ARTICLES
8095-274346-0034	6.560	82	696	A CERTAIN PROOF THAT A DISCOVERY OF THIS NATURE WAS NOT AS IS IMAGINED BY SEVERAL HISTORIANS
8095-274346-0041	7.880	99	840	THEY BY LITTLE AND LITTLE BEGAN TO STAND ON THEIR PREROGATIVES AND AT LAST OVERTHREW THE PARLIAMENTS THROUGHOUT CHRISTENDOM
8095-274346-0048	2.885	37	319	AFTER MANY FRUITLESS EVASIONS THE KING
8095-274346-0049	6.945	87	740	HIS MOTHER WHO HAD GREAT INFLUENCE OVER HIM WAS A PROFESSED CATHOLIC HIS WIFE WAS NOT FREE FROM SUSPICION
8095-274346-0050	8.070	101	857	SO VIOLENT WAS THE BIGOTRY OF THE TIMES THAT IT WAS THOUGHT A SUFFICIENT REASON FOR DISQUALIFYING ANY ONE FROM HOLDING AN OFFICE
8095-274348-0000	4.670	59	502	AND WHO FROM A PRIVATE STATION HAD MOUNTED IN THE EARLIEST YOUTH
8095-274348-0008	9.235	116	986	CONTRARY TO THE ARTICLES OF THE MARRIAGE TREATY HE ENCOURAGED THE ENGLISH SHIPS OF WAR AND PRIVATEERS TO SEIZE VESSELS BELONGING TO FRENCH MERCHANTS
8095-274348-0016	6.750	85	719	SHUT THEIR GATES AND REFUSED TO ADMIT ALLIES OF WHOSE COMING THEY WERE NOT PREVIOUSLY INFORMED
8095-274348-0017	8.575	108	916	HASTENED THE VENGEANCE OF THEIR MASTER EXHAUSTED THEIR PROVISIONS IN SUPPLYING THEIR ALLIES AND WERE THREATENED WITH AN IMMEDIATE SIEGE
8098-275181-0015	3.710	47	400	WELL LOOK HERE THEN I'LL SHOW YE SAID HE
8098-275181-0017	8.625	108	907	AND WITH IT COMPLETELY COVERED HIMSELF THE PILE NOW RESEMBLED AN ENORMOUS MOUSE NEST OR RATHER A SMALL HAY COCK
8098-275181-0033	6.070	76	643	HOW OR BY WHAT WILES THAT FOX GOT THE TURKEYS OUT OF THE HIGH BUTTERNUT IS A SECRET
8098-278252-0002	5.980	75	632	THE NEWSPAPER ARTISTS HAD TAXED THEIR IMAGINATIONS TO PICTURE POD AND MAC
8098-278252-0006	2.540	32	276	ONLY MAKING THIRTEEN MILES
8098-278252-0008	9.450	119	1003	TWENTY MINUTES LATER A BOY FROM A COZY HOME YELLED TO ME I HAD PASSED TO SOME DISTANCE AND DID NOT UNDERSTAND IT SOUNDED LIKE
8098-278252-0009	8.000	100	846	I HESITATED A MOMENT IN THE BITING WIND THEN RETRACED MY STEPS AND CALLED TO THE LAD WHAT'S THAT YOU SAID
8098-278252-0010	6.610	83	698	YELLED THE SCAMP I WAS MAD ENOUGH TO UNLOAD MY WINCHESTER BUT I DIDN'T
8098-278252-0012	8.925	112	941	I SHOUTED SEVERAL TIMES BEFORE THE RIG STOPPED A FUR CLAD HEAD STUCK OUT TO ONE SIDE AND A MALE VOICE CALLED
8098-278252-0040	6.530	82	699	AFTER WHICH I EXCUSED MYSELF TO THE CLERK AND WENT TO BED AND DREAMED I WAS BEING CREMATED ALIVE
8098-278278-0003	8.070	101	848	A LITTLE GREEN EYED IRISH GIRL FIVE DAYS OLD WAS NAMED PYTHAGORINA PODINA MULGARRY
8098-278278-0018	8.010	101	856	THE ONLY TROUBLE WILL BE IN STARTING THE FIRE SAID POD JUST AS SOON AS IT'S ONCE GOING IT OUGHT TO BURN SMOOTHLY ENOUGH
8098-278278-0022	8.130	102	867	SEVERAL TIMES I HAD A SUSPICION THAT WE HAD BEEN MISDIRECTED WHEN WE CAME TO THE END OF A NARROW WOOD ROAD I WAS SURE OF IT
8098-278278-0033	7.795	98	829	THAT WAS MY EXPERIENCE IN THE WOODS OF WISCONSIN THE MEN AT THE SAW MILL SAID WE SHOULD SEE BEAR IN THIS FOREST
8098-278278-0040	6.295	79	673	AND IMMEDIATELY COONSKIN CAME FLYING INTO VIEW WITH THE BIGGEST BEAR AT HIS HEELS I EVER WANT TO SEE
8108-274318-0015	7.365	93	785	MEMORY OF HIS IDENTITY OF WHERE HE WAS OF WHAT HE OUGHT TO DO THE VERY FOUNDATIONS OF HIS STRENGTH WERE SHAKEN
8108-274318-0024	9.490	119	997	AND THE MARK OF SPIRITUAL EVIL WAS BRANDED EVERYWHERE UPON ITS BROKEN FEATURES EYES FACE AND HAIR ROSE LEVEL WITH HIS OWN
8108-280354-0001	8.300	104	883	AND HE PLAYED SO SWEETLY WHEN THEY PASSED THE ROCKS OF THE SIRENS THAT THE DREADFUL MONSTERS SANG THEIR MOST ALLURING STRAINS IN VAIN
8108-280354-0003	2.545	32	281	AND WOULD NOT GIVE FORTH A CHEERFUL FLAME
8108-280354-0010	9.075	114	956	GREAT LORDS OF THE WORLD BELOW THE EARTH TO WHICH ALL WE MORTALS MUST ONE DAY COME GRANT ME TO TELL A SIMPLE TALE
8108-280354-0011	7.335	92	780	THE LIFELESS GHOSTS CAME FLOCKING AND AS THEY HEARD THEY WEPT TANTALUS FORGOT HIS HUNGER AND THIRST
8108-280354-0013	8.380	105	879	AND SHE CAME YET HALTING FROM HER RECENT WOUND TAKE HER SAYS PLUTO AND LEAD HER BACK TO THE LIGHT
8108-280354-0014	3.810	48	408	NOR MUST YOU ONCE TURN ROUND TO LOOK UPON HER
8108-280354-0016	7.365	93	787	AND THE WELCOMING LIGHT OF THE UPPER AIR BEGAN TO PENETRATE THE DARKNESS THEN A SUDDEN FEAR STRUCK HIS HEART
8108-280354-0018	3.175	40	344	HE SAT ON THE FURTHER BANK WITHOUT FOOD OR DRINK
8108-280354-0019	9.105	114	956	THEN AT LAST HE KNEW THAT THE GODS BELOW WERE PITILESS AND FULL OF SORROW HE RETURNED TO THE UPPER EARTH FOR THREE YEARS
8108-280354-0020	5.555	70	597	FINDING HIS ONLY CONSOLATION IN THE MUSIC OF HIS LYRE FOR HE SHUNNED ALL MEN AND WOMEN
8108-280354-0030	9.455	119	1001	IT CRIED TILL HEAD AND LYRE WERE CARRIED DOWN TO THE SEA AND ON TO LESBOS THE ISLE OF SWEET SONG WHERE IN AFTER YEARS
8108-280354-0031	4.170	53	452	AND SAPPHO TUNED AFRESH THE LYRE OF ORPHEUS
8108-280359-0007	6.735	85	718	OR ALONE WITH DEAD NATURE EVERYTHING SEEMED TO KNOW HIM AND TO FIND A VOICE IN WHICH TO SAY TO HIM
8108-280359-0015	6.580	83	702	AND HID HIMSELF BETWEEN TWO STONES THE GODS ENTERED THE HOUSE AND LOOKED ALL ROUND IN VAIN FOR LOKI
8108-280359-0028	7.670	96	816	A ROPE WAS MADE OF THE DEAD WOLVES SINEWS AND AS SOON AS IT TOUCHED LOKI'S BODY IT TURNED INTO BANDS OF IRON
8123-275209-0015	8.115	102	866	SO SHE RESUMED HER WALK ROUND THE BUTTERFLY'S EGGS NIBBLING A BIT OF THE CABBAGE LEAF NOW AND THEN AS SHE MOVED ALONG
8123-275209-0021	3.835	48	412	BUT I FIND THAT HE IS FOOLISH AND SAUCY INSTEAD
8123-275209-0024	6.610	83	695	YOU JEST WITH MY INFERIORITY NOW YOU ARE CRUEL AS WELL AS FOOLISH
8123-275209-0028	5.225	66	557	OH CATERPILLAR WHAT COMES TO YOU FROM THENCE RECEIVE AS I DO
8123-275209-0034	5.875	74	622	AND WHEN SHE WAS A BUTTERFLY AND WAS GOING TO DIE AGAIN SHE SAID
8226-274369-0000	2.985	38	326	EVERY MEASURE PURSUED BY THE COMMONS
8226-274369-0003	7.210	91	771	THEY COMPLAINED OF THE KING'S FILLING FIVE VACANT SEES AND CONSIDERED IT AS AN INSULT UPON THEM
8226-274369-0006	8.585	108	906	IN THEIR ATTACK ON THE HIERARCHY THEY STILL MORE OPENLY PASSED ALL BOUNDS OF MODERATION AS SUPPOSING NO DOUBT
8226-274369-0020	3.375	43	368	AND WERE PROMISED REWARDS FOR THESE ASSASSINATIONS
8226-274369-0037	5.940	75	636	THEY WERE THEREFORE RESOLVED IF POSSIBLE TO EXCITE HIM TO SOME VIOLENT PASSION
8226-274369-0044	3.475	44	377	AND TO SIDE WITH THEM IN THEIR TRAITOROUS DESIGNS
8226-274369-0045	4.540	57	484	SEEM TO BE COMMON BETWEEN THE IMPEACHED MEMBERS AND THE PARLIAMENT
8226-274369-0063	6.965	88	743	HE HEARD THE CRY PRIVILEGE OF PARLIAMENT PRIVILEGE OF PARLIAMENT RESOUNDING FROM ALL QUARTERS
8226-274371-0008	8.500	107	901	HAD BEEN SUFFICIENT TO OPEN THE EYES OF MANY AND TO RECOVER THEM FROM THE ASTONISHMENT WITH WHICH AT FIRST THEY HAD BEEN SEIZED
8226-274371-0010	7.355	92	775	GARRISONS AND FORTS OF THE KINGDOM HE ISSUED PROCLAMATIONS AGAINST THIS MANIFEST USURPATION
8226-274371-0017	9.445	119	1007	THAT THE LIBERTIES OF THE PEOPLE WERE NO LONGER EXPOSED TO ANY PERIL FROM ROYAL AUTHORITY SO NARROWLY CIRCUMSCRIBED SO EXACTLY DEFINED
8226-274371-0020	2.370	30	260	AND MORE ACTUATED BY PRINCIPLE
8226-274371-0030	6.880	86	726	WHO DESIRED LEAVE TO ENTER WITH TWENTY PERSONS ONLY CHARLES IMMEDIATELY PROCLAIMED HIM TRAITOR
8226-274371-0036	7.640	96	815	AND WAIT TILL THE TREASURERS COULD FIND LEISURE TO RECEIVE THEM SUCH ZEAL ANIMATED THE PIOUS PARTISANS OF THE PARLIAMENT
8226-274371-0042	6.960	87	726	HE NOW PREPARED HIMSELF FOR DEFENCE WITH A SPIRIT ACTIVITY AND ADDRESS
8226-274371-0045	3.675	46	391	THAT THE KING MIGHT DESPAIR OF ALL COMPOSITION
8226-274371-0047	5.285	67	571	THAT NONE OF THE ROYAL FAMILY SHOULD MARRY WITHOUT CONSENT OF PARLIAMENT OR COUNCIL
8238-274553-0008	2.960	37	320	HE MIGHT HAVE BEEN FIFTEEN OR FIFTY
8238-274553-0016	9.265	116	974	LAY IN THAT CONSUMMATE ABILITY RESULTING FROM AN ALMOST INTUITIVE KNOWLEDGE OF HUMAN NATURE AND A MOST WONDERFUL SELF POSSESSION
8238-274553-0021	6.835	86	724	MY FRIEND APPEARED TO LIVE ONLY FOR THE SEVERITIES OF SOCIETY AND NOT EVEN HIS OWN HOUSEHOLD
8238-274553-0022	3.430	43	370	WITH THE MEMORY OF THE BARON RITZNER VON JUNG
8238-274553-0023	3.690	47	397	LAY LIKE AN INCUBUS UPON THE UNIVERSITY
8238-274553-0041	3.640	46	391	THE LANGUAGE YOU HAVE THOUGHT PROPER TO EMPLOY
8238-274553-0043	6.235	78	656	IS AN OBSERVATION SO DIRECTLY OFFENSIVE AS TO ALLOW ME BUT ONE LINE OF CONDUCT
8238-274553-0044	8.335	105	884	YOU WILL FORGIVE ME FOR THE MODERATE TAX I SHALL MAKE UPON YOUR IMAGINATION AND ENDEAVOR TO CONSIDER FOR AN INSTANT
8238-274553-0051	3.450	44	375	THE THEATRE OF HONOR BY FAVYN
8238-274553-0052	6.260	79	667	BRANTOME'S MEMOIRS OF DUELS PUBLISHED AT COLOGNE SIXTEEN SIXTY SIX
8238-274553-0053	3.785	48	407	WITH A FINE MARGIN AND BOUND BY DEROME
8238-274553-0054	5.335	67	565	AND HAVING THE QUAINT TITLE DUELLI LEX SCRIPTA ET NON
8238-274553-0055	4.585	58	492	FROM THIS HE READ ME ONE OF THE DROLLEST CHAPTERS IN THE WORLD
8238-274553-0056	2.000	25	215	PER CONSTRUCTIONEM
8238-274553-0061	8.620	108	912	I HAVE GREAT RELIANCE HOWEVER ON THAT EXTREME DELICACY OF DISCRIMINATION IN MATTERS APPERTAINING TO THE RULES OF ETIQUETTE
8238-274553-0062	6.335	80	677	THE NICETY OF YOUR DISCERNMENT IN ALL THE MATTERS HERE TREATED WILL BE SUFFICIENT I AM ASSURED
8238-274553-0069	2.140	27	236	HE NOW EXPLAINED THE MYSTERY
8238-274553-0072	7.745	97	816	TWO OR THREE WEEKS BEFORE THE ADVENTURE AND THAT HE WAS SATISFIED FROM THE GENERAL TENOR OF HIS CONVERSATION
8238-274553-0073	6.715	84	709	AND FIRMLY BELIEVED IT TO BE A WORK OF UNUSUAL MERIT UPON THIS HINT HE PROCEEDED
8238-283452-0012	9.005	113	950	THE SPECTERS IN CLASSIC AND MEDIEVAL LITERATURE WERE MALARIAL VAPOROUS BEINGS WITHOUT ENERGY TO DO ANYTHING BUT THREATEN
8238-283452-0028	9.345	117	986	KICKING HIS HEELS AGAINST THE RAILING AND HEARS HIS ADMONITION THAT HE'D BETTER HURRY UP AS THE LIVE UNCLE IS COMING IN SIGHT
8238-283452-0030	4.490	57	484	IN THE OLDER FICTION AND DRAMA APPARITIONS SPOKE SELDOM
8238-283452-0035	5.225	66	555	AND ARE PRESERVED IN THEIR TRUE FLAVOR I DON'T ASSERT OF COURSE
8238-283452-0036	6.140	77	651	THE FRENCH AND ENGLISH SELECTIONS IN THIS VOLUME ARE SUFFICIENT TO PROVE THE CONTRARY
8312-279790-0021	3.300	42	357	NEXT NIGHT TROUTINA THICKLY VEILED
8312-279790-0029	8.340	105	884	BUT I WILL LOVE NO ONE EXCEPT FLORINA SOUSSIO EMPLOYED PERSUASIONS THREATS PROMISES ENTREATIES
8312-279791-0023	7.365	93	783	HE HAD BEEN A LINNET OR A JAY WORSE THAN ALL HIS NEXT HEIR SPREAD REPORTS OF HIS DEATH
8312-279791-0028	3.145	40	346	GREATLY COMFORTED PUT THE EGGS IN HER SACK
8324-286681-0004	3.795	48	412	A WISE OLD CRAYFISH CAME ALONG WALKING SIDEWISE
8324-286681-0019	4.975	63	539	SAID ONE LITTLE CRAYFISH WHO THOUGHT IT SMART TO BE SAUCY WE'LL LOOK
8324-286681-0020	8.260	104	875	ALL OF WHICH MEANT NOTHING AT ALL AND WAS ONLY SAID TO ANNOY HIS TEACHER THEY SCRAMBLED AWAY OVER THE POND BOTTOM
8324-286681-0022	4.715	59	504	AND THEY SAT ON THAT TO REST THE BIGGEST LITTLE CRAYFISH HAD BEATEN
8324-286682-0013	3.835	48	410	AND TOLD THEM THAT IT WAS NOT THE TIP OF HIS TAIL
8324-286682-0015	6.580	83	702	HE THOUGHT THERE WAS NEVER SUCH A FINE MINK AS THE BACHELOR AND HE USED TO FOLLOW HIM AROUND
8324-286683-0005	5.480	69	590	MUD HENS CANNOT BEAR MINKS THEY SAY THAT WHEN A MUD CHICKEN IS MISSING FROM THE NEST
8324-286683-0012	3.525	45	384	WHERE THEY WERE CHILDREN TOGETHER THAT IS TO SAY
8324-286683-0020	7.910	99	839	WHEN THEY WERE COLD AND HUNGRY THEY SLAPPED THEIR TAILS ON THE GROUND OR ON THE WATER AND SAID DON'T YOU THINK YOU'RE SMART
8324-286683-0021	5.150	65	549	SHE WOULD SAY NOW CHILDREN IN SUCH A WAY THAT THEY HAD TO STOP
8324-286683-0029	2.870	36	308	YOU SLAPPED YOUR TAIL ON MY BACK
8419-286667-0018	7.775	98	836	HE BOWED TO HER OFTENER THAN TO ANY OF THE REST AND HE THOUGHT SHE NOTICED IT THEY DANCED UNTIL THEY WERE ALMOST TOO TIRED TO MOVE
8419-286667-0020	9.390	118	1007	IF HE HAD BEEN AN OLDER CRANE AND UNDERSTOOD THE WAYS OF THE WORLD A LITTLE BETTER HE WOULD HAVE KNOWN THAT SHE MEANT AREN'T YOU COMING TO THAT FISHING PLACE I AM GOING NOW
8419-286676-0019	7.935	100	849	THAT WHEN YOUNG DUCKS DIVE HEAD FIRST THEY ARE QUITE SURE TO COME UP AGAIN BUT THAT WHEN THEY DIVE FEET FIRST THEY NEVER COME UP
8419-286676-0028	4.965	63	543	AND HE BACKED INTO THE MUD KNOWING THAT FINE SOFT MUD IS THE BEST THING IN THE WORLD FOR STINGS
8419-286676-0029	5.570	70	594	IF I COULD ONLY REACH MY TAIL WITH MY HEAD OR EVEN WITH ONE OF MY HIND FEET
8419-286676-0031	2.910	37	325	AND HE PULLED HIS TAIL OUT OF THE MUD AND SWAM AWAY
8419-286676-0033	6.580	83	698	BUT THEN YOU KNOW WE ARE NOT STUPID OF COURSE NOT REPLIED THE MUD TURTLE
8419-293469-0001	4.375	55	476	ALL THE WONDERFUL THINGS OF WHICH HE TOLD HAD HAPPENED BEFORE HE CAME TO THE MEADOW
8419-293469-0015	5.455	69	586	AS YOU MAY GUESS I STAYED THERE A LONG TIME WATCHING THESE STRANGE CREATURES WORK
8419-293469-0022	6.180	78	664	AND I COULD HEAR A ROARING SOUND WHICH MEANT THEY WERE TALKING AND LAUGHING THE LAST TIME I GOT OUT
8419-293469-0023	8.930	112	943	AFTER THEY STOPPED HUNTING THE WIND BLEW THE DOOR OPEN AND I HOPPED OUT YOU DON'T SAY EXCLAIMED A GRASSHOPPER
8419-293473-0020	8.475	106	905	THE WALKING STICKS LOOKED VERY UNCOMFORTABLE AND THE BROTHER AND SISTER COULD NOT THINK OF ANYTHING TO SAY IT WAS THE YOUNG GREEN ONE WHO SPOKE AT LAST
