clip_id	sec	frames	sample_tokens	text
LJ001-0001	9.655	121	1009	Printing, in the only sense with which we are at present concerned, differs from most if not from all the arts and crafts represented in the Exhibition
LJ001-0003	9.667	121	1007	For although the Chinese took impressions from wood blocks engraved in relief for centuries before the woodcutters of the Netherlands, by a similar process
LJ001-0005	8.111	102	856	the invention of movable metal letters in the middle of the fifteenth century may justly be considered as the invention of the art of printing.
LJ001-0007	8.390	105	877	the earliest book printed with movable types, the Gutenberg, or "forty-two line Bible" of about fourteen fifty-five,
LJ001-0009	7.554	95	795	Printing, then, for our purpose, may be considered as the art of making books by means of movable types.
LJ001-0011	4.512	57	484	it is of the first importance that the letter used should be fine in form;
LJ001-0013	2.585	33	285	than in the same operations with ugly ones.
LJ001-0015	9.237	116	972	the forms of printed letters should be beautiful, and that their arrangement on the page should be reasonable and a help to the shapeliness of the letters themselves.
LJ001-0017	7.020	88	741	that the forms of printed letters should follow more or less closely those of the written character, and they followed them very closely.
LJ001-0019	6.416	81	683	and which developed more completely and satisfactorily on the side of the "lower-case" than the capital letters;
LJ001-0021	8.610	108	901	The earliest book printed with movable type, the aforesaid Gutenberg Bible, is printed in letters which are an exact imitation
LJ001-0023	8.448	106	891	and was in fact the kind of letter used in the many splendid missals, psalters, etc., produced by printing in the fifteenth century.
LJ001-0025	8.866	111	930	imitates a much freer hand, simpler, rounder, and less spiky, and therefore far pleasanter and easier to read.
LJ001-0027	9.643	121	1008	especially as regards the lower-case letters; and type very similar was used during the next fifteen or twenty years not only by Schoeffer,
LJ001-0029	5.324	67	564	But though on the whole, except in Italy, Gothic letter was most often used
LJ001-0031	7.855	99	827	In fourteen sixty-five Sweynheim and Pannartz began printing in the monastery of Subiaco near Rome,
LJ001-0033	6.880	87	729	but which must certainly have come from the study of the twelfth or even the eleventh century MSS.
LJ001-0035	5.057	64	538	they discarded this for a more completely Roman and far less beautiful letter.
LJ001-0037	4.256	54	458	and the next year Gunther Zeiner at Augsburg followed suit;
LJ001-0039	3.757	47	400	The Roman type of all these printers is similar in character,
LJ001-0041	4.953	62	527	It must be said that it is in no way like the transition type of Subiaco,
LJ001-0043	3.896	49	416	A further development of the Roman letter took place at Venice.
LJ001-0045	3.026	38	324	fourteen sixty-nine, fourteen seventy;
LJ001-0047	5.928	75	634	Of Jenson it must be said that he carried the development of Roman type as far as it can go:
LJ001-0049	7.716	97	814	After his death in the "fourteen eighties," or at least by fourteen ninety, printing in Venice had declined very much;
LJ001-0051	4.860	61	516	and paying great attention to the "press work" or actual process of printing,
LJ001-0053	4.581	58	491	they must be considered to have ended the age of fine printing in Italy.
LJ001-0055	8.610	108	904	some of which -- as, e.g., that of Jacobus Rubeus or Jacques le Rouge -- is scarcely distinguishable from his.
LJ001-0057	8.482	107	901	Parma, and one or two other cities, who produced the splendid editions of the Classics, which are one of the great glories of the printer's art,
LJ001-0059	9.063	114	953	the greater part of these Italian printers, it should be mentioned, were Germans or Frenchmen, working under the influence of Italian opinion and aims.
LJ001-0061	3.502	44	376	the Roman letter was used side by side with the Gothic.
LJ001-0063	4.570	58	491	which was generally more formally Gothic than the printing of the German workmen,
LJ001-0065	7.078	89	748	This was notably the case with the early works printed at Ulm, and in a somewhat lesser degree at Augsburg.
LJ001-0067	6.973	88	736	In the Low Countries and Cologne, which were very fertile of printed books, Gothic was the favorite.
LJ001-0069	5.568	70	592	This type was introduced into England by Wynkyn de Worde, Caxton's successor,
LJ001-0071	7.368	93	781	Most of Caxton's own types are of an earlier character, though they also much resemble Flemish or Cologne letter.
LJ001-0073	7.089	89	746	went on apace; and by the end of the sixteenth century there was no really beautiful printing done:
LJ001-0075	6.811	86	722	the worst, which perhaps was the English, was a terrible falling-off from the work of the earlier presses;
LJ001-0077	9.365	118	986	In England about this time, an attempt was made (notably by Caslon, who started business in London as a type-founder in seventeen twenty)
LJ001-0079	4.419	56	474	Caslon's type is clear and neat, and fairly well designed;
LJ001-0081	4.547	57	479	type cast from his matrices is still in everyday use.
LJ001-0083	4.999	63	530	The seventeenth century founts were bad rather negatively than positively.
LJ001-0085	8.320	104	872	It was reserved for the founders of the later eighteenth century to produce letters which are positively ugly, and which, it may be added,
LJ001-0087	8.250	104	873	for the seventeenth-century letters are at least pure and simple in line. The Italian, Bodoni, and the Frenchman, Didot,
LJ001-0089	8.668	109	912	but his letters, though uninteresting and poor, are not nearly so gross and vulgar as those of either the Italian or the Frenchman.
LJ001-0091	6.660	84	705	so far as fine printing is concerned, though paper did not get to its worst till about eighteen forty.
LJ001-0093	7.124	90	750	This experiment was so far successful that about eighteen fifty Messrs. Miller and Richard of Edinburgh
LJ001-0095	4.198	53	451	These and similar founts, cast by the above firm and others,
LJ001-0097	8.239	103	863	a little reduced in ugliness. The design of the letters of this modern "old style" leaves a good deal to be desired,
LJ001-0099	8.030	101	846	It must be remembered, however, that most modern printing is done by machinery on soft paper, and not by the hand press,
LJ001-0101	7.426	93	778	It is discouraging to note that the improvement of the last fifty years is almost wholly confined to Great Britain.
LJ001-0103	5.371	68	572	but the general revival of the old forms has made no way in those countries.
LJ001-0105	8.540	107	894	America has produced a good many showy books, the typography, paper, and illustrations of which are, however, all wrong,
LJ001-0107	3.676	46	393	To say a few words on the principles of design in typography:
LJ001-0109	9.098	114	952	this is best furthered by the avoidance of irrational swellings and spiky projections, and by the using of careful purity of line.
LJ001-0111	6.950	87	731	the ends of many of the letters such as the t and e are hooked up in a vulgar and meaningless way,
LJ001-0113	5.429	68	579	there is a grossness in the upper finishings of letters like the c, the a, and so on,
LJ001-0115	8.308	104	871	in short, it happens to this craft, as to others, that the utilitarian practice, though it professes to avoid ornament,
LJ001-0117	6.648	84	704	which title can only be claimed by artistic practice, whether the art in it be conscious or unconscious.
LJ001-0119	5.847	74	622	and the elegance and legibility of the ancient more striking than in the Arabic numerals.
LJ001-0121	6.381	80	670	in reading the modern figures the eyes must be strained before the reader can have any reasonable assurance
LJ001-0123	3.687	47	404	this is awkward if you have to read Bradshaw's Guide in a hurry.
LJ001-0125	2.677	34	293	this is the narrowing of the modern letters.
LJ001-0129	3.873	49	413	the lateral compression of his letters renders necessary.
LJ001-0131	6.497	82	691	the size known as "Long primer" ought to be the smallest size used in a book meant to be read.
LJ001-0133	8.784	110	921	One very important matter in "setting up" for fine printing is the "spacing," that is, the lateral distance of words from one another.
LJ001-0135	4.303	54	458	it is impossible that they should be quite equal except in lines of poetry
LJ001-0137	4.709	59	497	But another point which they should attend to they almost always disregard;
LJ001-0139	5.255	66	559	a blemish which can be nearly, though not wholly, avoided by care and forethought
LJ001-0141	3.687	47	400	The general solidity of a page is much to be sought for
LJ001-0143	6.160	78	654	For where these are boldly and carefully designed, and each letter is thoroughly individual in form,
LJ001-0145	7.170	90	758	No definite rules, however, except the avoidance of "rivers" and excess of white, can be given for the spacing,
LJ001-0147	5.986	75	633	The position of the page on the paper should be considered if the book is to have a satisfactory look.
LJ001-0149	6.126	77	651	From the time when books first took their present shape till the end of the sixteenth century, or indeed later,
LJ001-0151	4.512	57	484	the unit of the book being looked on as the two pages forming an opening.
LJ001-0153	6.474	81	682	only nominally so, however, in many cases, since when he uses a headline he counts that in,
LJ001-0155	4.256	54	461	and that laterally the page looks as if it were being driven off the paper.
LJ001-0157	4.442	56	476	of this it may be said that though there is some good paper made now,
LJ001-0159	8.413	106	886	The paper that is used for ordinary books is exceedingly bad even in this country, but is beaten in the race for vileness
LJ001-0161	4.152	52	443	There seems to be no reason why ordinary paper should not be better made,
LJ001-0163	6.393	80	671	e.g. the cheap paper should not sacrifice toughness and durability to a smooth and white surface,
LJ001-0165	2.677	34	292	One fruitful source of badness in paper
LJ001-0167	5.046	64	540	a device which deceives nobody, and makes a book very unpleasant to read.
LJ001-0173	9.109	114	952	The essential point to be remembered is that the ornament, whatever it is, whether picture or pattern-work, should form part of the page,
LJ001-0175	4.198	53	449	Simple as this proposition is, it is necessary to be stated,
LJ001-0177	4.628	58	494	so that if the two are helpful to one another it is a mere matter of accident.
LJ001-0179	2.759	35	302	even when the woodcuts are very rude indeed,
LJ001-0181	4.616	58	493	When, as is most often the case, there is actual beauty in the cuts,
LJ001-0183	8.599	108	901	Therefore, granted well-designed type, due spacing of the lines and words, and proper position of the page on the paper,
LJ001-0185	3.095	39	333	printed books might once again illustrate to the full
LJ002-0001	8.181	103	860	The Chronicles of Newgate, Volume two. By Arthur Griffiths. Section four: Newgate down to eighteen eighteen.
LJ002-0005	2.933	37	317	The prison population fluctuated a great deal,
LJ002-0007	3.664	46	390	Neild gives some figures which well illustrate this.
LJ002-0009	3.119	39	336	On the twenty-seventh April, in the following year,
LJ002-0011	9.597	120	996	For two more years these high figures were steadily maintained, and in eighteen oh three the total rose to seven hundred ten.
LJ002-0015	6.033	76	639	three hundred debtors and nine hundred criminals in Newgate, or twelve hundred prisoners in all.
LJ002-0017	7.670	96	802	Trustworthy evidence is forthcoming to the effect that these high figures were constantly maintained for many months at a time.
LJ002-0019	3.444	44	376	who seldom let a session go by without visiting Newgate.
LJ002-0021	9.086	114	957	the grand jury made a special presentment to the Court of Common Council, pointing out that on the debtors' side, which was intended for only one hundred,
LJ002-0023	3.455	44	373	On the female side matters were much worse;
LJ002-0025	7.995	100	835	Returns laid before the House of Commons showed that six thousand, four hundred thirty-nine persons had been committed to Newgate
LJ002-0027	9.539	120	1003	and this number did not include the debtors, a numerous class, who were still committed to Newgate pending the completion of the White Cross Street prison.
LJ002-0029	3.606	46	390	as it was occupied and appropriated in eighteen ten.
LJ002-0033	7.554	95	793	two. The female debtors' side. three. The chapel yard. four. The middle yard.
LJ002-0035	1.598	20	178	eight. The press yard.
LJ002-0037	4.570	58	489	leading to thirteen wards on various floors, and a day room.
LJ002-0039	5.081	64	539	they each contained four small rooms or "cabins" seven feet square,
LJ002-0041	8.552	107	893	Two other wards were appropriated to the master's side debtors; they were each twenty-three feet by fourteen and a half,
LJ002-0043	7.693	97	807	long narrow rooms -- one thirty-six feet, six twenty-three feet, and the eighth eighteen,
LJ002-0045	3.409	43	367	The various wards were all about eleven feet in height,
LJ002-0047	5.348	67	568	The day room was fitted with benches and settles after the manner of the tap in a public-house.
LJ002-0049	5.150	65	547	leading to two wards, one of which was thirty-six feet by fifteen,
LJ002-0051	5.917	74	622	A high wall fifteen feet in height divided the females' court-yard from the men's.
LJ002-0053	4.698	59	500	It had been for some time devoted principally to felons of the worst types,
LJ002-0055	8.726	110	917	This arrangement was, however, modified after eighteen eleven, and the chapel yard was allotted to misdemeanants and prisoners awaiting trial.
LJ002-0057	5.127	65	549	These wards were all fitted with barrack-beds, but no bedding was supplied.
LJ002-0059	8.285	104	872	those who had turned king's evidence, whose safety might have been imperiled had they been lodged with the men against whom they had informed.
LJ002-0061	5.742	72	607	or they lodged with the gatesmen, the prisoner officers who had charge of the inner gates.
LJ002-0063	8.947	112	936	It was fifty feet by twenty-five, and had five wards each thirty-eight by fifteen. At one end of the yard was an arcade,
LJ002-0065	3.606	46	388	or female convicts ordered for execution.
LJ002-0067	7.763	98	816	but really kept for the few who had funds sufficient to gain them admission to these more comfortable quarters.
LJ002-0069	2.828	36	308	to the various wards their friends occupied.
LJ002-0071	7.194	90	754	It was large and comparatively commodious, being maintained on a better footing than any other part of the prison.
LJ002-0073	4.860	61	518	Neild takes it for granted that the former rather than the latter prevailed in the selection,
LJ002-0075	4.651	59	501	and who are therefore lodged apart from all other districts of the jail. End quote.
LJ002-0077	6.903	87	729	from twenty-one by eighteen feet to fifteen feet square, which were furnished with bedsteads and bedding.
LJ002-0079	9.191	115	960	Its name and its situation were the same as those of the old place of carrying out the terrible sentence inflicted on accused persons who stood mute.
LJ002-0081	5.232	66	558	and beyond it was now a day room for the capital convicts or those awaiting execution.
LJ002-0083	3.328	42	358	The ground floor cells were nine feet by six;
LJ002-0085	9.075	114	948	Security was provided for in these condemned cells by lining the substantial stone walls with planks studded with broad-headed nails;
LJ002-0087	6.056	76	638	a circular aperture had been let in to give ventilation and secure a free current of air.
LJ002-0089	6.416	81	681	eight. The female felons were deprived of part of the space which the architect had intended for them.
LJ002-0091	6.102	77	646	and what remained was divided into a master's and a common side for female felons.
LJ002-0093	4.790	60	510	There were nine wards in all on the female side, one of them in the attic,
LJ002-0095	9.458	119	989	and the rest being provided with barrack beds, and in dimensions varying from thirty feet by fifteen to fifteen feet by ten.
LJ002-0097	8.924	112	939	they had dust-bins, sewers, and so forth, "properly disposed," and the city scavenger paid periodical visits to the prison.
LJ002-0099	8.285	104	872	to which access was granted rarely and as a great favor. But they were allowed the luxury of drink -- if they could pay for it.
LJ002-0101	4.756	60	508	there was still a "convenient room" which served, and, quote,
LJ002-0103	7.960	100	837	The felons' side has a similar accommodation, and this mode of introducing the beverage is adopted because no publican as such
LJ002-0105	6.114	77	650	and beyond it was a room called the "wine room," because formerly used for the sale of wine, but
LJ002-0109	3.653	46	393	called the clerk of the papers, attends daily. End quote.
LJ002-0111	4.372	55	467	Of these the debtors, male and female, formed a large proportion.
LJ002-0113	6.265	79	665	in an age when insolvent acts and bankruptcy courts do so much to relieve the impecunious,
LJ002-0116	4.233	53	447	The number of processes against debtors annually was extraordinary.
LJ002-0118	4.860	61	515	a table showing the figures for the year ending Michaelmas eighteen oh two.
LJ002-0120	8.657	109	911	had been issued for the arrests of debtors in the kingdom, for sums varying from fourpence to five hundred pounds and upwards.
LJ002-0122	9.051	114	950	The number of arrests actually made was one hundred fourteen thousand, three hundred for the kingdom, and seven thousand twenty for Middlesex.
LJ002-0124	5.359	67	564	Quite half of the foregoing writs and arrests applied to sums under thirty pounds.
LJ002-0126	8.239	103	860	five thousand, seven hundred nineteen writs and executions for debts between ten pounds and twenty pounds were issued in Middlesex,
LJ002-0128	6.091	77	643	He also makes the curious calculation that the costs of these actions if undefended
LJ002-0130	7.658	96	803	two hundred eighty-five thousand, nine hundred fifty pounds; in other words, that to recover eighty odd thousand pounds,
LJ002-0132	9.237	116	966	An elaborate machinery planned for the protection of the trader, and altogether on his side, had long existed for the recovery of debts.
LJ002-0134	6.253	79	667	The County Court was the sheriff's, who sat there surrounded by the bishop and the magnates of the county;
LJ002-0136	2.863	36	309	and the disuse of the inferior courts.
LJ002-0138	8.169	103	861	and four common councilmen to hold Courts of Requests, or Courts of Conscience, to hear and determine all causes of debt
LJ002-0140	8.691	109	908	These courts were extended two centuries later to several large provincial towns, and all were in full activity when Neild wrote,
LJ002-0142	3.595	45	382	These courts were open to many and grave objections.
LJ002-0144	9.330	117	972	and when once appointed continued to serve sine die; they were generally near in rank to the parties whose causes they decided.
LJ002-0146	6.764	85	713	The activity as well as the futility of these courts may be estimated from the statement given by Neild
LJ002-0148	5.859	74	619	and that no more than one hundred ninety-seven creditors recovered debts and costs.
LJ002-0150	3.838	48	410	Costs were the gallons of sack to the pennyworth of debt.
LJ002-0152	8.366	105	877	fourteen men and women who had lain there ten, eleven, and thirteen years for debts of a few shillings,
LJ002-0154	9.005	113	941	Thus, amongst others, Thomas Blackburn had been committed on October fifteenth for a debt of one shilling five pence.
LJ002-0156	9.016	113	946	Thomas Dobson, on twenty-second August, seventeen ninety-nine, for one shilling, with costs of eight shillings, ten pence.
LJ002-0158	9.307	117	980	Other cases are recorded elsewhere, as at the Giltspur Street Compter, where in eighteen oh five Mr. Neild found a man named William Grant
LJ002-0160	7.089	89	750	and John Lancaster for one shilling, eight pence, with costs of seven shillings, six pence. Quote.
LJ002-0162	5.510	69	580	He recites another most outrageous and extraordinary case, in which one John Bird,
LJ002-0164	5.626	71	602	for the paltry sum of four pence, with costs of seven shillings, six pence.
LJ002-0166	4.280	54	462	Mr. Buxton, in his "Inquiry into the System of Prison Discipline,"
LJ002-0168	9.481	119	998	The lad in question was found in Coldbath Fields prison, to which he had been sent for a month in default of paying a fine of forty shillings.
LJ002-0170	8.749	110	918	There was in the City Road a temporary bar, with a collector of tolls who was sometimes on the spot and sometimes not.
LJ002-0172	5.220	66	555	For this he was summoned before a magistrate, and sentenced as already stated.
LJ002-0174	5.116	64	546	Mr. Buxton's friends at once paid the forty shillings, and the boy was released.
LJ002-0176	7.414	93	779	Neild gives a list of the various items charged upon a debt of ten pounds, which included instructions to sue,
LJ002-0178	5.023	63	534	affidavit of service, and many more, amounting in all to twenty-seven,
LJ002-0180	4.361	55	467	Before dealing with the debtors in Newgate, I may refer incidentally
LJ002-0182	4.396	55	466	the Fleet, and the Marshalsea prisons especially devoted to them,
LJ002-0184	5.731	72	607	the latter two being also a prison for felons and vagrants arrested within certain limits.
LJ002-0186	8.401	106	880	The population generally amounted to from five hundred to seven hundred, the accommodation being calculated for two hundred.
LJ002-0188	7.855	99	833	being often obliged to pay a high rent for a bed at the coffee-house or in some room which was vacated by its regular occupant.
LJ002-0190	9.075	114	950	The best, or at least the most influential prisoners, got lodging in the State House, which contained "eight large handsome rooms."
LJ002-0192	8.169	103	862	another two hundred more or less took advantage of "the rules," and lived outside within a circumference of two miles and a half.
LJ002-0194	7.263	91	763	and a heavy fee at the rate of eight pounds per one hundred pounds, with four pounds for every additional hundred.
LJ002-0198	2.515	32	277	The office of marshal had been hereditary,
LJ002-0200	4.756	60	507	The marshal was supposed to be resident either within the prison or the rules.
LJ002-0202	3.931	50	424	The prison was always in "the most filthy state imaginable."
LJ002-0204	4.338	55	468	When they were sick no more notice was taken of them than of a dog.
LJ002-0206	7.124	90	749	Dissolute habits prevailed on all sides; drunkenness was universal, gambling perpetual.
LJ002-0208	2.225	28	242	into holes marked with numbers.
LJ002-0210	8.366	105	880	the keeper of the large tap-room called the Brace, because it was once kept by two brothers named Partridge, also paid him toll.
LJ002-0212	4.779	60	508	Mexico, and was consumed at the rate of a hogshead per week.
LJ002-0214	7.983	100	840	was a prison for debtors and persons committed for contempt by the courts of Chancery, Exchequer, and Common Pleas.
LJ002-0216	2.875	36	309	The shameful malpractices of Bambridge,
LJ002-0218	9.028	113	945	A committee of the House of Commons investigated the charges against Bambridge, who was proved to have connived at the escape of some debtors,
LJ002-0220	8.088	102	854	In consequence of these disclosures, both Bambridge and Huggin, his predecessor in the office, were committed to Newgate,
LJ002-0222	7.855	99	827	It contained generally from six to seven hundred inmates, while another hundred more or less resided in the rules outside.
LJ002-0224	8.018	101	847	but a number of rooms, fifteen more or less, were reserved for poor debtors under the name of Bartholomew Fair.
LJ002-0226	6.068	76	636	The same evils of overcrowding, uncleanliness, want of medical attendance,
LJ002-0228	6.207	78	658	The Committee on Jails reported that, quote, although the house of the warden looked into the court,
LJ002-0230	8.807	111	926	The state of morals was disgraceful. Any woman obtained admission if sober, and if she got drunk she was not turned out.
LJ002-0232	5.475	69	580	Disturbances were frequent, owing to the riotous conduct of intoxicated women.
LJ002-0234	1.807	23	202	In the yard behind the prison
LJ002-0236	2.794	35	303	Matters were rather better at the Marshalsea.
LJ002-0238	5.800	73	616	was used for debtors arrested for the lowest sums within twelve miles of the palace of Whitehall;
LJ002-0240	7.983	100	837	At one time the Marshalsea was the receptacle of pirates, but none were committed to it after seventeen eighty-nine.
LJ002-0242	6.277	79	666	to be held before the steward of the royal household, the knight marshal, and the steward of the court,
LJ002-0244	5.394	68	572	but its business was much reduced by the extension of the Courts of Conscience.
LJ002-0246	5.359	67	565	and came under the strong animadversion of the Jail Committee of seventeen twenty-nine.
LJ002-0248	5.882	74	620	The population, as reported by the committee in eighteen fourteen, averaged about sixty,
LJ002-0250	2.759	35	301	Their conduct too was orderly on the whole.
LJ002-0252	4.523	57	482	The inmates, who euphemistically styled themselves "collegians,"
LJ002-0254	4.233	53	449	and fines imposed for conduct disapproved of by the "college."
LJ002-0256	8.993	113	942	A committee of collegians was elected to act as the executive, also a secretary or accountant to receive monies and keep books,
LJ002-0258	8.169	103	861	Bad language, quarreling, throwing water over one another was forbidden on pain of fine and being sent to Coventry;
LJ002-0260	4.965	63	531	Yet the public opinion of the whole body seems to have checked dissipation.
LJ002-0262	6.973	88	735	owing to many charitable gifts and bequests, which included annual donations from the Archbishop of Canterbury,
LJ002-0264	7.043	89	747	Legacies had also been left to free a certain number of debtors, notably that of one hundred pounds per annum
LJ002-0266	6.857	86	725	His bequest, which was charged upon his manor at Goring, Oxon, and hence called the Oxford Charity,
LJ002-0268	9.133	115	963	The supreme control of the Marshalsea was vested in the marshal of the royal household; but although he drew a salary of five hundred pounds a year,
LJ002-0270	8.715	109	914	The latter's salary, with fees, the rent of the tap and of the chandler's shop, amounted to about six hundred pounds a year.
LJ002-0272	4.431	56	474	on the opening of Whitecross prison for debtors in eighteen fifteen.
LJ002-0274	6.416	81	678	clergymen, proctors, attorneys, and persons specially selected by the Corporation.
LJ002-0276	7.844	99	829	went outside and beyond the prison to call on their creditors, and try to arrange their debts, but this practice was discontinued.
LJ002-0278	6.613	83	697	while the funds of several bequests and charities were applied in adding to the material comfort of the prisoners.
LJ002-0282	4.593	58	491	Those who could not pay were thrown into the wards with the night charges,
LJ002-0284	8.355	105	881	The Borough Compter was in a disgraceful state to the last. The men's ward had an earth, or rather a mud, floor,
LJ002-0286	5.371	68	574	The rooms had no fireplaces, so it mattered little that no coals were allowed.
LJ002-0288	6.567	83	696	In one room Mr. Neild found a woman ill of a flux shut up with three men;
LJ002-0290	5.510	69	582	Neild found the prisoners in the Borough Compter ragged, starving, and dirty.
LJ002-0294	7.972	100	840	a further fee was, however, demanded from the new-comer before he was made free of either the master's or the cabin side.
LJ002-0296	9.016	113	948	Garnish on the cabin side was a guinea at entrance for coals, candles, brooms, etc., and a gallon of beer on discharge;
LJ002-0298	3.955	50	424	in his evidence in eighteen fourteen, said it was more,
LJ002-0300	5.533	70	591	Numerous tyrannies were practiced on all who would not and could not pay the garnish.
LJ002-0302	4.616	58	490	and so were unable either to warm themselves or to cook their food.
LJ002-0306	6.137	77	650	looked forward to his liberty, he was still delayed until he had paid a new debt arising, quote,
LJ002-0308	9.388	118	984	nor was non-payment made a pretext for further imprisonment, thanks to the humanity of the jailer, or the funds provided by various charities.
LJ002-0310	6.602	83	698	that debtors who could afford the cabin and master's side were not permitted to share in the prison charities.
LJ002-0312	9.040	113	945	and a calculation made as to the amount that might be expended per week from the whole sum, so that the latter might last out the year.
LJ002-0314	7.124	90	757	was after eighteen oh seven, through the exertions of the keeper of the jail, spent in the purchase of necessaries.
LJ002-0316	7.182	90	755	notably as when numbers filled Newgate in anticipation of Lord Redesdale's bill for insolvent debtors,
LJ002-0318	9.214	116	969	The city also allowed the poor debtors fourteen ounces of bread daily, and their share of eight stone of meat, an allowance which never varied,
LJ002-0320	6.532	82	688	The bread was issued every alternate day; and while some prisoners often ate their whole allowance at once,
LJ002-0322	9.539	120	1007	Share in the weekly allowance of meat might also be denied to debtors who had not paid "garnish," as well as in the weekly grant from the charitable fund.
LJ002-0324	6.056	76	641	or the keeper made them a special grant of six pence per diem out of the common stock;
LJ002-0326	7.078	89	747	The poor debtors were not supplied with beds. Those who could pay the price might hire them from each other,
LJ002-0330	6.509	82	689	female visitors carried them out of the prisons, or the debtors destroyed them when the weather was warm,
LJ002-0332	4.454	56	469	Sometimes rugs were urgently required and not forthcoming;
LJ002-0334	7.890	99	829	Again, there was no regular allowance of fuel. Coals were purchased out of the garnish money and the charitable fund;
LJ002-0336	5.812	73	615	indeed the place, with its oak floors caulked with pitch, and smoked ceilings,
LJ002-0338	7.751	97	810	Only now and again, in extreme cases, an unusually nasty companion was stripped, haled to the pump,
LJ003-0002	6.636	83	696	The squalor and uncleanness of the debtors' side was intensified by constant overcrowding.
LJ003-0004	2.271	29	253	No remonstrance was attended to,
LJ003-0006	6.358	80	673	Besides this, although the families of debtors were no longer permitted to live with them inside the jail,
LJ003-0010	4.918	62	522	wine and beer might be had in any quantity, the only limitation being
LJ003-0012	5.208	66	560	and debtors might practically have as much as they liked, if they could only pay for it.
LJ003-0014	6.776	85	715	Quarreling among the debtors was not unfrequent. Blows were struck, and fights often ensued.
LJ003-0016	9.040	113	945	Bad cases were removed to a cell on the felons' side, and here they were locked in solitary confinement for three days at a time.
LJ003-0018	7.519	94	784	and discipline maintained by a system open to grave abuses, and which had the prescription of long usage,
LJ003-0020	7.136	90	756	This was the pernicious plan of governing by prisoners, or of setting a favored few in authority over the many.
LJ003-0022	2.585	33	282	This steward was practically supreme.
LJ003-0024	5.568	70	590	he collected the garnish money, and distributed the weekly grant from the prison charitable fund.
LJ003-0026	9.376	118	987	The auditors were paid a shilling each for their services each time the poor-box was opened. The steward was also remunerated for his trouble.
LJ003-0028	3.235	41	350	and no doubt made the meat also pay toll.
LJ003-0030	5.510	69	579	These subordinate chiefs were also rewarded out of the scanty prison rations.
LJ003-0032	6.416	81	683	So valuable were they deemed, that as much as fifty guineas was offered to the keeper for the post.
LJ003-0034	3.792	48	407	This gradually was forced upon the consciousness of the Corporation,
LJ003-0036	6.520	82	688	Authority was given to raise money on the Orphans' Fund to the extent of ninety thousand pounds.
LJ003-0038	5.174	65	550	which would accommodate the inmates of Newgate and of the three compters, Ludgate,
LJ003-0040	9.144	115	960	The evils of association for these debtors were perpetuated, although the plan provided for the separation of the various contingents committed to it.
LJ003-0042	5.789	73	614	The completion of this very necessary building was, however, much delayed for want of funds,
LJ003-0044	3.200	40	342	The reforms which were to be attempted in that prison
LJ003-0046	7.031	88	740	could not be carried out till then. It is to be feared that long after the opening of White Cross Street prison,
LJ003-0048	8.401	106	884	I pass now to the criminal side of Newgate, which consisted of the six quarters or yards already enumerated and described.
LJ003-0050	2.457	31	266	(one) those awaiting trial;
LJ003-0052	9.063	114	949	(three) transports awaiting removal to the colonies, and (four) capital convicts, condemned to death and awaiting execution.
LJ003-0054	8.935	112	938	An imperfect attempt at classification was, however, made in eighteen twelve, and a yard was as far as possible set apart for the untried,
LJ003-0056	8.889	112	933	This was the chapel yard, with its five wards, which were calculated to hold seventy prisoners, but often held many more.
LJ003-0058	3.676	46	392	but all mingled freely during the day in the yard.
LJ003-0060	8.413	106	884	which was a wooden flooring on a slightly inclined plane, with a beam running across the top to serve as a pillow.
LJ003-0062	8.088	102	854	When each sleeper had the full lateral space allotted to him, it amounted to one foot and a half on the barrack bed;
LJ003-0064	5.812	73	614	the sleepers covered the entire floor, with the exception of a passage in the middle.
LJ003-0066	5.383	68	574	As many various and, according to our ideas, heinous crimes came under this head,
LJ003-0068	9.249	116	966	the man guilty of a common assault found himself side by side with the fraudulent, or others who had attempted abominable crimes.
LJ003-0070	6.369	80	671	was frequently adjudged for so-called libels, or too out-spoken comments in print.
LJ003-0072	9.620	121	1006	that some other and less mixed prison should be used for the confinement of persons convicted of libels. But this suggestion was ignored.
LJ003-0074	9.353	117	979	The Hon. H. G. Bennet, who visited Newgate in eighteen seventeen, saw in one yard, in a total of seventy-two prisoners,
LJ003-0076	9.504	119	989	four for fourteen years, and three of them persons sentenced to fines or short imprisonment -- one for little more than a month.
LJ003-0078	7.809	98	818	Nor were the misdemeanants and bail prisoners any longer separated from those whose crimes were of a more serious character.
LJ003-0080	6.892	87	725	two committed by the Bankruptcy Commissioner, one for perjury, and two transports.
LJ003-0084	7.646	96	804	Quote, a common-sized man, says the keeper, Mr. Newman, can turn in nineteen inches, end quote.
LJ003-0086	4.071	51	433	The crowding was in consequence of the delay in removing transports.
LJ003-0090	6.787	85	715	Mr. Newman admitted that he had petitioned that certain "trusty men" might be left in the jail.
LJ003-0092	6.277	79	661	There were frequently in the middle yard seven or eight children, the youngest barely nine,
LJ003-0094	8.529	107	896	Mr. Bennet mentions also the case of young men of better stamp, clerks in city offices, and youths of good parentage,
LJ003-0096	8.355	105	879	Quote, yet they had been long enough, he goes on to say, in the prison associated with the lowest and vilest criminals,
LJ003-0098	5.766	73	611	the inevitable consequence of such a situation, their morals must have been destroyed;
LJ003-0100	8.250	104	870	yet the society they were driven to live in, the language they daily heard, and the lessons they were taught in this academy,
LJ003-0102	8.831	111	928	Mr. Buxton, in the work already quoted, instances another grievous case of the horrors of indiscriminate association in Newgate.
LJ003-0104	2.248	29	252	Having been committed to Clerkenwell,
LJ003-0106	3.955	50	426	The first night in Newgate, and for the subsequent fortnight,
LJ003-0108	4.732	60	507	Spirits were freely introduced, and although he at first abstained,
LJ003-0110	4.674	59	499	They viewed him with some suspicion, as one of whom they knew nothing.
LJ003-0112	7.646	96	804	When any prisoner committed an offense against the community or against an individual, he was tried by a court in the jail.
LJ003-0114	7.043	89	745	was appointed judge, and a towel tied in knots was hung on each side in imitation of a wig.
LJ003-0116	9.237	116	967	A jury having been selected and duly sworn, the culprit was then arraigned. Justice, however, was not administered with absolute integrity.
LJ003-0118	5.232	66	557	Various punishments were inflicted, the heaviest of which was standing in the pillory.
LJ003-0120	3.560	45	385	The culprit was then compelled to carry the chair about with him.
LJ003-0122	5.255	66	553	The prisoner mentioned above was continually persecuted by trials of this kind.
LJ003-0126	5.789	73	611	The unfortunate man was compelled at length to adopt the habits of his associates;
LJ003-0128	9.330	117	977	caught their flash terms and sung their songs, was admitted to their revels, and acquired, in place of habits of perfect sobriety,
LJ003-0130	7.229	91	764	His wife visited him in Newgate, and wrote a pitiable account of the state in which she found her husband.
LJ003-0132	9.307	117	973	whose language and manners, whose female associates of the most abandoned description, and the scenes consequent with such lost wretches
LJ003-0134	2.968	38	329	One day he was too ill to come down and meet her.
LJ003-0136	9.307	117	978	pale as death, very ill, and in a dreadfully dirty state, the wretches making game of him, and enjoying my distress;
LJ003-0138	4.547	57	483	Though they could not force him to gamble, he was compelled to drink,
LJ003-0140	4.338	55	465	otherwise he would have been stripped of his clothes. End quote.
LJ003-0142	3.943	50	425	to purchase the greater ease and comfort of the master's side.
LJ003-0144	7.914	99	826	the wards being furnished with barrack bedsteads, upon which each prisoner had the regulation allowance of sleeping room
LJ003-0146	8.053	101	846	without them the keeper declared that he could not pay the salaries of turnkeys and servants, nor keep the prison going at all.
LJ003-0148	8.900	112	934	and spent in providing coals, candles, plates, knives, and forks; while all the occupants of this part of the prison
LJ003-0150	7.565	95	795	but they had no share in the prison meat or other charities, and they or their friends found them in food.
LJ003-0152	6.996	88	740	It was the only way to escape the horrors, the distress, penury, and rags of the common yards.
LJ003-0154	5.545	70	591	Artisans and others were at liberty to work at their trades, provided they were not dangerous.
LJ003-0156	8.784	110	921	All the money earned by prisoners was at their own disposal, and was spent almost habitually in drink, chambering, and wantonness.
LJ003-0158	7.205	91	764	from whom still higher fees were exacted, with the same discreditable idea of swelling the revenues of the prison.
LJ003-0160	6.985	88	739	and no lodger was rejected, whatever his status, who offered himself and could bring grist to the mill.
LJ003-0162	6.799	85	710	the convicted felon, the transport awaiting removal, the lunatic whose case was still undecided,
LJ003-0164	2.979	38	324	or the daring reporter of parliamentary debates.
LJ003-0166	6.648	84	703	association at one time forbidden by custom, but which greed and rapacity long made the rule.
LJ003-0168	9.527	120	1008	Ten and sixpence a week more was charged as rent for a single bed; where two or more slept in a bed the rent was seven shillings a week each.
LJ003-0170	7.809	98	821	A Mr. Lundy, charged with forgery, was thus accommodated on the state side for upwards of five years.
LJ003-0172	2.979	38	328	The keeper went still further in his efforts to make money.
LJ003-0174	6.532	82	693	Mr. Davison, sent to Newgate for embezzlement, and whose case is given in the preceding chapter,
LJ003-0176	6.300	79	669	Mr. Cobbett was also a lodger of Mr. Newman's; and so were any members of the aristocracy,
LJ003-0178	4.640	58	492	The female felons' wards I shall describe at length in the next chapter,
LJ003-0180	8.169	103	857	These wards were always full to overflowing; sometimes double the number the rooms could accommodate were crowded into them.
LJ003-0182	4.535	57	484	The tried and the untried, young and old, were herded together
LJ003-0184	5.986	75	633	all the contagion and profligacy which prevailed in this part of the prison, end quote.
LJ003-0186	9.388	118	984	Only when the order of execution came down were those about to suffer placed apart in one of the rooms in the arcade of the middle ward.
LJ003-0188	4.477	56	473	The old press yard has been fully described in a previous chapter.
LJ003-0190	5.290	67	562	Except in murder cases, where the execution was generally very promptly performed,
LJ003-0192	4.918	62	522	Hence there was a terrible accumulation of prisoners in the condemned cells.
LJ003-0194	5.951	75	631	At another time there were fifty, one of whom had been under sentence a couple of years.
LJ003-0196	7.043	89	744	five of whom had been condemned the previous July, four in September, and twenty-nine in October.
LJ003-0198	6.265	79	661	Few realizing that the dreadful fate would overtake them, dismissed the prospect of death,
LJ003-0200	3.432	43	366	Visitors were permitted access to them without stint;
LJ003-0202	8.424	106	890	These capital convicts, says Mr. Bennet, quote, lessened the ennui and despair of their situation by unbecoming merriment
LJ003-0204	9.516	119	989	I saw Cashman a few hours before his execution, smoking and drinking with the utmost unconcern and indifference, end quote.
LJ003-0206	7.345	92	772	and their gibes and jollity counteracted the ordinary's counsels or the independent preacher's earnest prayers.
LJ003-0208	5.859	74	623	a number of amateurs were ever ready to give their gratuitous ministrations to the condemned.
LJ003-0210	9.179	115	960	at night they were placed in the fifteen cells, two, three, or more together, according to the total number to be accommodated.
LJ003-0212	8.030	101	841	But they nevertheless frequently managed to secrete the means of making away with themselves, and accomplished their purpose.
LJ003-0214	7.205	91	762	in couples, from the time of sentence to that of execution, which was about three or four days generally,
LJ003-0216	5.777	73	613	This latter was an ordeal which all dreaded, and many avoided by denying their faith.
LJ003-0218	8.668	109	908	The chapel was filled with a curious but callous congregation, who came to stare at the miserable people thus publicly exposed.
LJ003-0220	4.001	51	434	quote, so discreditable to the metropolis, end quote.
LJ003-0222	6.288	79	662	The jail was neither suitable nor sufficiently large. It was not even kept weather-tight.
LJ003-0224	7.205	91	764	Supplies of common necessaries, such as have now been part of the furniture of every British jail for many years,
LJ003-0226	8.030	101	843	The rations of food were notoriously inadequate, and so carelessly distributed, that many were left to starve.
LJ003-0228	2.468	31	268	and the general insufficiency was such
LJ003-0230	7.670	96	805	The prison allowances were eked out by the broken victuals generously given by several eating-house keepers in the city,
LJ003-0232	4.535	57	484	These were fetched away in a large tub on a truck by a turnkey.
LJ003-0234	8.517	107	894	The bedding was scanty; fuel and light had to be purchased out of prisoners' private means; clothing was issued but rarely,
LJ003-0236	6.497	82	688	Garnish continued to be demanded long after it had disappeared in other and better-regulated prisons.
LJ003-0238	5.870	74	624	and they were exacted to relieve a rich corporation from paying for the maintenance of their own prison.
LJ003-0240	5.650	71	596	with ruined character, bad habits, and often bad health contracted in the jail.
LJ003-0242	6.300	79	662	was still practiced, that of loading newly-arrived prisoners until they paid certain fees.
LJ003-0244	8.517	107	901	At the commencement of every sessions, such of the untried as had purchased "easement" of irons were called up and re-fettered,
LJ003-0246	7.287	92	765	sometimes the wearer was declared medically unfit, or he obtained release by long good conduct,
LJ003-0248	6.520	82	690	The irons weighed from three to four pounds, but heavier irons, seven or eight pounds' weight,
LJ003-0250	8.401	106	888	the culprit was chained down to the floor by running a chain through his irons which prevented him from climbing to the window of his cell.
LJ003-0252	4.256	54	455	of distinguishing a prisoner from a stranger and temporary visitor.
LJ003-0254	6.509	82	685	whereas irons cannot well be exchanged without loss of time and attracting much attention.
LJ003-0256	7.414	93	777	By this means spirits, otherwise unattainable and strictly prohibited, were smuggled into the jail.
LJ003-0258	7.391	93	780	Hence the frequent cases of drunkenness, of which no notice was taken, unless people grew riotous in their cups
LJ003-0260	6.636	83	694	Another frightful consequence of this indiscriminate admission was the influx of numbers of abandoned women,
LJ003-0264	4.535	57	482	Among the daily visitors were members of the criminal classes still at large,
LJ003-0266	4.883	62	523	One notorious character, while a prisoner awaiting transfer to the hulks,
LJ003-0268	6.845	86	719	This delectable society enticed into their set a clerk who had been imprisoned for fraud,
LJ003-0270	7.507	94	787	Owing to the facility of intercourse between inside and outside, many crimes were doubtless hatched in Newgate.
LJ003-0273	4.233	53	451	"I believe," says Mr. Bennet in the letter already largely quoted,
LJ003-0275	6.845	86	721	These malpractices were fostered by the absence of all supervision and the generally unbroken idleness.
LJ003-0277	9.133	115	958	but just open (eighteen sixteen), the regular employment of prisoners had never yet been accepted as a principle in the metropolitan prisons.
LJ003-0279	3.525	45	383	There was fear as to the unrestricted use of tools,
LJ003-0281	3.943	50	423	and the danger of losing material, raw or manufactured.
LJ003-0283	8.854	111	928	It was not strange, therefore, that the inmates of Newgate should turn their unoccupied brains and idle hands to all manner of mischief;
LJ003-0285	7.112	89	749	they should gamble with dice or cards, and play at bumble puppy or some other disreputable game of chance.
LJ003-0287	2.306	29	251	to undertake some kind of reform.
LJ003-0289	2.886	37	318	Upon the twenty-ninth July the same year,
LJ003-0293	8.668	109	910	also to make such proposals as might appear salutary, and calculated to improve Newgate and the rest of the city jails.
LJ003-0295	5.847	74	622	The committee seems to have fully realized, even at this early date (eighteen fifteen),
LJ003-0297	2.143	27	233	It admitted the paramount necessity
LJ003-0299	6.242	79	664	the latter end of the nineteenth century, several of which still fall far short of our English ideal,
LJ003-0303	6.857	86	724	The personal cleanliness of all prisoners was to be insisted upon; they should be made to wash at least once a day,
LJ003-0305	5.371	68	574	The provision of more baths was also suggested, and the daily sweeping out of the prison.
LJ003-0307	4.431	56	472	but as yet no suggestion was made to provide prison uniform.
LJ003-0309	4.581	58	489	Proper hours for locking and unlocking prisoners should be insisted upon;
LJ003-0311	5.104	64	541	The committee took upon itself to lay down stringent rules for the discipline of the prison.
LJ003-0313	8.749	110	917	instruct the prisoners, quote, give spiritual advice and administer religious consolation, end quote. to all who might need them;
LJ003-0315	9.214	116	966	All three, governor, chaplain, and surgeon, should keep journals, which should be inspected periodically by the visiting magistrates.
LJ003-0319	6.915	87	728	provided only that their security was not jeopardized, and dependent upon the enforcement of another new rule,
LJ003-0321	5.510	69	580	No wine or beer should be in future admitted into or sold in the jail,
LJ003-0323	4.756	60	509	Drunkenness, if it ever occurred, should be visited with severe punishment;
LJ003-0325	8.239	103	862	The feelings of the condemned prisoners should no longer be outraged by their exposure in the chapel, and the chapel should be rearranged,
LJ003-0327	4.616	58	492	It will hardly be denied that these proposals went to the root of the matter.
LJ003-0329	7.646	96	804	In common justice to them, it must be admitted that immediate effect was given to all that could be easily carried out.
LJ003-0333	9.458	119	991	But here the recommendations touched at once upon the delicate subject of expense, and it is clear that the committee hesitated on this score.
LJ003-0335	6.590	83	695	The committee did not deny the superior advantages offered by such prisons as Gloucester and Petworth,
LJ003-0339	1.458	19	168	could possibly afford.
LJ003-0341	7.821	98	818	by a new jail built on the outskirts, as Holloway eventually was, and permitted itself to be altogether countered
LJ003-0343	5.394	68	573	With the seeming impossibility of extending the limits of the prison as it then stood,
LJ003-0345	5.533	70	588	All the committee could do in this respect was to throw the responsibility on others.
LJ003-0347	6.137	77	649	It was very desirable that there should be a more speedy removal of transports from Newgate to the ships.
LJ003-0349	6.706	84	702	Why not relieve Newgate by drawing more largely upon the superior accommodation which Millbank offered?
LJ004-0002	5.243	66	557	While Mrs. Fry was diligently engaged upon her self-imposed task in Newgate,
LJ004-0004	6.613	83	695	It began to be understood that prison reform could only be compassed by continuous and combined effort.
LJ004-0006	9.713	122	1013	Howard's energy and devotion were rewarded by lively sympathy, but the desire to improve which followed his exposures was but short-lived.
LJ004-0008	2.352	30	261	Mr. Neild, a second Howard,
LJ004-0010	4.500	57	482	with a few bright exceptions, still deplorable and disgraceful.
LJ004-0012	2.817	36	307	was in several places merely temporary:
LJ004-0016	8.668	109	910	I have shown in a previous chapter what Newgate was at this period, despite a vast expenditure and boasted efforts to introduce reforms.
LJ004-0018	8.355	105	874	generally through the personal activity of influential and benevolent local magnates, but the true principles of prison construction
LJ004-0020	6.462	81	678	contrast ludicrously with the prison architecture based upon a century's experience of our own age.
LJ004-0022	9.551	120	1002	The executive, although harassed by internal commotion and foreign war, was not entirely callous to the crying need for amelioration in jails.
LJ004-0024	5.208	66	556	Thus in eighteen thirteen the exaction of jail fees had been forbidden by law,
LJ004-0026	8.146	102	856	In eighteen fourteen a bill was brought in to insist upon the appointment of chaplains in jails, and when this had passed into law,
LJ004-0028	5.162	65	545	Various acts were also passed to consolidate and amend previous jail acts.
LJ004-0030	7.623	96	799	the principle of classification was freshly enunciated; prison regulations were framed for general observance.
LJ004-0032	6.474	81	679	The onus of improvement lay upon the magistracy, the local authorities administering local funds,
LJ004-0034	4.883	62	519	Moreover, the laws applied more particularly to county jurisdictions.
LJ004-0036	8.866	111	926	it was hoped that their rulers would hire accommodation in the county prisons, and that the inferior establishments would in course of time disappear.
LJ004-0038	9.632	121	1007	It was in eighteen seventeen that a small band of philanthropists resolved to form themselves into an association for the improvement of prison discipline.
LJ004-0040	2.410	31	266	They felt that private enterprise might
LJ004-0042	3.757	47	399	The association was organized under the most promising auspices.
LJ004-0044	6.149	77	650	several bishops, and a number of members of the House of Commons, including Mr. Manners Sutton,
LJ004-0046	8.749	110	920	An active committee was appointed, comprising many names already well known, some of them destined to become famous in the annals of philanthropy.
LJ004-0048	9.063	114	956	Mrs. Fry's brother, Mr. Samuel Hoare, Junior, was chairman of the committee, on which also served many noted members of the Society of Friends
LJ004-0052	3.223	41	352	which Howard had eulogized some forty years before.
LJ004-0055	8.204	103	858	he personally visited several English jails, and pointed his observations by drawing forcible contrasts between the good and bad.
LJ004-0057	5.116	64	542	For the first time the doctrine was enunciated that prisoners had rights of their own.
LJ004-0059	7.426	93	785	They had a right, Mr. Buxton affirmed, to be employed in their own crafts, provided it could be safely followed in prison.
LJ004-0061	3.490	44	377	by want of bed-clothing by night or firing by day
LJ004-0063	5.092	64	539	and therefore you are bound to furnish him with moderate indeed but suitable accommodation."
LJ004-0065	6.126	77	649	his morals by compelling him to mix with a promiscuous assemblage of hardened and convicted criminals,
LJ004-0067	5.731	72	607	or to make him sleep in close contact with the victims of contagious and loathsome disease,
LJ004-0069	8.575	108	899	In short, attention to his feelings, mental and bodily, a supply of every necessary, abstraction from evil society,
LJ004-0071	8.831	111	925	Nor even when found guilty and his liberty forfeited did his privileges cease. The law appointed a suitable punishment for the offense;
LJ004-0073	6.079	76	641	to see that "no circumstances of severity are found in his treatment which are not found in his sentence."
LJ004-0075	5.394	68	578	"Who ever heard of a criminal being sentenced to catch the rheumatism or the typhus fever?"
LJ004-0077	4.047	51	436	nor has he a right to poison or starve his fellow-creatures."
LJ004-0079	5.336	67	565	"All measures and practices in prison which may injure him in any way are illegal,
LJ004-0081	4.001	51	434	decent clothing and bedding, and a diet sufficient to support him."
LJ004-0083	7.345	92	773	As Mr. Buxton pointed out, many old acts of parliament designed to protect the prisoner were still in full force.
LJ004-0085	8.262	104	873	As far back as the reign of Charles the second, a law was passed declaring that sufficient provision should be made for the relief and setting on work
LJ004-0087	7.821	98	826	and the poor there living idle and unemployed become debauched, and come forth instructed in the practice of thievery and lewdness."
LJ004-0089	4.500	57	481	and to pay overseers or instructors out of the county rates.
LJ004-0091	6.207	78	657	in distinct rooms, on pain of forfeiting his office and treble damages to the party aggrieved."
LJ004-0093	9.504	119	991	which was contemporaneous with Howard's first journeys, laid down precise rules as regards cleanliness, and the proper supply of space and air.
LJ004-0095	4.651	59	501	is found to be owing to want of cleanliness and fresh air in the several jails,
LJ004-0097	5.278	66	558	to provide such accommodations in jails as may be necessary to answer this salutary purpose,
LJ004-0099	3.304	42	361	Ventilators, hand and others, were to be supplied.
LJ004-0101	4.036	51	434	Warm and cold baths, or "commodious bathing tubs,"
LJ004-0103	7.252	91	761	Yet another act passed in seventeen ninety-one, if properly observed, should have insured proper attention to them.
LJ004-0105	7.414	93	777	two or more justices were appointed visitors of prisons, and directed to visit and inspect three times every quarter.
LJ004-0109	2.631	33	283	according to their categories or crimes.
LJ004-0111	7.612	96	801	one. Prisoners convicted of felony. two. Prisoners committed on a charge or suspicion of felony.
LJ004-0113	5.127	65	548	It was further ordered that male prisoners should be kept perfectly distinct from the females.
LJ004-0115	7.287	92	770	Infirmaries separating the sexes were also to be provided, a chapel too, and warm and cold baths.
LJ004-0117	3.618	46	391	In an early report of the Prison Discipline Improvement Society,
LJ004-0119	4.616	58	489	which had continued through that long period, are forcibly pointed out.
LJ004-0121	8.773	110	920	to which a total of upwards of one hundred thousand prisoners had been committed in the year, only twenty-three prisons were divided according to law;
LJ004-0123	3.095	39	336	sixty-eight had only two divisions, and so on.
LJ004-0125	4.396	55	468	in the balance some work was done, but with the most meager results.
LJ004-0127	1.795	23	201	In one hundred jails,
LJ004-0129	3.002	38	329	Many of the jails were in the most deplorable condition:
LJ004-0131	6.451	81	681	To specify more particularly one or two of the worst, it may be mentioned that in the Borough Compter
LJ004-0133	6.857	86	719	All prisoners passed their time in absolute idleness, or killed it by gambling and loose conversation.
LJ004-0135	8.146	102	851	twenty men slept on eight straw beds, with sixteen rugs amongst them, and a piece of timber for a bolster.
LJ004-0137	3.316	42	361	and that it was accomplished by "sleeping edgewise."
LJ004-0139	8.111	102	855	"In the morning the stench and heat were so oppressive that he and every one else on waking rushed unclothed into the yard;"
LJ004-0141	7.240	91	762	The hospital was filled with infectious cases, and in one room, seven feet by nine, with closed windows,
LJ004-0143	3.153	40	343	so that the culprit, in addition to his sentence,
LJ004-0145	4.651	59	501	At Guildford prison, which Mr. Buxton also visited in eighteen eighteen,
LJ004-0147	8.250	104	870	The irons, which nearly every one wore, were remarkably heavy; those double ironed could not take off their small clothes.
LJ004-0149	6.474	81	684	The diet was limited to dry bread, which was of the best certainly, and a pound and a half in weight.
LJ004-0151	1.691	22	195	They were far worse at Bristol,
LJ004-0153	7.646	96	805	In eighteen eighteen the old jail was so densely packed that it was nearly impossible to pass through the yards for the throng.
LJ004-0157	4.558	57	483	All charged with felony were in heavy irons, without distinction of age.
LJ004-0159	8.064	101	844	The state of the prison, the desperation of the prisoners, broadly hinted in their conversation and plainly expressed in their conduct,
LJ004-0161	7.275	91	762	"the indescribable stench," presented together a concentration of the utmost misery and the utmost guilt.
LJ004-0163	6.660	84	705	and of which fewer still would believe that the original is to be found in this enlightened and happy country."
LJ004-0165	5.951	75	629	the visitors were furnished with candles, and they descended eighteen long steps into a vault.
LJ004-0167	3.072	39	338	The floor was on the level of the river, and very damp.
LJ004-0169	5.533	70	590	On the dirty bedstead lay a wretched being in the throes of severe illness.
LJ004-0171	8.448	106	890	was by a kind of chimney, which the prisoners kept hermetically sealed, and which had never been opened in the memory of the turnkey.
LJ004-0173	7.821	98	819	and sometimes slept in "the pit," loaded with heavy irons for a whole year, waiting the jail delivery.
LJ004-0175	2.677	34	295	In this prison there was no female infirmary.
LJ004-0177	7.554	95	792	No prison dress was allowed; no reception-room was provided, no soap, towels, or baths.
LJ004-0179	3.757	47	403	The allowance of food daily to felons was a fourpenny loaf,
LJ004-0181	6.253	79	662	but as no similar variation occurred in the prisoner's appetite, his ration was somewhat precarious.
LJ004-0183	7.530	95	799	With all this, the inmates were crowded together at night to such a degree as to excite surprise that they should escape suffocation.
LJ004-0185	7.774	98	822	that the chaplain found it necessary to take his place before they entered chapel, as he could not otherwise have faced the smell.
LJ004-0187	9.504	119	994	Already, as early as eighteen eighteen, a prison existed at Bury St. Edmunds which was a model for imitation to others at that time,
LJ004-0189	5.371	68	570	The great principles of classification, cleanliness, and employment were closely observed.
LJ004-0191	3.270	41	352	and in comparative comfort, with a bed and proper bedding.
LJ004-0193	8.018	101	848	Prisoners on reception were treated as they are now-a-days -- bathed, dressed in prison clothes, and inspected by the surgeon.
LJ004-0195	5.812	73	615	Personal cleanliness was insisted upon, and all parts of the prison were kept scrupulously clean.
LJ004-0197	7.844	99	828	No idleness was permitted among the inmates. Trades were taught, or prisoners were allowed to follow their own if suitable.
LJ004-0199	5.162	65	547	This made exertion compulsory, and imposed hard labor as a proper punishment.
LJ004-0201	3.188	40	344	At Ilchester the rule of employment had been carried further.
LJ004-0203	4.465	56	475	The new jail had been in a great measure constructed by the prisoners themselves.
LJ004-0205	4.245	54	454	Industrial labor had also been introduced with satisfactory results.
LJ004-0207	4.431	56	474	and all the material for prisoners' apparel was manufactured in the jail.
LJ004-0209	9.040	113	944	The looms were constantly busy. Tailors were always at work, and every article of clothing and bedding was made up within the walls.
LJ004-0211	4.210	53	451	The moral welfare of the inmates was as closely looked after as the physical.
LJ004-0213	5.220	66	556	Compared with those highly meritorious institutions Newgate still showed but badly.
LJ004-0215	7.530	95	799	mainly through the exertions of a new governor, Mr. Brown, who succeeded Mr. Newman at Newgate in eighteen seventeen.
LJ004-0217	4.233	53	451	The old haphazard system, by which meat was issued in bulk,
LJ004-0219	5.139	65	552	The diet was now ample. It consisted of a pound and a half of bread per diem;
LJ004-0221	2.631	33	286	The food was properly prepared in the prison kitchen.
LJ004-0223	6.091	77	649	Mr. Brown confidently asserted that no jail in England now fed its inmates so well as did Newgate.
LJ004-0225	6.671	84	707	the practice was falling into abeyance, and the prisoners seldom required private assistance to eke out their meals.
LJ004-0227	8.146	102	857	Mr. Brown also, much to his own credit, brought about the abandonment of the practice of ironing all prisoners as a matter of course.
LJ004-0229	4.372	55	468	Convicts were not even compelled to wear irons, providing they behaved well.
LJ004-0231	8.331	105	876	This was effected by stopping the nearly indiscriminate admission of visitors, which had hitherto prevailed all over the jail.
LJ004-0233	7.078	89	749	Under the new rule visitors were not allowed to pass into the interior of the prison, but were detained between the grating.
LJ004-0237	6.184	78	655	The first still produced deplorable results -- results to be observable for many years to come.
LJ004-0239	3.711	47	401	He had been committed for an offense for which he was acquitted.
LJ004-0241	3.699	47	398	Other cases of moral deterioration have already been recorded.
LJ004-0243	3.270	41	352	The bulk of the prisoners were still left in idleness.
LJ004-0245	9.585	120	1008	Painters, plasterers, and carpenters were allowed to follow their handicrafts, with the reward of sixpence per diem and a double allowance of food.
LJ004-0247	5.986	75	630	thus disposing of the objection so long raised against the industrial employment of prisoners in Newgate.
LJ004-0249	5.870	74	620	As the Prison Discipline Society pertinently observed in a report dated eighteen twenty,
LJ005-0001	6.857	86	723	The Chronicles of Newgate, Volume two. By Arthur Griffiths. Section eight: The beginnings of prison reform.
LJ005-0003	9.388	118	985	Persons committed to a metropolitan jail at that time were taken in gangs, men and women handcuffed together, or linked on to a long chain,
LJ005-0005	7.229	91	765	Even then they were not certain of the favor, for I find a reference to a decent and respectable woman sent to Newgate
LJ005-0007	8.517	107	894	chained to the rest. As the miserable crew filed through the public streets, exposed to the scornful gaze of every passenger,
LJ005-0009	9.098	114	948	Many thus led in procession were in a shocking condition of dirt and misery, frequently nearly naked, and often bearing upon them
LJ005-0013	8.273	104	873	One smug alderman, a member of the House of Commons, sneered at the ultra philanthropy of the champions of prison improvement.
LJ005-0015	6.950	87	731	our prisoners have all that prisoners ought to have, without gentlemen think they ought to be indulged with Turkey carpets.
LJ005-0017	4.454	56	476	tending to divest punishment of its just and salutary terrors;
LJ005-0019	4.872	61	514	refuted by abundant evidence, and having no foundation whatever in truth.
LJ005-0021	7.194	90	755	who, in a caustic article contributed to the 'Edinburgh Review,' protested against the pampering of criminals
LJ005-0023	9.400	118	986	He took exception to various of the proposals of the Society. He thought they leant too much to a system of indulgence and education in jails.
LJ005-0025	5.777	73	616	"A poor man who is lucky enough," he said, "to have his son committed for a felony
LJ005-0029	6.857	86	721	nothing but beating hemp and pulling oakum and pounding bricks -- no work but what was tedious, unusual."
LJ005-0031	6.323	80	668	no visiting of friends, no education but religious education, no freedom of diet,
LJ005-0033	8.819	111	926	hard, incessant, irksome, eternal labor, a planned and regulated and unrelenting exclusion of happiness and comfort.
LJ005-0035	6.474	81	678	the Society pursued its laudable undertaking with remarkable energy and great singleness of purpose.
LJ005-0037	3.397	43	364	It sought to obtain and diffuse useful information
LJ005-0039	7.960	100	829	constant inspection, regular employment, and humane treatment generally, with religious and moral instruction.
LJ005-0041	8.436	106	884	a much-needed and, according to our ideas, indispensable reform, already initiated by the Ladies' Committee at Newgate.
LJ005-0043	6.509	82	688	and obtained full details, from places where they had been adopted, of the nature of these new machines
LJ005-0045	3.479	44	375	Nor did it confine itself to mere verbal recommendations.
LJ005-0049	5.673	71	598	The refuge, which had for its object the training of its inmates in habits of industry,
LJ005-0051	8.761	110	915	At the time of its greatest prosperity, its annual income from donations and subscriptions was about one thousand six hundred pounds.
LJ005-0053	3.699	47	396	A very valuable volume published by the Society
LJ005-0057	4.338	55	463	was introduced as early as seventeen ninety by Mr. Blackburn
LJ005-0059	5.301	67	561	With some important modifications this principle of radiation is still the rule.
LJ005-0061	8.831	111	924	but it offered suggestions for future buildings, with numerous carefully-executed drawings and designs of the model it recommended for imitation.
LJ005-0065	7.205	91	765	and none are more commendable than that which deprecates the excessive ornamentation of the external parts of the edifice.
LJ005-0067	9.202	116	966	The Prison Society reproves the misdirected efforts of ambitious architects, who by a lavish and improvident expenditure of public money
LJ005-0069	5.533	70	589	Absence of embellishment is in perfect unison with the character of the establishment.
LJ005-0071	5.684	72	608	differed little from that kept in view in the construction of the latest and best modern jails.
LJ005-0073	8.297	104	870	To its efforts, and their effect upon Parliament and the public mind, we must attribute the new Jail Acts of four George the fourth
LJ005-0075	6.021	76	637	which having gone through several sessions, at last became law in eighteen twenty-three to four
LJ005-0077	6.218	78	656	"expedient to introduce such measures and arrangements as shall not only provide for the safe custody,
LJ005-0079	6.741	85	712	and improve the morals of the prisoners, and shall insure the proper measure of punishment to convicted offenders.
LJ005-0082	9.225	116	970	unless such ability (to work) should cease by reason of sickness, infirmity, the want of sufficient work, or from any other cause.
LJ005-0084	6.218	78	656	"so as to prevent them from seeing, conversing, or holding any intercourse with each other."
LJ005-0086	6.335	80	668	with such further separation as the justices should deem conducive to good order and discipline.
LJ005-0088	6.857	86	720	Every prison containing female prisoners was to have a matron who was to reside constantly in the prison.
LJ005-0090	6.811	86	721	the first by daily services, the latter by the appointment of schoolmasters and instruction in reading and writing.
LJ005-0092	8.749	110	920	and every prisoner was to be provided with a hammock or cot to himself, suitable bedding, and, if possible, a separate cell.
LJ005-0094	3.804	48	409	to call for information as to the observance of its provisions.
LJ005-0096	4.814	61	513	It had now a legal and authoritative standard of efficiency to apply,
LJ005-0100	8.622	108	901	For this purpose it kept up an extensive correspondence with all parts of the kingdom, and circulated queries to be answered in detail,
LJ005-0102	6.358	80	669	Upon these and the private visitations made by various members the Society obtained the facts,
LJ005-0104	3.119	39	333	The progress of improvement was certainly extremely slow.
LJ005-0106	5.452	69	583	Jails, of which the old prison at Reading was a specimen, were still left intact.
LJ005-0108	8.726	110	916	the prisoners, without firing, bedding, or sufficient food, spent their days "in surveying their grotesque prison,
LJ005-0110	4.860	61	515	and so passing by the roof down into the garden and on to freedom.
LJ005-0112	5.603	71	595	in this same prison capital convicts were chained to the floor until execution.
LJ005-0114	4.744	60	504	In others the separation between the sexes consisted in a hanging curtain
LJ005-0116	3.955	50	423	but an empty regulation which all so disposed could defy.
LJ005-0118	8.575	108	902	In many others there were no infirmaries, no places set apart for the confinement of prisoners afflicted with dangerous and infectious disorders.
LJ005-0120	6.253	79	664	Half the jails had no code of rules properly prepared and sanctioned by the judges, according to law.
LJ005-0122	9.609	121	1008	the changes necessary to bring the prisons into conformity with the recent acts were attempted, if not actually introduced into the county prisons, to which,
LJ005-0124	9.098	114	947	Most of the local authorities embarked into considerable expenditure, determined to rebuild their jails de novo on the most approved pattern,
LJ005-0126	9.400	118	983	Religious worship became more generally the rule; chaplains were appointed, and chapels provided for them; surgeons and hospitals also.
LJ005-0128	9.736	122	1016	The interior of one prison was illuminated throughout with gas, -- still a novelty, which had been generally adopted in London only four years previously,
LJ005-0130	6.485	82	693	There were tread-wheels at most of the prisons, and regular employment thereon or at some other kind of hard labor.
LJ005-0132	3.293	42	358	Only a few glaring evils still demanded a remedy.
LJ005-0134	7.089	89	745	in twenty-two county jails there were one thousand sixty-three sleeping cells in all (in eighteen twenty-three)
LJ005-0136	3.479	44	375	The want of sleeping cells long continued a crying need.
LJ005-0138	9.075	114	954	that in four prisons, which at one time of the year contained one thousand three hundred eight prisoners, there were only sixty-eight sleeping rooms or cells,
LJ005-0140	8.517	107	897	At the New Prison, Clerkenwell, which had become the principal reception jail of Middlesex, and so took all the untried,
LJ005-0142	3.432	43	365	occupying barely three hundred ninety feet lineal
LJ005-0144	5.859	74	624	Yet to Clerkenwell were now committed the juveniles, and all who were inexperienced in crime.
LJ005-0146	8.703	109	911	and was indeed destined to continue for another half century, in other words, until the introduction of the Prison Act of eighteen seventy-seven.
LJ005-0148	6.009	76	640	In some prisons the prisoners worked seven hours a day, in others ten and ten and a half.
LJ005-0150	5.928	75	632	In some county jails, as I have already said, female prisoners were placed upon the tread-wheel;
LJ005-0152	6.834	86	723	Earnings were very differently appropriated. Here the prisoners were given the whole amount, there a half or a third.
LJ005-0154	2.596	33	283	The rations varied considerably everywhere.
LJ005-0156	4.187	53	449	in others meat, soup, gruel, beer were given.
LJ005-0158	4.198	53	451	Bedding and clothing was still denied, but only in a few jails;
LJ005-0160	5.429	68	571	It was plain that although the law had defined general principles of prison government,
LJ005-0162	7.345	92	772	it did not peremptorily insist. Too often the letter of the law was observed, but not its spirit.
LJ005-0164	6.985	88	738	When the new acts were introduced, numerous prisons under local jurisdiction were exempted from the operation of the law.
LJ005-0166	4.361	55	466	Mr. Peel, who as Home Secretary had charge of the bill,
LJ005-0168	7.263	91	768	"It is not," he said, "that I am insensible of the lamentable and disgraceful situation in which many of them are,
LJ005-0170	6.311	79	668	that many of them will build new jails, and that when in a year or two we come to examine their situation,
LJ005-0172	1.342	17	152	When that time arrives
LJ005-0174	3.920	49	418	in the deplorable situation in which many of them now are."
LJ005-0176	4.117	52	439	which possessed the right of trying criminals for various offenses.
LJ005-0178	3.165	40	344	Many of them consisted of one or two rooms at most.
LJ005-0180	7.345	92	769	It was in these jails, withdrawn from the pressure of authority, that the new rules were invariably ignored.
LJ005-0182	4.535	57	480	that for long no idea of interfering with them was entertained.
LJ005-0184	5.406	68	576	so as to corrupt those committed, "to the injury of the peace and morals of the public."
LJ005-0186	7.438	93	779	They neither built new jails nor contracted with the counties, as had been expected, for the transfer of their prisoners.
LJ005-0188	5.069	64	537	that the jails attached to corporate jurisdictions continue to be the fruitful sources
LJ005-0190	3.699	47	399	the knowledge and practice of every species of criminality.
LJ005-0192	9.458	119	989	The prisoners were lodged in rooms whence they could converse with passengers in the streets, and freely obtain spirits and other prohibited articles.
LJ005-0194	6.892	87	731	The keeper and his officers resided at a distance from the jail, and left its inmates to their own devices.
LJ005-0196	6.218	78	653	still no separation of the sexes, no means of ablution or other necessary services.
LJ005-0198	6.253	79	663	In another borough, with a population of ten thousand, the prison was of the same dimensions.
LJ005-0200	6.544	82	687	Most of these small jails were still in existence and in much the same state eight years later,
LJ005-0202	6.277	79	660	An examination of this report shows how even the most insignificant township had its jail.
LJ005-0204	3.537	45	389	Clun, in Shropshire, had a lock-up under the town hall.
LJ005-0206	7.205	91	764	At Godmanchester there was no jail, but a cage to secure prisoners till they could be taken before a magistrate.
LJ005-0208	6.218	78	655	the only aperture through which air could be admitted being an iron grating level with the street,
LJ005-0210	1.958	25	221	At Walsall, in Staffordshire,
LJ005-0212	3.525	45	384	and the prison allowance was still limited to bread and water.
LJ005-0214	9.620	121	1010	Some reforms had certainly been introduced, such as the abolition of irons, already referred to, and the establishment of male and female infirmaries.
LJ005-0216	7.983	100	837	But it was pointed out in eighteen twenty-three that defective construction must always bar the way to any radical improvement in Newgate.
LJ005-0218	3.455	44	373	The chapel still continued incommodious and insufficient
LJ005-0220	7.379	93	783	In eighteen twenty-four Newgate had no glass in its windows, except in the infirmary and one ward of the chapel yard;
LJ005-0222	5.928	75	635	and as the window-frames would not shut tight, the prisoners complained much of the cold, especially at night.
LJ005-0224	2.712	34	295	but nothing had been done to improve the prison buildings.
LJ005-0226	5.708	72	604	and that consequently the observance of their most important provisions was habitually neglected.
LJ005-0228	4.175	53	448	As yet no rules or regulations had been printed or prepared.
LJ005-0230	6.578	83	697	These justices were to inspect every part of the prison, and examine into the state and condition of prisoners.
LJ005-0232	5.371	68	576	Idleness was still the general rule for all prisoners in Newgate, in defiance of the law.
LJ005-0234	7.774	98	820	The visits of friends was once more unreservedly allowed, and these incomers freely brought in extra provisions and beer.
LJ005-0236	6.033	76	641	They were not confined apart from each other, but were crowded thirty or forty together in the press yard,
LJ005-0238	5.441	69	588	I shall have more to say on this subject, and upon the state of Newgate generally, in the following chapter.
LJ005-0240	9.376	118	985	Mr. Buxton had succeeded to the great work which William Wilberforce had commenced, and led the repeated attacks upon slavery in British colonies
LJ005-0242	9.423	118	983	In the year immediately preceding this, Parliament was too busy with the great question of its own reform to spare much time for domestic legislation.
LJ005-0244	3.769	48	409	which dealt with jails of all classes, as well as transportation.
LJ005-0248	8.622	108	904	and stated that in his opinion Newgate, as the common jail of Middlesex, was wholly inadequate to the proper confinement of its prisoners.
LJ005-0250	5.940	75	631	The prisoners were crowded together in the jail, contrary to the requirements of the four George the fourth
LJ005-0252	3.560	45	385	A committee was appointed, under the presidency of the Duke of Richmond
LJ005-0254	6.996	88	738	upon the rules and discipline therein established with regard to the treatment of unconvicted as well as convicted persons."
LJ005-0256	9.527	120	1001	in order to insure uniformity of discipline. It met on the thirty-first March, eighteen thirty-five, and continued its sittings well into July
LJ005-0258	6.822	86	718	embodying recommendations which may be said to have formed the basis of modern prison management.
LJ005-0260	4.558	57	482	a theory which did not become a practical fact for forty more years.
LJ005-0262	7.507	94	785	it was suggested that the rules framed for prison government should be subjected to the Secretary of State for approval,
LJ005-0264	8.099	102	854	inspectors of prisons should be appointed, who should visit all the prisons from time to time and report to the Secretary of State.
LJ005-0266	7.542	95	796	that food and fuel should be issued in kind, and never provided by the prisoners themselves out of monies granted them.
LJ005-0268	9.249	116	965	should be strictly prohibited, "as a stimulating luxury inconsistent with any notion of strict discipline and the due pressure of just punishment."
LJ005-0270	6.242	79	665	which should be paid into general prison funds, and no part of them handed over to the prisoners themselves.
LJ005-0272	8.088	102	853	Various other recommendations were made as regards the appointment of chaplain and schoolmasters; the limitation of the powers of wardsmen,
LJ005-0274	7.983	100	833	The committee most of all insisted upon the entire individual separation of prisoners, except during the hours of labor,
LJ005-0276	3.920	49	414	and for securing a proper system of prison discipline.
LJ005-0278	7.252	91	760	which was eventually to replace the attempted arrangement of prisoners by classes according to antecedents and crimes,
LJ005-0280	3.467	44	373	The Lords' Committee fully recognized the painful fact
LJ005-0282	4.709	59	499	"the comparatively innocent are seduced, the unwary are entrapped,
LJ005-0284	2.782	35	300	of more depraved and systematic criminals.
LJ005-0286	7.693	97	813	still under the borough corporations. The Commons' Committee gave it as their opinion that they were in a deplorable state.
LJ005-0288	3.095	39	333	when speaking more particularly of the borough jails.
LJ005-0290	6.694	84	701	Instances rarely occur in which the borough jails admit of any proper classification of the prisoners.
LJ005-0292	4.779	60	510	In many of the smaller boroughs they are totally unfit for the confinement of human beings.
LJ005-0294	6.625	83	700	It was frequently stated in evidence that the jail of the borough was in so unfit a state for the reception of prisoners,
LJ005-0298	6.915	87	732	to the county jails from such prisons as were past improvement, and that the borough funds should be charged for the accommodation.
LJ005-0300	4.094	52	439	and the establishment of municipal institutions upon a proper footing,
LJ006-0004	7.844	99	832	But this digression was necessary in order to present a more complete picture of the state of jails in the early part of the present century,
LJ006-0006	7.112	89	750	I shall now return to the great jail of the city of London, and give a more detailed account of its condition and inner life
LJ006-0008	7.751	97	808	These gentlemen were appointed in October eighteen thirty-five, owing to the strong representations of the Lords' Committee
LJ006-0010	8.482	107	892	Mr. Samuel Hoare, when examined, considered it indispensably necessary, to carry out whatever system might be established,
LJ006-0012	5.383	68	572	but he would not arm them with any authority lest their cooperation might be offensive.
LJ006-0014	6.160	78	656	They should be persons, he thought, selected from the highest class; the duty was most important,
LJ006-0016	2.747	35	298	These considerations no doubt had weight
LJ006-0018	4.628	58	492	One was Mr. William Crawford, the other the Rev. Whitworth Russell.
LJ006-0020	6.277	79	664	William Crawford had been one of the promoters and managers of the Philanthropic Society's farm school.
LJ006-0022	7.914	99	827	At that time the mild and intelligent prison discipline in force in Pennsylvania, the legacy of the old Quaker immigrants,
LJ006-0024	4.976	63	530	Several European states had dispatched emissaries to examine and report upon them.
LJ006-0028	8.552	107	894	Mr. Crawford was thoroughly versed in the still imperfectly understood science of prison management, and fully qualified for his new duties.
LJ006-0032	7.751	97	815	Messrs. Crawford and Russell proceeded to carry out their new functions with commendable energy, and without a moment's loss of time.
LJ006-0034	5.905	74	621	They attended early and late; they mustered the prisoners, examined into their condition,
LJ006-0036	5.557	70	591	They visited the wards after locking-up time, and saw with their own eyes what went on.
LJ006-0039	5.998	75	632	and limited it to Newgate alone. Newgate indeed became the sole theme of their first report.
LJ006-0041	3.490	44	374	Changes introduced under pressure had been only skin deep.
LJ006-0045	3.885	49	419	All these evils were set forth at length in the inspectors' first report.
LJ006-0047	5.603	71	600	The prison had become more or less a place of detention only, harboring mainly those awaiting trial.
LJ006-0049	6.532	82	691	an occasional prisoner or two committed by the Houses of Parliament, the Courts of King's Bench, Common Pleas,
LJ006-0051	4.512	57	483	and for offenses of the most varying description, by the Central Criminal Court.
LJ006-0053	5.266	66	558	and the whole by proper management might have been so accommodated as to prevent overcrowding.
LJ006-0055	5.359	67	566	and when the population fell they shut up one half the jail and crowded up the other.
LJ006-0057	8.482	107	899	Not only were the wards thus needlessly crammed, and for no reason but the niggardliness of the corporation which refused a proper supply of bedding
LJ006-0059	6.567	83	695	the felon and the misdemeanant, the sane and the insane, the old and young offender.
LJ006-0061	2.318	29	254	and "the greatest contempt shown for the law."
LJ006-0065	8.657	109	910	were associated together, "of every variety of age, habit, and delinquency, without employment, oversight, or control."
LJ006-0069	4.419	56	477	consign many of the more petty and unpracticed offenders to this place,
LJ006-0071	8.494	107	901	No doubt the governor for the time being, Mr. Cope, was in a great measure to blame for all this, and for the want of proper classification.
LJ006-0073	9.005	113	944	of his many manifest duties, but I shall here confine myself to animadverting on his neglect as regards the appropriation of his prison.
LJ006-0075	6.056	76	642	He saw certain rooms fill up, and yet took no steps to open others that were locked up and empty.
LJ006-0077	8.424	106	888	The fact was, he did not keep the classification of prisoners on first arrival in his own hands, nor even in that of his officers.
LJ006-0079	3.711	47	399	The inspectors found that prisoners had their places assigned to them
LJ006-0081	3.978	50	425	The wardsman still exacted dues, of which more directly,
LJ006-0083	3.026	38	325	"So great is the authority exercised by him,
LJ006-0085	8.680	109	912	If a man is poor and ragged, however inexperienced in crime, or however trifling may be the offense for which he has been committed
LJ006-0087	7.356	92	771	It must be admitted that so far but little effort had been made to counteract the evils of indiscriminate association.
LJ006-0089	4.117	52	443	to be pitchforked by chance anywhere, into any sort of company,
LJ006-0093	8.715	109	913	So closely did they lie together, that the inspectors at their night visits found it difficult in stepping across the room to avoid treading on them.
LJ006-0095	9.307	117	981	The rugs used were never washed; an order existed that the bedding should be taken into the yards to be aired, but it was not very punctually obeyed.
LJ006-0097	3.316	42	360	Water might not be taken into the ward for washing purposes.
LJ006-0099	7.089	89	751	The inspectors paraded the prisoners, and found them generally ragged and ill-clad, squalid and filthy in the extreme;
LJ006-0101	8.517	107	902	some, who had the semblance of covering on the upper part of their feet, had no soles to the shoes, and their bare feet were on the ground.
LJ006-0103	2.364	30	262	The allowance of food was not illiberal,
LJ006-0105	3.966	50	425	and not with weights and measures, no turnkey being present.
LJ006-0107	7.438	93	773	he sold tea, coffee, sugar, tobacco, although prohibited, and extra beer.
LJ006-0109	5.057	64	541	a perpetuation under another form of the old detestable custom of garnish.
LJ006-0111	5.324	67	567	He could trump up a false complaint against his fellow-prisoner, and so get him punished;
LJ006-0113	9.109	114	950	The authority of these wardsmen so improperly exalted, and so entirely unchecked, degenerated into a baneful despotism.
LJ006-0115	8.622	108	906	Their original capital had been a few shillings, and for this they purchased the right to tax their fellows to the extent of pounds per week.
LJ006-0117	6.753	85	714	that none of its inmates were suffered to make tea or coffee for themselves lest it should interfere with his sales.
LJ006-0121	6.056	76	643	for a petition of from one shilling, half pence to eight shillings, according to its length,
LJ006-0123	3.513	44	378	The man intrusted with this privilege was often the inner gatesman,
LJ006-0125	7.867	99	832	It was not strange that he should sometimes misuse his power, and when prisoners were not to be cajoled into securing his legal services,
LJ006-0127	6.381	80	678	in view of speaking to it at the trial, and he could easily do them a good turn -- or a very bad one.
LJ006-0129	5.069	64	539	He was on the most intimate and improperly familiar terms with the turnkeys,
LJ006-0131	8.529	107	893	and, if he chose, pass in, all provisions, money, clothes, and letters brought for prisoners by their friends.
LJ006-0133	5.383	68	572	The turnkeys complained bitterly that these old prisoners had more power than they themselves.
LJ006-0135	9.051	114	959	the victim of this cruel ill-usage having "more fear of the power of the wardsman to injure him, than confidence in the governor's power to protect him."
LJ006-0137	9.492	119	1001	They were not obliged to attend chapel, and seldom if ever went; "prisoners," said one of them under examination, "did not like the trouble of going to chapel."
LJ006-0139	8.807	111	928	Nobody interfered with them or regulated their conduct. They might get drunk when so disposed, and did so frequently, alone or in company.
LJ006-0141	3.792	48	410	The female wards-women were also given to intemperance.
LJ006-0143	2.677	34	293	There was no penalty attached to drunkenness.
LJ006-0145	2.619	33	289	He could indulge in snuff if a snuff-taker,
LJ006-0147	2.608	33	285	it was still freely introduced into the prison.
LJ006-0149	9.167	115	960	The turnkeys left the prisoners very much to themselves, never entering the wards after locking-up time, at dusk, till unlocking next morning,
LJ006-0151	9.551	120	1000	Many of them were otherwise and improperly occupied for hours every day in menial services for the governor, cleaning his windows or grooming his horse.
LJ006-0153	5.429	68	574	It was not strange that subordinates should neglect their duty when superiors set the example.
LJ006-0155	6.636	83	699	He may have erred in some points through ignorance, but in others he was clearly guilty of culpable neglect.
LJ006-0159	3.815	48	412	The prisoners declared that they did not see him oftener than twice a week;
LJ006-0161	6.195	78	658	Again, a turnkey deposed that his chief did not enter the wards more than once a fortnight.
LJ006-0163	5.313	67	566	and that he was constantly engaged attending sessions and going with drafts to the hulks.
LJ006-0165	8.459	106	889	sometimes he looked at his bolts and bars, but he never examined the cupboards, coal-boxes, or other possible hiding-places for cards
LJ006-0167	7.496	94	787	He only attended chapel once on Sunday, never on the week-day, and generally devoted the time service was in progress
LJ006-0169	2.376	30	262	He really did not know what passed in his jail
LJ006-0171	8.111	102	857	He was satisfied to let matters run on as in the old times, he said in his own justification; with him what was, was right,
LJ006-0173	6.625	83	696	He kept no daily journal of occurrences, and nothing, however important, was recorded at the time.
LJ006-0175	3.130	40	342	In his administration of discipline he was quite uncertain;
LJ006-0177	9.075	114	956	and it was not the least part of the blame imputed to him that he made special favorites of particular prisoners, retaining of his own accord in Newgate,
LJ006-0179	6.126	77	647	But, indeed, his whole rule was far too mild, and under this mistaken leniency
LJ006-0181	8.006	101	846	It was the same old story -- evil constantly in the ascendant, the least criminal at the mercy of the most depraved.
LJ006-0183	8.215	103	866	the apathy of the authorities, and the undue ascendancy of those who, as convicted felons, should have been most sternly repressed,
LJ006-0185	7.159	90	757	Edward Gibbon Wakefield, who spent three years in Newgate a little before the time of the inspectors' first report,
LJ006-0187	6.033	76	637	It was, moreover, in his opinion undoubtedly the greatest nursery of crime in London.
LJ006-0189	6.892	87	726	gambling, indirect contravention of parliamentary rules, instruction in all nefarious processes,
LJ006-0191	8.262	104	865	No provision whatever was made for the employment of prisoners, no materials were purchased, no trade instructors appointed.
LJ006-0193	8.053	101	842	Idle hands and unoccupied brains found in mischief the only means of whiling away the long hours of incarceration.
LJ006-0195	9.283	117	982	This was admitted in evidence by the turnkeys, and was proved by the appearance of the prison tables, which bore the marks of gaming-boards deeply cut into them.
LJ006-0197	9.237	116	974	pitch in the hole, cribbage, dominoes, and common tossing, at which as much as four or five shillings would change hands in an hour.
LJ006-0199	9.667	121	1015	the most popular being the "Times," "Morning Herald," and "Morning Chronicle"; on Sunday the "Weekly Dispatch," "Bell's Life," and the "Weekly Messenger."
LJ006-0201	5.023	63	533	went at once to his customers, who bought their paper and paid for it themselves.
LJ006-0203	8.958	112	933	and he had thus ample means of introducing to the prisoners the prohibited but always much-coveted and generally procurable weed.
LJ006-0207	6.509	82	689	One of these, published by Stockdale, the inspectors styled "a book of the most disgusting nature."
LJ006-0209	8.157	102	855	the donation of a philanthropic gentleman, Captain Brown, but these, particularly the Bibles, bore little appearance of having been used.
LJ006-0211	6.218	78	657	Spirits certainly were now excluded; but a potman, with full permission of the sheriffs,
LJ006-0213	5.708	72	604	The quantity to be issued per head was limited by the prison regulations to one pint
LJ006-0215	6.335	80	674	The beer-man brought in as much as he pleased; he sold it without the controlling presence of an officer.
LJ006-0217	7.519	94	786	There were more varied, and at times, especially when beer had circulated freely, more uproarious diversions.
LJ006-0219	8.215	103	869	leap-frog, puss in the corner, and "fly the garter," for which purpose the rugs were spread out to prevent feet slipping on the floor.
LJ006-0221	8.807	111	925	The weekly introduction of food, to which I shall presently refer, formed the basis of luxurious banquets, washed down by liquor
LJ006-0223	8.564	108	906	There was much swearing and bad language, the very worst that could be used, from the first thing in the morning to the last thing at night.
LJ006-0225	2.944	37	317	If any man presumed to turn in too early
LJ006-0227	3.409	43	368	or his bedclothes were drawn away across the room.
LJ006-0229	3.838	48	411	which they dropped smoldering into their fellow-prisoners' pockets.
LJ006-0231	9.342	117	980	These fights sometimes took place in the daytime, when a ring was regularly formed, and two or three stood by the door to watch for the officer's approach.
LJ006-0233	7.693	97	811	The prisoners in this way administered serious punishment on one another. Black eyes and broken noses were always to be seen.
LJ006-0235	7.368	93	777	The surgeon's journal produced to the inspectors contained numerous entries of terrible wounds inflicted in a cowardly way.
LJ006-0237	7.484	94	789	"A lad named Matthew White has had a wound in his eye by a bone thrown at him, which very nearly destroyed vision."
LJ006-0239	7.252	91	766	During the tumult a prisoner, who was one of the worst of the rioters, was bruised about the head and body.
LJ006-0241	6.126	77	649	A prisoner Baxter is in the infirmary in consequence of a severe injury to his wrist-joint.
LJ006-0247	9.678	121	1016	The prisoner who used the knife was secured, but it was the wardsman, and not the officers, to whom the report was made, and no official inquiry or punishment followed.
LJ006-0249	7.797	98	819	On one occasion a disturbance was raised which was not quelled until windows had been broken and forms and tables burnt.
LJ006-0251	4.082	52	440	but the presence and authority of the governor himself became indispensable.
LJ006-0253	5.255	66	555	the signal for the commencement of obscene talk, revelry, and violence.
LJ006-0255	7.112	89	748	but all could still obtain as much extra, and of a luxurious kind, as their friends chose to bring them in.
LJ006-0257	3.548	45	383	hot meat, poultry, and fish were also forbidden.
LJ006-0259	5.893	74	623	Many other articles were introduced by visitors, including money, tobacco, pipes, and snuff.
LJ006-0261	7.066	89	745	together with four bradawls, several large iron spikes, screws, nails, and knives;
LJ006-0263	5.568	70	588	and capable of becoming most dangerous weapons in the hands of desperate and determined men.
LJ006-0265	5.266	66	558	The untried might see their friends three times a week, the convicted only once.
LJ006-0267	5.708	72	600	yet many persons of notoriously loose life continually obtained egress.
LJ006-0269	9.051	114	953	Decency was, however, insured by a line of demarcation, and visitors were kept upon each side of a separated double iron railing.
LJ006-0271	9.562	120	998	which would have greatly helped to keep out bad characters. Some idea of the difficulty and inconvenience of these lax regulations as regards visiting,
LJ006-0273	6.253	79	664	enough to altogether upset what small show of decorum and discipline was still preserved in the prison.
LJ006-0275	7.112	89	747	to have access to the female side on Sundays and Wednesdays, in order to visit their supposed relations there.
LJ006-0277	7.194	90	756	But there were evils akin to those on the male side, prominent amongst which was the undue influence accorded to prisoners.
LJ006-0279	9.295	117	978	Wards-women were allowed much the same authority, with the same temptations to excess, and intoxication was not unknown among them and others.
LJ006-0281	1.133	15	135	in some yards
LJ006-0283	6.590	83	698	There was the same crowding in the sleeping arrangements as on the male side; the same scarcity of bedding.
LJ006-0285	4.349	55	468	which numbers of well-meaning but inquisitive people were anxious to witness.
LJ006-0287	8.099	102	855	The presence of so many strangers, many of them gentlemen, distracted the prisoners' attention, and could not be productive of much good.
LJ006-0289	7.147	90	752	We have seen that male prisoners visited their female relations and friends on the female side. Besides this,
LJ006-0291	2.573	33	287	to clean the governor's office in the male prison;
LJ006-0293	8.250	104	874	and the men could also at any time go for tea, coffee, and sugar to Mrs. Brown's shop, which was inside the female gate.
LJ006-0295	5.835	73	613	The governor was also personally responsible for gross contravention of this rule of separation,
LJ006-0297	9.667	121	1013	Some member of the Ladies' Association observed and commented upon the fact that a "young rosy-cheeked girl" had been kept by the governor from transportation,
LJ006-0299	8.715	109	915	His excuse was that he had given the girl his promise that she should not go, an assumption of prerogative which by no means rested with him;
LJ006-0301	7.414	93	781	This woman was really his servant, employed to help in cleaning, and taken on whenever there was extra work to be done.
LJ006-0303	5.278	66	557	This girl had been first engaged on account of the extra work entailed by certain prisoners
LJ006-0305	6.068	76	643	The house at this time was full of men and visitors; waiters came in from the taverns with meals.
LJ006-0307	5.220	66	560	There was reveling and roistering, as usual, with "high life below-stairs.
LJ007-0001	8.053	101	846	The Chronicles of Newgate, Volume two. By Arthur Griffiths. Section ten: The first report of the inspector of prisons.
LJ007-0003	7.635	96	806	and Mrs. Fry with her colleagues still labored assiduously in Newgate, devoting themselves mainly to the female prison,
LJ007-0005	7.194	90	755	The inspectors paid tribute to the excellence of the motives of these philanthropic ladies, and recognized the good they did.
LJ007-0007	9.191	115	965	had provided work for those who had hitherto passed their time in total idleness, and had made the treatment of female transports on the way to New South Wales
LJ007-0009	1.342	17	154	They had tried, moreover,
LJ007-0011	9.086	114	949	But it was already plain that they constituted an independent authority within the jails; they were frequently in conflict with the chaplain,
LJ007-0013	6.323	80	675	that women should be frequently kept from chapel in order that they might attend the ladies' lectures and exhortations.
LJ007-0015	2.689	34	293	it had the bad effect of distracting attention,
LJ007-0017	8.320	104	876	It is to be feared too that although the surface was thus whitewashed and decorous, much that was vicious still festered and rankled beneath,
LJ007-0019	7.786	98	823	Even in the daytime, when supervision was withdrawn, "the language used to be dreadful," says one of the women when under examination;
LJ007-0021	5.139	65	552	"she had never witnessed such scenes before, and hopes she never shall again -- it was dreadful!"
LJ007-0023	6.323	80	679	The poor, who could afford no luxuries, went to bed early, but were kept awake by the revelries of the rich,
LJ007-0025	5.301	67	566	There were frequent quarrels and fights; shoes and other missiles were freely bandied about;
LJ007-0027	3.409	43	369	Bad as were the various parts of the jail already dealt with,
LJ007-0029	9.028	113	946	The condition of the capitally-convicted prisoners after sentence was still very disgraceful. The side they occupied, still known as the press-yard,
LJ007-0031	6.950	87	732	all classes of the condemned, those certain to suffer, and the larger number who were nearly certain of a reprieve,
LJ007-0033	3.270	41	348	All privacy was impossible under the circumstances.
LJ007-0035	3.653	46	393	The better-disposed complained bitterly of what they had to endure;
LJ007-0039	6.056	76	641	and when the inspectors visited Newgate they found the three certain to die in a day-room by themselves;
LJ007-0041	6.869	86	724	The whole of these seventeen had, however, a common airing-yard, and took their exercise there at the same time,
LJ007-0043	5.673	71	599	were associated continually with a number of those who could look with certainty on a mitigation of punishment.
LJ007-0045	8.912	112	943	They amused themselves after their own fashion; played all day long at blind-man's-buff and leap-frog, or beat each other with a knotted handkerchief,
LJ007-0047	6.184	78	655	"Men whose cases were dangerous, and those most seriously inclined, complained of these annoyances,"
LJ007-0049	7.577	95	794	they suffered sickening anxiety, and wished to be locked up alone. This indiscriminate association lasted for months,
LJ007-0051	8.947	112	941	The brutal callousness of the bulk of the inmates of the press-yard may be gathered from the prison punishment-book, which frequently recorded such entries as the following:
LJ007-0053	6.427	81	682	"Joseph Coleman put in irons for three days for striking one of the prisoners," in the same place.
LJ007-0055	4.547	57	482	The more peaceably disposed found some occupation in making Newgate tokens,
LJ007-0057	5.684	72	606	Turnkeys occasionally visited the press-yard, but its occupants were under little or no control.
LJ007-0059	6.787	85	717	had relaxed his efforts, because, according to his own account, he was so frequently stopped in the performance of his duties.
LJ007-0063	8.633	108	913	It is only fair to Mr. Cotton to add that, according to his own journal, he was unremitting in his attentions to convicts who were actually cast for death,
LJ007-0065	7.577	95	796	on the one hand, the Ladies' Association, supported and encouraged by public approval, trenched upon his peculiar province;
LJ007-0069	3.258	41	352	While admitting that he had had many difficulties to contend with,
LJ007-0071	3.397	43	366	in the face of impediments confessedly discouraging
LJ007-0073	3.002	38	327	to that line of conduct which his duty imposed on him
LJ007-0075	6.218	78	660	as effectually to rebuke and abash the profane spirit of the more insolent and daring of the criminals.
LJ007-0077	7.147	90	754	One of these were the criminal lunatics, who were at this time and for long previous continuously imprisoned there.
LJ007-0079	8.761	110	920	or arraignment, to an asylum, and the Secretary of State had the same power as regards any who became insane while undergoing sentence.
LJ007-0081	2.074	26	227	whose proper place was the asylum.
LJ007-0083	7.519	94	789	gives a total of thirty-nine lunatics confined in various jails, many of them guilty of murder and other serious crimes.
LJ007-0085	8.993	113	946	at Newgate and York Castle as long as five years; "at Ilchester and Morpeth for seven years; at Warwick for eight years,
LJ007-0087	8.076	101	845	at Appleby for thirteen years, at Anglesea for fifteen years, at Exeter for sixteen years, and at Pembroke
LJ007-0089	7.646	96	807	It was manifestly wrong that such persons, "visited by the most awful of calamities," should be detained in a common prison.
LJ007-0091	5.603	71	602	The lunatic became the sport of the idle and the depraved. His cure was out of the question;
LJ007-0093	9.005	113	943	The matter was still further complicated at Newgate by the presence within the walls of sham lunatics. Some of those included in the category
LJ007-0095	5.034	63	537	Prisoners indeed were known to boast that they had saved their necks by feigning insanity.
LJ007-0097	9.400	118	987	and not the least of the good services rendered by the new inspectors was their inquiry into the status of these unfortunate people, and their recommendation to improve it.
LJ007-0099	4.779	60	510	were the ten persons committed to Newgate by the House of Commons in eighteen thirty-five.
LJ007-0101	9.388	118	990	when a petition was presented against the return of Messrs. Adam Dundas and Fitzroy Kelly. Various witnesses, including Messrs. J. B. Dasent,
LJ007-0103	3.223	41	354	Mr. J. E. Sparrow and Mr. Clipperton
LJ007-0105	3.548	45	386	counsel for the two M.P.'s, was also concerned.
LJ007-0107	7.043	89	748	A resolution at once passed the House without division to commit the whole to Newgate, where they remained for various terms.
LJ007-0109	8.831	111	928	O'Mally sent in a medical certificate, declaring that the imprisonment was endangering his life, and after some question he was also released.
LJ007-0111	4.616	58	491	or witnesses who did not voluntarily come forward when the chance was given them.
LJ007-0113	7.310	92	769	were revived for the convenience of these gentlemen, whose incarceration was thus rendered as little like imprisonment as possible.
LJ007-0115	6.137	77	650	slept there, and had their meals provided for them from the Sessions House or London Coffee-House.
LJ007-0117	9.434	118	988	where the upper ward was exclusively appropriated to their use. They also had their meals sent in, and, with the food, wine almost ad libitum.
LJ007-0119	7.646	96	809	As a rule, visitors, many of them persons of good position, came and went all day long, and as late as nine at night;
LJ007-0121	6.335	80	677	There were no restraints, cards and backgammon were played, and the time passed in feasting and revelry.
LJ007-0123	5.139	65	547	and the inspectors expressed themselves still more strongly in reprehension of the practice.
LJ007-0125	9.214	116	975	It was diverted from its proper uses, and, as the "place of the greatest comfort," was allotted to persons who should not have been sent to Newgate at all.
LJ007-0127	4.756	60	509	"It may easily be imagined," say the inspectors, in speaking of the prison generally,
LJ007-0129	8.041	101	848	the sane and the insane, the young and the old, the trivial offender and the man about to suffer the extreme penalty of the law,
LJ007-0133	9.202	116	968	Valuable space was cumbered with many long and winding passages, numerous staircases, and unnecessarily thick and cumbrous inner walls.
LJ007-0135	8.796	110	917	The yards were narrow and confined, mainly because the ground plan was radically vicious. These were evils inseparable from the place.
LJ007-0137	8.390	105	874	More attention to ventilation, which was altogether neglected and inadequate, would have secured a better atmosphere for the unhappy inmates
LJ007-0139	6.474	81	678	Again, the discipline commonly deemed inseparable from every place of durance was entirely wanting.
LJ007-0141	5.754	72	607	and "to dispose him, by meditation and seclusion, to return to an honest life."
LJ007-0143	5.452	69	586	"is permitted to purchase whatever his own means or the means of his friends in or out of prison can afford,
LJ007-0147	9.237	116	969	communicating his own skill and aptitude in crime, or acquiring the lessons of greater adepts. He has access to newspapers, and of course
LJ007-0149	1.667	21	187	the jail, and the scaffold.
LJ007-0151	9.667	121	1007	and his connection with them is confirmed by that devotion and generosity towards their paramours in adversity for which these otherwise degraded women are remarkable.
LJ007-0153	9.342	117	978	is generally known to all the worst men in the country; not only without the inclination, but almost without the ability of returning to an honest life."
LJ007-0155	8.564	108	901	to be subjected to the same baneful influences, and to suffer the same moral deterioration, whether ultimately convicted or set free.
LJ007-0157	8.146	102	852	The evils of such association were aggravated by the unbroken idleness; one "evil inflamed the other;" reformation
LJ007-0159	4.883	62	524	Forced and constant intercourse with the most depraved individuals of his own class;
LJ007-0161	9.574	120	997	drink, gaming, obscene and blasphemous language; utter idleness, the almost unrestricted admission of money and luxuries;
LJ007-0163	6.915	87	724	all the tumultuous and diversified passions and emotions which circumstances like these must necessarily generate
LJ007-0165	7.588	95	794	any awakening truth, salutary exhortation, or imperfect resolutions of amendment can take root or grow.
LJ007-0167	7.461	94	788	framing a terrible indictment against those responsible for the condition of Newgate. Their words deserve to be quoted in full.
LJ007-0169	2.643	34	293	this picture of the existing state of Newgate
LJ007-0171	4.349	55	466	distinguished as the seat of religion, worth, and philanthropy,
LJ007-0175	6.950	87	732	but in opposition to the recorded denunciations of authority, and in defiance of the express enactments of the law,
LJ007-0177	6.404	81	686	We trust, however, that the day is at hand when this stain will be removed from the character of the city of London,
LJ007-0179	4.895	62	526	defeats the ends of justice, and disgraces the profession of a Christian country.
LJ007-0181	5.278	66	558	A committee of aldermen was forthwith appointed to report upon the inspectors' report,
LJ007-0183	8.575	108	904	traversing where it was possible the statements of the inspectors, and offering explanation and palliation of such evils as could not be denied.
LJ007-0187	6.869	86	724	the neglect of the condemned convicts, the filthy condition of the wards, the insufficiency of bedding and clothing,
LJ007-0189	6.718	84	707	The corporation evidently had the worst of it, and began to feel the necessity for undertaking the great work of reform.
LJ007-0191	2.689	34	293	has been productive of at least some advantage,
LJ007-0193	3.339	42	358	The measures of improvement introduced were mainly as follows:
LJ007-0197	7.937	100	836	The infirmary was enlarged, the admission of visitors limited, and the passing of articles prevented by a wire screen.
LJ007-0199	8.181	103	867	baths, fumigating places for clothing, wash-house, and the removal of dust-bins, completed the new arrangements in the main prison.
LJ007-0201	6.393	80	675	each was provided with an iron bedstead, and a small desk at which the condemned man might read or write.
LJ007-0203	3.537	45	382	"The mischief of jail associations," say the inspectors,
LJ007-0205	5.708	72	607	is not only permitted still to exist in the prison, but is rendered more powerful than before.
LJ007-0207	9.260	116	969	but this had the effect of throwing them into closer contact, and of making them more intimately acquainted with, more directly influential upon, one another.
LJ007-0209	6.091	77	649	they return to the charge, and again call the corporation to task for their mismanagement of Newgate.
LJ007-0211	6.753	85	715	"In our late visits," they say, "we have seen manifest indications of a retrograde movement in this respect,
LJ007-0213	3.676	46	390	Again the following year the inspectors repeat their charge.
LJ007-0215	6.427	81	677	are the association of prisoners, and the unusual contamination to which such association gives rise.
LJ007-0217	1.122	15	137	They go on to say
LJ007-0219	5.963	75	634	The effects of the imprisonment are to vitiate its inmates, to extend their acquaintanceship with each other,
LJ007-0221	4.187	53	449	The reports as the years flow on reiterate the same complaints.
LJ007-0225	6.799	85	713	I find it ordered "that the ordinary of Newgate be restricted from making any communications to the Home Office
LJ007-0227	8.657	109	914	The inspectors were not to be deterred, however, by any opposition from the earnest discharge of their functions, and continued to report against Newgate.
LJ007-0231	9.295	117	971	in which the master evil of jail association and consequent contamination still continues to operate directly to the encouragement of crime.
LJ007-0233	4.825	61	514	it consists of several circular perforations, about two inches in diameter,
LJ007-0235	9.156	115	962	instead of ventilating the apartments, they only serve to convey the offensive effluvia arising from the decaying animal matter into the dining-rooms.
LJ007-0237	7.054	89	749	Many rats also come through these so-called ventilators, as they open close to the ground at the back of the prison.
LJ007-0239	7.507	94	785	both offenses and punishments affording a sufficient index to the practices going forward; and they wind up by declaring
LJ007-0241	5.522	70	587	and again and again to protest against Newgate as it at present exists.
LJ007-0243	9.307	117	978	It was not till the erection of the new prison at Holloway in eighteen fifty, and the entire internal reconstruction of Newgate according to new ideas,
LJ008-0002	4.152	52	441	I propose to return now to the subject of Newgate executions,
LJ008-0004	4.129	52	442	The reasons for this change were fully set forth in a previous chapter.
LJ008-0006	4.779	60	504	as the exposure was brutal and cruel towards the principal actors.
LJ008-0008	6.300	79	662	was in the right direction, as making the performance shorter and diminishing the area of display.
LJ008-0010	8.738	110	916	at first, and for some few years after seventeen eighty-four, executions took place occasionally at a distance from Newgate.
LJ008-0012	9.760	122	1014	partly perhaps because residents in and about the Old Bailey raised a loud protest against the constant erection of the scaffold in their neighborhood.
LJ008-0014	8.320	104	869	John Hogan, the murderer of a Mr. Odell, an attorney who resided in Charlotte Street, Rathbone Place,
LJ008-0016	9.701	122	1016	Lawrence Jones, a burglar, was in seventeen ninety-three ordered for execution in Hatton Garden, near the house he had robbed;
LJ008-0018	6.277	79	664	extended upon a plank on the top of an open cart, in his clothes, and fettered.
LJ008-0020	9.760	122	1015	Here John Sutherland, commander of the British armed transport 'The Friends,' suffered on the twenty-ninth June, eighteen oh nine,
LJ008-0022	2.724	35	301	On the eighteenth December, eighteen twelve,
LJ008-0024	3.502	44	376	of the trading vessel 'Adventure,' upon the high seas.
LJ008-0026	2.817	36	313	Palm, as soon as he was seated in the cart,
LJ008-0028	6.520	82	687	Some indications of pity were offered for the fate of Tilling; Palm, execration alone.
LJ008-0030	6.149	77	647	The first affair of the kind on this spot was on the third December, seventeen eighty-three,
LJ008-0032	6.660	84	705	a scaffold was erected in front of that prison for the execution of several convicts named by the Recorder.
LJ008-0034	8.889	112	938	the scaffold hung with black; and the inhabitants of the neighborhood, having petitioned the sheriffs to remove the scene of execution to the old place,
LJ008-0036	7.855	99	826	The following twenty-third April, it is stated that the malefactors ordered for execution on the eighteenth instead
LJ008-0038	6.311	79	664	After hanging the usual time they were taken down, and the machine cleared away in half-an-hour.
LJ008-0040	8.018	101	849	A full description of this new gallows, which was erected in front of the debtors' door, is to be found in contemporary records.
LJ008-0042	9.562	120	1005	is enclosed by a temporary roof, under which are placed two seats for the reception of the sheriffs, one on each side of the stairs leading to the scaffold.
LJ008-0044	8.819	111	929	and at the distance of five feet from the same is fixed a strong railing all round the scaffold to enclose a place for the constables.
LJ008-0046	5.522	70	592	on the middle of which is placed the gibbet, extending from the jail across the Old Bailey.
LJ008-0050	9.562	120	1001	A broadsheet dated April twenty-fourth, seventeen eighty-seven, describing an execution on the newly-invented scaffold before the debtors' door,
LJ008-0052	5.174	65	547	it is supported by strong posts fixed into grooves made in the street;
LJ008-0054	7.577	95	797	This contrivance appears to have been copied with improvements from that which had been used in Dublin at a still earlier date,
LJ008-0056	8.703	109	913	The Dublin "engine of death," as the gallows are styled in the account from which the following description is taken, consisted of an iron bar
LJ008-0058	4.732	60	508	From this bar hang several iron loops, in which the halters are tied.
LJ008-0060	6.544	82	689	projecting somewhat beyond the range of the iron bar, and swinging upon hinges affixed to the wall.
LJ008-0062	2.109	27	235	and this floor is supported below,
LJ008-0064	8.831	111	925	When the criminals are tied up and prepared for their fate, this floor suddenly falls down, upon withdrawing the supporters inwards.
LJ008-0066	9.086	114	958	This mode of execution, it is alleged, gave rise to the old vulgar "chaff," "Take care, or you'll die at the fall of the leaf."
LJ008-0068	4.523	57	482	But the fall apart and inwards of two leaves is considered superior.
LJ008-0070	3.920	49	418	The sentences inflicted in front of Newgate were not limited to hanging.
LJ008-0072	7.716	97	813	and the abolition of the practice of burning females for petty treason, more than one woman suffered this penalty at the Old Bailey.
LJ008-0074	8.424	106	888	that of Phoebe Harris, who in seventeen eighty-eight was "barbariously" executed and burnt before Newgate for coining.
LJ008-0076	7.182	90	756	When she came out of prison she appeared languid and terrified, and trembled greatly as she advanced to the stake,
LJ008-0078	9.655	121	1012	seemed to strike her mind with horror and consternation, to the exclusion of all power of recollectedness in preparation for the approaching awful moment.
LJ008-0080	5.742	72	607	She was immediately tied by the neck to an iron bolt fixed near the top of the stake,
LJ008-0082	7.356	92	771	A chain fastened by nails to the stake was then put round her body by the executioner with his assistants.
LJ008-0084	7.229	91	763	The flames presently burned the halter, the body fell a few inches, and hung then by the iron chain.
LJ008-0086	4.442	56	473	A great concourse of people attended on this melancholy occasion.
LJ008-0088	4.094	52	442	As many spectators as ever thronged to see the dreadful show,
LJ008-0090	8.366	105	879	It was still the custom to offer warm encouragement or bitter disapproval, according to the character and antecedents of the sufferer.
LJ008-0092	4.616	58	491	the man of better birth could hope for no sympathy, whatever his crime.
LJ008-0096	5.104	64	543	Pieman and ballad-monger did their usual roaring trade amidst the dense throng.
LJ008-0098	9.585	120	1010	One was the "yeoman of the halter," a Newgate official, the executioner's assistant, whom Mr. J. T. Smith, who was present at the execution,
LJ008-0100	4.326	55	471	The yeoman was, however, under-sold by his wife, "Rosy Emma,"
LJ008-0102	6.462	81	685	A little further off, says Mr. Smith, was "a lath of a fellow past three-score years and ten,
LJ008-0104	2.875	36	312	Here's the identical rope at sixpence an inch.
LJ008-0106	7.530	95	800	He was introduced by the ordinary, Dr. Forde, a name familiar to the reader, who met him at the felons' door
LJ008-0108	3.966	50	428	The ordinary "gravely uttered, 'Come this way, Mr. Smith.'
LJ008-0110	1.633	21	186	The prisoners had not risen.
LJ008-0112	4.291	54	459	He was death's counterfeit, tall, shriveled, and pale;
LJ008-0114	3.432	43	370	His hands were clasped, and he was truly penitent.
LJ008-0116	8.436	106	887	and tied the cord with so little feeling that the governor (Wall), who had not given the wretch his accustomed fee, observed,
LJ008-0118	4.361	55	472	"Thank you, sir," said the governor to the doctor, "it is of little moment."
LJ008-0120	5.696	72	609	"Do tell me, sir; I am informed I shall go down with great force; is it so?"
LJ008-0122	3.095	39	336	where the murder for which he was condemned had been committed.
LJ008-0124	8.633	108	905	The poor soul then joined the doctor in prayer, and never did I witness more contrition at any condemned sermon than he then evinced.
LJ008-0126	9.075	114	954	A new hat was partly flattened on his head, for, owing to its being too small in the crown, it stood many inches too high behind.
LJ008-0128	9.167	115	962	the dreadful execrations of some of the felons so shook his frame that he observed "the clock had struck;" and quickening his pace,
LJ008-0132	6.300	79	667	Over the handkerchief around his brows he placed a white cap, the new hat being on top of all.
LJ008-0134	3.862	49	419	Thus appareled he ascended the stairs at the debtors' door,
LJ008-0136	4.616	58	492	These evidently deprived him of the small portion of fortitude he had summoned up.
LJ008-0138	6.950	87	728	and at his request the ordinary drew the cap further down over his face, when in an instant,
LJ008-0140	6.892	87	730	Whenever the public attention had been specially called to a particular crime, either on account of its atrocity,
LJ008-0142	6.416	81	681	the attendance at the execution was certain to be tumultuous, and the conduct of the mob disorderly.
LJ008-0144	6.590	83	695	in eighteen oh seven, an event long remembered from the fatal and disastrous consequences which followed it.
LJ008-0146	4.500	57	486	who kept a lavender warehouse in the city, and who had gardens at Feltham,
LJ008-0148	1.377	18	161	One night he was missing
LJ008-0150	3.595	45	382	Four years passed without the detection of the murderers,
LJ008-0152	4.291	54	458	made a full confession, and implicated Holloway and Haggerty.
LJ008-0154	8.471	106	886	Conviction followed mainly on his testimony; but the two men, especially Holloway, stoutly maintained their innocence to the last.
LJ008-0156	9.109	114	951	An enormous crowd assembled to witness the execution, amounting, it was said, to the hitherto unparalleled number of forty thousand.
LJ008-0158	8.889	112	934	The pressure soon became so frightful that many would have willingly escaped from the crowd; but their attempts only increased the general confusion.
LJ008-0160	9.260	116	969	some, especially of low stature, found it difficult to remain standing, and several, although held up for some time by the men nearest them,
LJ008-0162	6.172	78	657	Cries of Murder! murder! were now raised, and added greatly to the horrors of the scene.
LJ008-0164	7.565	95	796	The most affecting and distressing scene was at Green Arbor Lane, just opposite the debtors' door of the prison.
LJ008-0166	7.844	99	833	The pieman stooped down to pick up his scattered stock, and some of the mob, not seeing what had happened, stumbled over him.
LJ008-0168	3.386	43	369	Among the rest was a woman with an infant at the breast.
LJ008-0170	4.988	63	534	the man, needing all his care for his own life, threw the child from him,
LJ008-0172	4.280	54	456	In another part seven persons met their death by suffocation.
LJ008-0174	8.157	102	854	One cart-load of spectators having broken down, some of its occupants fell off the vehicle, and were instantly trampled to death.
LJ008-0176	6.706	84	708	then the mob began to thin, and the streets were cleared by the city marshals and a number of constables.
LJ008-0178	9.342	117	980	the bodies for identification, the wounded to hospitals, a cart-load of shoes, hats, petticoats, and fragments of wearing apparel were picked up.
LJ008-0181	8.819	111	928	he had his pockets filled with bread and cheese, and it was generally supposed that he had come a long distance to see the fatal show.
LJ008-0183	8.401	106	891	but there were no serious accidents, beyond those caused by the goring of a maddened, over-driven ox which forced its way through the crowd.
LJ008-0185	8.703	109	912	Beware of entering the crowd! Remember thirty poor persons were pressed to death by the crowd when Haggerty and Holloway were executed!
LJ008-0187	8.970	113	946	It was still greater at Fauntleroy's execution in eighteen twenty-four, when no less than one hundred thousand persons assembled, it was said.
LJ008-0189	6.102	77	646	All the avenues and approaches, places even whence nothing whatever could be seen of the scaffold,
LJ008-0191	5.383	68	574	At Courvoisier's execution in eighteen forty it was the same, or worse.
LJ008-0193	7.170	90	757	by seven a.m. the whole space was so thronged that it was impossible to move one way or the other.
LJ008-0195	5.475	69	579	Every window had its party of occupants; the adjoining roofs were equally crowded.
LJ008-0197	1.830	23	203	of the Lamb's Coffee House;
LJ008-0199	6.509	82	691	At the George public-house to the south of the drop, Sir W. Watkin Wynn, Baronet,
LJ008-0201	6.694	84	706	in an adjoining house, that of an undertaker, was Lord Alfred Paget, also with several friends.
LJ008-0203	5.081	64	540	Numbers of ladies were present, although the public feeling was much against their attendance.
LJ008-0205	5.928	75	630	The city authorities had endeavored to take all precautions against panic and excitement among the crowd,
LJ008-0207	5.951	75	630	and although one of these gave way owing to the extraordinary pressure, no serious accident occurred.
LJ008-0209	8.239	103	862	Soon after midnight on the Sunday night, for by this time the present practice of executing on Monday morning had been pretty generally introduced,
LJ008-0211	8.691	109	913	Gin-shops and coffee-houses were the first to open doors, and touts began to bid for tenants for the various rooms upstairs.
LJ008-0213	4.036	51	437	By this time the workmen might be heard busily erecting the gallows;
LJ008-0215	4.547	57	482	One by one the huge uprights of black timber were fitted together,
LJ008-0217	7.577	95	795	a throng of people whom neither rain, snow, storm, nor darkness ever hindered from attending the show.
LJ008-0221	4.454	56	480	They talked of the days when the convicts were hung up a dozen or more in a row;
LJ008-0223	5.835	73	615	The approaching ceremony had evidently no terrors for these "idolaters of the gallows."
LJ008-0225	8.819	111	924	the former already vowed to the same criminal career, and looking up to their elders with the respect due to successful practitioners;
LJ008-0227	7.623	96	807	slipshod and slovenly, in crushed bonnet and dirty shawl, the gown fastened by a single hook,
LJ008-0229	9.063	114	955	Above the murmur and tumult of that noisy assembly, the lowing and bleating of cattle as they were driven into the stalls and pens of Smithfield
LJ008-0231	5.870	74	624	Hush! the unceasing murmur of the mob now breaks into a loud deep roar,
LJ008-0233	3.978	50	425	the wide dark sea of heads is all at once in motion;
LJ008-0235	9.260	116	968	Every link in that great human chain is shaken, along the whole lengthened line has the motion jarred, and each in turn sees,
LJ008-0237	4.500	57	482	The human hand that placed it there was only seen for a moment,
LJ008-0239	9.098	114	954	The loud shout of the multitude once more subsided, or only fell upon the abstracted ear like the dreamy murmur of an ocean shell.
LJ008-0241	5.336	67	564	were vended under the names of notorious murderers, highwaymen, and criminals,
LJ008-0245	6.741	85	715	though pulled right and left, or sent headlong into the crowd by the swing of some brutal and muscular arm,
LJ008-0247	6.927	87	728	but ever the same form moved along in the fulfillment of his mission, in spite of all persecution.
LJ008-0249	8.099	102	860	Blinded with their long hair, they tore at each other like two furies; their bonnets and caps were trodden underfoot in the kennel,
LJ008-0251	4.105	52	442	was an hour before kicked to death by the savage and brutal mob.
LJ008-0253	5.696	72	609	Then came the cry of 'Hats off!' and 'Down in front!' as at a theatre.
LJ008-0255	5.232	66	560	the iron knell that rang upon the beating heart of the living man who was about to die;
LJ008-0257	8.935	112	935	In thus describing the saturnalia before the gallows I have been drawn on somewhat beyond the period with which I am at present dealing.
LJ008-0259	4.454	56	473	and of their demeanor after sentence until the last penalty was paid.
LJ008-0261	4.988	63	528	In the case of convicted murderers only was prompt punishment inflicted,
LJ008-0265	8.668	109	907	although in the long run mercy generally prevailed, and very few capitally convicted for crimes less than murder actually suffered.
LJ008-0267	6.358	80	673	no less than four hundred and fifty-one sentences of death for capital crimes were passed at the Old Bailey;
LJ008-0269	8.111	102	853	Already the severity of our criminal code, and the number of capital felonies upon the statute book, had brought a reaction;
LJ008-0271	2.701	34	293	This was more particularly the practice in London.
LJ008-0273	6.335	80	672	At the Old Bailey almost every one capitally convicted by a jury was sentenced to be hanged.
LJ008-0275	6.961	88	739	but there was a further appeal then, as now, to the king himself, or practically to the Home Secretary.
LJ008-0279	7.809	98	823	In this latter it might fairly be said that a man was put to death less for his own sins than for the crimes of others.
LJ008-0281	4.825	61	514	They found at Newgate, under disgraceful conditions as already described,
LJ008-0283	6.033	76	637	two others were sentenced to three months' imprisonment, and the balance to varying terms.
LJ008-0285	4.372	55	467	on the one hand the gallows, on the other a short imprisonment.
LJ008-0287	3.629	46	391	to make those sanctions an object of contemptuous mockery.
LJ008-0289	8.494	107	897	Capitally convicted prisoners did, as a matter of fact, "treat with habitual and inexpressible levity the sentence of death."
LJ008-0291	2.457	31	267	The time thus spent varied considerably,
LJ008-0293	7.855	99	827	Sometimes the Privy Council did not meet for months, and during all that time the convicts languished with hope
LJ008-0295	7.461	94	792	When the council had decided, the news was conveyed to Newgate by the Recorder, who made his "report," as it was called.
LJ008-0297	7.728	97	814	and its contents were anxiously awaited by both convicts in the press-yard and their friends collected in a crowd outside the gates.
LJ008-0299	9.016	113	948	On one occasion, Mr. Wakefield tells us, the Recorder, who had attended the council at Windsor, did not deliver the report till the following day.
LJ008-0301	9.516	119	997	during which they counted the moments -- the prisoners in their cells as usual, and their friends in the street in front of Newgate, where they passed the night.
LJ008-0303	8.378	105	884	The crowd of men and women who passed the night in front of Newgate, began, as soon as the hour was passed when they had expected the report,
LJ008-0305	8.970	113	939	they never ceased cursing until the passion of anger so excited was exchanged for joy in some and grief in others.
LJ008-0307	6.462	81	678	afterwards express a wish to murder the Recorder for having kept them so long in suspense.
LJ008-0309	6.218	78	656	Its receipt was immediately followed by the promulgation of its contents to the persons most closely concerned,
LJ008-0311	5.708	72	608	The whole of the convicts were assembled together in one ward, and made to kneel down.
LJ008-0313	5.684	72	604	who in solemn tones communicated to each in turn the fate in store for him.
LJ008-0315	4.744	60	511	"So-and-so, I am sorry to tell you that it is all against you;" or,
LJ008-0317	3.490	44	376	The fatal news was not always received in the same way.
LJ008-0319	9.075	114	950	Sometimes any who had had a narrow escape fainted, but the bulk of those respited looked on with unfeeling indifference.
LJ009-0002	7.983	100	832	It is satisfactory to be able to record that some consideration was shown the capital convict actually awaiting execution.
LJ009-0004	5.615	71	597	would be astonished to observe the peculiar tenderness, I was going to add respect,
LJ009-0006	8.053	101	841	Before sentence a prisoner has only to observe the regulations of the jail in order to remain neglected and unnoticed.
LJ009-0010	2.759	35	302	and thought every one anxious to promote his death.
LJ009-0012	8.239	103	867	This was noticeable with Fauntleroy, who, on account of his birth and antecedents, was allowed to occupy a turnkey's room,
LJ009-0014	7.031	88	738	It cannot be denied, however, that the ordinary's treatment was somewhat unfeeling, and in proof thereof
LJ009-0016	8.970	113	946	He seems to have improved the occasion when preaching the condemned sermon before Fauntleroy, by pointing a moral from that unhappy man's own case.
LJ009-0018	8.761	110	920	and informed that the public would not in future be admitted to hear the condemned sermon. "I was also informed," writes Mr. Cotton,
LJ009-0020	5.232	66	556	previous to the execution of Henry Fauntleroy for uttering a forged security
LJ009-0022	8.122	102	853	I was informed that this unnecessarily harassed his feelings, and that the object of such sermons was solely to console the prisoner,
LJ009-0024	6.660	84	712	One of the aldermen, moreover, informed me that the whole court of aldermen were unanimous in their opinion on this subject.
LJ009-0026	9.469	119	997	the experience I have had convinces me that one, and perhaps the only, good of an execution, i. e. the solemn admonition to the public,
LJ009-0028	3.931	50	426	Probably the reader will side with the aldermen against the ordinary.
LJ009-0030	9.295	117	976	and the idea will be strengthened by the following account of the Sunday service in the prison chapel on the occasion when the condemned sermon was preached.
LJ009-0032	6.277	79	663	Strangers were now excluded, but the sheriffs attended in state, wearing their gold chains,
LJ009-0034	2.062	26	228	The sheriffs were in one gallery;
LJ009-0036	4.593	58	489	Down below between the galleries was the mass of the prison population;
LJ009-0038	6.149	77	647	In the center of the chapel was the condemned pew, a large dock-like erection painted black.
LJ009-0040	5.696	72	611	whose desk and pulpit were just in front of the condemned pew, and within a couple of yards of it.
LJ009-0042	8.378	105	881	Upon the occasion which I am describing they were four in number; and here I will continue the narrative in Mr. Wakefield's own words:
LJ009-0044	2.480	32	276	His features have no felonious cast;
LJ009-0046	8.227	103	862	but the attempt fails; he trembles, his knees knock together, and his head droops as he enters the condemned pew.
LJ009-0050	7.194	90	755	He has, however, doubly earned his sentence, and is actually condemned for burglary committed since his arrival in England.
LJ009-0052	6.799	85	713	The third convict is a sheep-stealer, a poor ignorant fellow in whose crime are mitigating circumstances,
LJ009-0054	1.749	22	195	He is quite content to die;
LJ009-0056	9.423	118	993	The last of the four is said to have been a clergyman of the Church of England, condemned for forgery, "a miserable old man in a tattered suit of black.
LJ009-0058	2.747	35	302	Great efforts have been made to save his life.
LJ009-0060	4.930	62	527	Now his doom is sealed irrevocably, and he has given himself up to despair.
LJ009-0062	2.306	29	252	buries his head under his body.
LJ009-0064	9.411	118	987	the lately smirking footmen close their eyes and forget their liveries, the ordinary clasps his hands, the turnkeys cry 'Hush!'
LJ009-0066	6.532	82	695	The morning hymn is sung first, as if to remind the condemned that next morning at eight a.m. they are to die.
LJ009-0068	7.031	88	744	The youth alone is able to read, but from long want of practice he is at a loss to find the place in his prayer-book.
LJ009-0070	3.687	47	402	The youth's hands tremble as they hold the book upside down.
LJ009-0072	7.472	94	789	The sheep-stealer smiles, and, extending his arms upwards, looks with a glad expression to the roof of the chapel.
LJ009-0074	1.168	15	137	Let us pass on.
LJ009-0076	1.365	18	162	We come to the sermon.
LJ009-0078	7.217	91	764	who preaches plain, homely discourses, as fit as any religious discourse can be fit for the irritated audience.
LJ009-0080	5.301	67	566	The text, without another word, is enough to raise the wildest passions of the audience
LJ009-0082	6.683	84	709	except the clergyman and the burglar, the former of whom is still rolled up at the bottom of the condemned pew,
LJ009-0084	9.330	117	977	At length the ordinary pauses, and then, in a deep tone, which, though hardly above a whisper, is audible to all, says,
LJ009-0086	1.818	23	204	But why should I repeat the whole?
LJ009-0088	5.452	69	580	ignominy, sorrow, sufferings, wretchedness, pangs,
LJ009-0090	2.608	33	285	The dying men are dreadfully agitated.
LJ009-0092	4.744	60	511	his legs give way, he utters a faint groan, and sinks on the floor.
LJ009-0094	7.066	89	751	but his face is of an ashy paleness; and if you look carefully you may see the blood trickling from his lip,
LJ009-0096	2.434	31	270	The poor sheep-stealer is in a frenzy.
LJ009-0098	7.078	89	746	There! there! I see the Lamb of God! Oh! how happy! Oh! this is happy!
LJ009-0100	6.485	82	690	struggles violently; his feet, legs, hands, and arms, even the muscles of his back,
LJ009-0102	4.930	62	522	Suddenly he utters a short sharp scream, and all is still.
LJ009-0104	8.308	104	876	the women set up a yell, which is mixed with a rustling noise, occasioned by the removal of those whose hysterics have ended in fainting.
LJ009-0106	6.230	78	657	The keeper tries to appear unmoved, but his eye wanders anxiously over the combustible assembly.
LJ009-0108	4.419	56	474	The two masses of prisoners for trial undulate and slightly murmur,
LJ009-0110	5.150	65	546	This exhibition lasts for some minutes, and then the congregation disperses,
LJ009-0112	7.937	100	837	the burglar muttering curses and savage expressions of defiance; whilst the poor sheep-stealer shakes hands with the turnkeys,
LJ009-0114	9.411	118	981	Mr. Wakefield winds up his graphic but somewhat sensational account by describing another religious service, which may appropriately be inserted here.
LJ009-0116	8.366	105	878	On the following day the capital convicts, whose companions have been hanged, are required to return thanks for their narrow escape.
LJ009-0118	7.554	95	796	could hardly witness this ceremony without being affected. The men, who were so lately snatched from the jaws of death,
LJ009-0120	7.937	100	836	Almighty God, Father of all mercies, we thine unworthy servants do give thee most humble and hearty thanks
LJ009-0122	7.507	94	793	particularly to those who desire now to offer up their praises and thanksgivings for thy late mercies vouchsafed unto them.
LJ009-0124	4.976	63	537	occupied when they saw it last, but a few hours ago, by their comrades who are now dead;
LJ009-0126	1.261	16	145	Hardly any one.
LJ009-0128	5.661	71	597	I have been present at the scene not less than twenty times, and have invariably observed
LJ009-0130	9.307	117	979	winked at other prisoners in derision of what was taking place; and I have frequently heard men and lads who had been of the kneeling party
LJ009-0132	3.757	47	399	Although this misapplication of religious services still went on,
LJ009-0134	7.136	90	753	This very proper rule was, however, set aside on the Sunday preceding Courvoisier's execution.
LJ009-0136	6.509	82	687	that they reluctantly agreed to open the gallery which had formerly been occupied by strangers on these occasions.
LJ009-0138	4.013	51	434	all the avenues to the prison gates were blocked by ticket-holders.
LJ009-0140	8.378	105	874	no inconvenience was suffered by the congregation, among whom were Lord Adolphus Fitz Clarence, Lord Coventry,
LJ009-0142	6.033	76	638	Contemporary accounts give a minute description of the demeanor of the convict upon this solemn occasion.
LJ009-0144	4.222	53	448	In fact his looks denoted extreme sorrow and contrition,
LJ009-0146	5.185	65	552	Mr. Carver, the ordinary, appears to have addressed himself directly to Courvoisier,
LJ009-0148	4.187	53	449	But the chaplain admitted that the solitude of the convict's cell
LJ009-0150	8.703	109	914	So far as I can find, Courvoisier was the last condemned criminal who was thus exhibited to a crowd of morbidly curious spectators.
LJ009-0152	9.411	118	985	The crowd outside Newgate on the day of execution has already been described; but there was also a select gathering of distinguished visitors within the jail.
LJ009-0154	3.351	42	360	Mr. Charles Kean the tragedian was also present,
LJ009-0156	4.117	52	444	"with a view," as he himself said, "to his professional studies."
LJ009-0158	8.575	108	898	Already a strong dislike to the reckless and almost indiscriminate application of the extreme penalty was apparent in all classes,
LJ009-0160	1.574	20	176	In eighteen thirty-two
LJ009-0162	5.812	73	610	Nevertheless, after that date no person whatever was executed for this offense.
LJ009-0164	4.047	51	433	sheep or horse stealing, and stealing in a dwelling-house.
LJ009-0166	8.273	104	868	next, the offenses of returning from transportation, stealing post-office letters, and sacrilege were no longer punishable with death.
LJ009-0168	2.596	33	284	robbery, burglary, and arson.
LJ009-0170	2.933	37	316	to fifty-six in eighteen thirty-nine.
LJ009-0172	8.006	101	844	While in London, for instance, in eighteen twenty-nine, twenty-four persons had been executed for crimes other than murder,
LJ009-0174	6.056	76	637	In eighteen thirty-seven the death penalty was practically limited to murder or attempts to murder,
LJ009-0176	9.144	115	961	Seven other crimes, however, were still capital by law, and so continued till the passing of the Criminal Consolidation Acts of eighteen sixty-one.
LJ009-0178	8.610	108	903	In eighteen thirty-two the dissection of bodies cut down from the gallows, which had been decreed centuries previously, was abolished;
LJ009-0180	9.307	117	976	the idea being to intensify the dread of capital punishment. That such dread was not universal or deep-seated may be gathered from the fact
LJ009-0182	5.696	72	608	This dissection was carried out for Newgate prisoners in Surgeons' Hall, adjoining Newgate,
LJ009-0184	6.021	76	641	Lord Ferrers' body was brought to Surgeons' Hall after execution in his own carriage and six;
LJ009-0186	8.540	107	900	Pennant speaks of Surgeons' Hall as a handsome building, ornamented with Ionic pilasters, and with a double flight of steps to the first floor.
LJ009-0190	7.530	95	799	whom the horrid scene, with the additional effect of some noted criminals hanging on the walls, drove out again sick and faint,
LJ009-0192	5.951	75	631	The dissection of executed criminals was abolished soon after the discovery of the crime of burking,
LJ009-0194	4.744	60	504	and that executors or persons having lawful possession of the bodies
LJ009-0196	8.122	102	853	Another brutal practice had nearly disappeared about the time of the abolition of dissection. This was the public exhibition of the body,
LJ009-0198	5.592	70	589	and her body publicly exhibited in a place built for the purpose in the Old Bailey.
LJ009-0200	5.313	67	567	were publicly exposed in a stable in Little Bridge Street, near Apothecaries' Hall,
LJ009-0202	8.657	109	908	In eighteen eleven Williams, who murdered the Marrs in Ratcliffe Highway, having committed suicide in jail to escape hanging,
LJ009-0204	6.172	78	656	A long procession was formed, headed by constables, who cleared the way with their staves.
LJ009-0206	8.448	106	888	parish officers, peace officers, the high constable of the county of Middlesex on horseback, and then the body of Williams,
LJ009-0208	8.517	107	898	erected on the cart, about four feet high at the head, and gradually sloping towards the horse, giving a full view of the body,
LJ009-0210	3.200	40	343	On the left side of the head the fatal mall,
LJ009-0212	6.903	87	732	The countenance of Williams was ghastly in the extreme, and the whole had an appearance too horrible for description.
LJ009-0214	7.832	98	820	and was accompanied throughout by "an immense concourse of persons, eager to get a sight of the murderer's remains.
LJ009-0216	4.280	54	459	Hanging in chains upon the gibbet which had served for the execution,
LJ009-0218	7.101	89	751	But there was an attempt to revive it at that date, when the act for dispensing with the dissection of criminals was passed.
LJ009-0220	8.622	108	904	the bodies of all prisoners convicted of murder should either be hung in chains, or buried under the gallows on which they had been executed,
LJ009-0222	5.197	65	547	The revival of this barbarous practice caused much indignation in certain quarters,
LJ009-0224	6.335	80	673	At the first-named the exhibition nearly created a tumult, and the body was taken down and buried,
LJ009-0226	8.877	111	931	gaming-tables were set up, cards were played under the gibbet, to the disturbance of the public peace and the annoyance of all decent people.
LJ009-0228	4.999	63	536	and a subscription was set on foot for them then and there at the foot of the gibbet.
LJ009-0230	7.693	97	813	After this a law was passed which prescribed that the bodies of all executed murderers should be buried within the walls of the jail.
LJ009-0232	8.018	101	848	there were still many shocking incidents at executions, owing to the bungling and unskilful way in which the operation was performed.
LJ009-0234	4.593	58	490	There the hangman added his weight to that of the suspended culprit,
LJ009-0236	3.537	45	384	To the great surprise of all who witnessed this dreadful scene,
LJ009-0238	7.519	94	789	After this the sheriffs sent for another rope, but the spectators interfered, and the man was carried back to jail.
LJ009-0240	9.342	117	977	A somewhat similar event happened at Chester not long afterwards; the ropes by which two offenders were turned off broke a few inches from their necks.
LJ009-0242	3.397	43	366	and the sentence was properly and completely carried out.
LJ009-0244	7.855	99	828	especially that of William Snow, alias Sketch, who slipped from the gallows at Exeter and fell to the ground.
LJ009-0246	4.756	60	508	Good people, do not be hurried; I am not, I can wait.
LJ009-0248	3.293	42	359	Sometimes the condemned man made a hard fight for life.
LJ009-0250	4.953	62	526	in such a way that the executioner found a difficulty in pinioning his hands.
LJ009-0252	6.602	83	697	On the scaffold he made a violent attempt to loosen his bonds, and succeeded in getting his hands free.
LJ009-0254	6.009	76	642	The hangman summoned assistance, and with help tied the cap over White's face with a handkerchief.
LJ009-0256	1.563	20	176	Still he resisted.
LJ009-0258	5.406	68	573	However, the ceremony went forward, and when the signal was given the drop sank.
LJ009-0260	1.505	19	169	The spectacle was horrible;
LJ009-0262	3.873	49	417	The crowd vociferously yelled their disapproval, and at length
LJ009-0264	4.407	56	475	His face was visible to the whole crowd, and was fearful to behold.
LJ009-0266	7.287	92	770	and his death was not compassed until the executioner terminated his sufferings by hanging on to his legs.
LJ009-0268	5.661	71	596	through the improper adjustment of the rope his sufferings were prolonged for five minutes;
LJ009-0270	8.030	101	845	A worse case still was that of William Bousfield, who, when awaiting execution for murder, about the same date,
LJ009-0272	6.427	81	682	He was in consequence so weak when brought out for execution, that he had to be carried by four men,
LJ009-0274	8.924	112	938	His wretched, abject condition, seated in a chair under the drop, was such as almost to unnerve the executioner Calcraft,
LJ009-0276	7.797	98	821	Calcraft, the moment he had adjusted the cap and rope, ran down the steps, drew the bolt, and disappeared.
LJ009-0278	6.126	77	649	Bousfield slowly drew himself up, and rested with his feet on the right side of the drop.
LJ009-0280	7.275	91	762	Again the wretched creature succeeded in obtaining foothold, but this time on the left side of the drop.
LJ009-0282	5.441	69	580	who for the fourth time regained his foothold. Again he was repelled,
LJ009-0284	5.324	67	565	It was stated in evidence before the Commission on Capital Punishment in eighteen sixty-four,
LJ009-0286	7.345	92	775	There has never been much science in the system of carrying out the extreme penalty in this country; the "finisher of the law"
LJ009-0288	5.441	69	584	Calcraft, of whom mention has just been made, was by trade a lady's shoemaker,
LJ009-0290	7.298	92	772	He was at first engaged as assistant to the executioner Tom Cheshire, but in due course rose to be chief.
LJ009-0292	7.565	95	802	He was well known in the neighborhood where he resided, and the street gamins cried "Jack Ketch" as he went along the street.
LJ009-0294	1.319	17	153	One was Askern,
LJ009-0296	2.341	30	263	It was not always easy to hire a hangman.
LJ009-0298	9.307	117	978	which sets forth that the petitioner had been at great expense by sending clerks and agents to Liverpool and Shrewsbury to hire an executioner.
LJ009-0300	7.600	96	806	Traveling expenses of these agents cost fifteen pounds, and another ten pounds were spent in the hire of a Shropshire man,
LJ009-0302	6.230	78	657	Another man was hired, himself a convict, whose fees for self and wife were twelve guineas.
LJ010-0002	7.112	89	747	In chapter two of the present volume I brought down the record of crime to the second decade of the present century.
LJ010-0004	6.938	87	728	only premising that as accounts become more voluminous I shall be compelled to deal with fewer cases,
LJ010-0006	9.040	113	937	Certain crimes, those against the person especially, diminished gradually. They became less easy or remunerative.
LJ010-0008	5.812	73	615	the streets of London were well lighted, the suburbs were more populous and regularly patrolled.
LJ010-0010	9.365	118	986	Street robberies offered fewer inducements to depredators, and evil-doers were compelled to adopt other methods of preying upon their fellows.
LJ010-0012	8.668	109	910	and prominent in the criminal annals of Newgate in these later years will be found numerous remarkable instances of this class of offense --
LJ010-0014	6.602	83	694	to cover enormous defalcations; the fabrication of deeds, wills, and false securities
LJ010-0016	6.532	82	692	thefts of bullion, bank-notes, specie, and gold-dust, planned with consummate ingenuity,
LJ010-0018	5.348	67	567	jewel-boxes cleverly stolen under the very noses of owners or care-takers.
LJ010-0020	8.889	112	927	the extraordinary extension of all commercial operations led to many entirely novel and often gigantic financial frauds.
LJ010-0022	8.122	102	846	the slackness of supervision over wholly irresponsible agents, produced many terrible monetary catastrophes,
LJ010-0024	6.694	84	704	While the varying conditions of social life thus brought about many changes in the character of offenses against property,
LJ010-0026	8.564	108	898	There was no increase in murder or manslaughter; the number of such crimes remained pretty constant proportionately to population.
LJ010-0030	8.622	108	902	The brutal ferocity of the wild beast once aroused, the same means, the same weapons were employed to do the dreadful deed,
LJ010-0032	9.051	114	950	Pegsworth, and Greenacre, and Daniel Good merely reproduced types that had gone before, and that have since reappeared.
LJ010-0034	5.893	74	623	Thurtell and Hunt followed in the footsteps of Billings, Wood, and Catherine Hayes.
LJ010-0036	7.333	92	771	Hocker was found upon the scene of his crime, irresistibly attracted thither, as was Theodore Gardelle.
LJ010-0038	7.705	97	812	as there had been before; as in the year eighteen forty-nine, a year memorable for the Rush murders at Norwich,
LJ010-0040	8.424	106	891	Men like Mobbs, the miscreant known as "General Haynau" on account of his blood-thirstiness, still murdered their wives;
LJ010-0042	3.734	47	400	A not altogether new crime, however, akin to murder,
LJ010-0044	3.130	40	340	The present Queen very soon after her accession
LJ010-0046	6.590	83	695	was followed in the very next year by those of Francis and of Bean in two consecutive months,
LJ010-0048	7.832	98	819	These crimes had their origin too often in the disordered brains of lunatics at large, like Captain Goode.
LJ010-0050	9.492	119	986	But at various dates treason more distinct and tangible came to the front: attempts to levy war against the State.
LJ010-0052	7.217	91	757	which grew out of disturbed social conditions after the last French war, amidst general distress,
LJ010-0054	7.983	100	838	Its ringleaders, Thistlewood and the rest, were after capture honored by committal as State prisoners to the Tower,
LJ010-0056	8.854	111	925	Later on, the Chartists agitated persistently for the concession embraced in the so-called People's Charter, many of which
LJ010-0058	7.159	90	752	But the Chartists sought their ends by riot and rebellion, and gained only imprisonment for their pains.
LJ010-0060	7.612	96	804	The Cato Street conspiracy would have been simply ridiculous but for the recklessness of the desperadoes who planned it.
LJ010-0062	8.900	112	937	But they proceeded in all seriousness, and would have shrunk from no outrage or atrocity in furtherance of their foolhardy enterprise.
LJ010-0064	5.475	69	586	upon "the old man and the old woman," as they styled the Mansion House and the Bank of England.
LJ010-0066	7.716	97	813	which under Thistlewood as dictator was to rule the nation, by first handing over its capital to fire and pillage.
LJ010-0068	8.308	104	871	he became a militia officer, and married a woman with ten thousand pounds, in which, however, she had only a life interest.
LJ010-0070	7.391	93	779	followed the profession of arms, first in the British service, and then in that of the French revolutionary Government.
LJ010-0072	1.342	17	152	Returning to England,
LJ010-0074	3.107	39	333	After this he tried farming, but failed.
LJ010-0076	8.993	113	942	In this way he formed the acquaintance of Watson and others, with whom he was arraigned for treasonable practices, and imprisoned.
LJ010-0078	7.438	93	780	On his second release, goaded by his fancied wrongs, he began to plot a dark and dreadful revenge,
LJ010-0080	4.523	57	481	The Government obtained early and full information of the nefarious scheme.
LJ010-0082	9.249	116	966	made a voluntary confession to Sir Herbert Taylor one morning at Windsor; after which Thistlewood and his accomplices were closely watched,
LJ010-0084	6.462	81	676	The day appointed for the murder and rising actually arrived before the authorities interfered.
LJ010-0086	6.393	80	671	The occasion was considered excellent by the conspirators for disposal of the whole Cabinet at one blow,
LJ010-0088	3.595	45	385	and that when it was opened the whole band should rush in.
LJ010-0090	8.668	109	913	Hand-grenades were to be thrown into the dining-room, and during the noise and confusion the assassination of the ministers was to be completed,
LJ010-0092	5.278	66	559	Lord Harrowby's dinner-party was postponed, but the conspirators knew nothing of it,
LJ010-0094	3.397	43	369	bound, as it happened, to the Archbishop of York's.
LJ010-0096	6.822	86	720	Edgeware Road, completing their dispositions for assuming supreme power after the blow had been struck.
LJ010-0098	5.905	74	626	The police were the first to arrive on the spot, the Guards having entered the street at the wrong end.
LJ010-0100	6.996	88	738	The first constable who entered Thistlewood ran through the body with a sword, but others quickly followed,
LJ010-0102	8.262	104	868	The Guards, headed by Lord Adolphus Fitz Clarence, now reinforced the police, and the conspirators gave way.
LJ010-0104	7.786	98	819	Thistlewood and fourteen more succeeded for the moment in making their escape, but most of them were subsequently taken.
LJ010-0106	8.958	112	941	He was in bed with his breeches on (in the pockets of which were found a number of cartridges), the black belt he had worn at Cato Street,
LJ010-0108	5.034	63	534	The trial of the conspirators came on some six weeks later, at the Old Bailey.
LJ010-0110	4.187	53	449	Several of the other prisoners took the same line as regards Edwards,
LJ010-0112	8.958	112	939	He had been in a state of abject misery, and when he first joined "the reformers," as the Cato Street conspirators called themselves,
LJ010-0114	9.446	119	988	His sudden access to means unlimited was no doubt due to the profitable role he soon adopted of Government informer and spy,
LJ010-0116	6.427	81	682	on the one inveigling silly enthusiasts to join in the plot, and denouncing them on the other.
LJ010-0118	2.701	34	293	were not altogether creditable to the Government.
LJ010-0120	6.985	88	738	to commit outrage, to set fire to houses, throw hand-grenades into the carriages of ministers;
LJ010-0122	9.260	116	969	The Government were probably not proud of their agent, for Edwards, after the conviction had been assured, went abroad to enjoy, it was said,
LJ010-0124	9.121	115	959	Five of the conspirators, Thistlewood, Ings, Brunt, Davidson, and Tidd, were sentenced to death,
LJ010-0126	8.935	112	935	A crowd as great as any known collected in the Old Bailey to see the ceremony, about which there were some peculiar features worth recording.
LJ010-0128	4.941	62	524	they with Brunt and Tidd scorned the ordinary's ministrations,
LJ010-0130	7.554	95	791	Ings was especially defiant. He sought to cheer Davidson, who seemed affected, crying out,
LJ010-0132	5.812	73	617	As the executioner fastened the noose, he nodded to a friend he saw in the crowd;
LJ010-0134	6.311	79	666	He roared out snatches of a song about Death or Liberty, and just before he was turned off,
LJ010-0138	4.314	54	457	and died in a manner strongly contrasting with that of his fellows.
LJ010-0140	6.625	83	695	Contemporary reports state that from the skillful manner in which he performed the decapitation,
LJ010-0142	8.842	111	927	Be this as it may, the weapon used was only an ordinary axe, which rather indicates that force, not skill, was employed.
LJ010-0144	3.165	40	340	but is only an ordinary commonplace tool.
LJ010-0146	9.225	116	967	Attacks upon the sovereign, as I have said, became more common after the accession of the young Queen Victoria in eighteen thirty-eight.
LJ010-0148	7.170	90	757	tried to stab George the third as he was alighting from his carriage at the gate of St. James's Palace.
LJ010-0150	9.191	115	956	and eventually lodged in Bethlehem Hospital, where she died after forty years' detention, at the advanced age of one hundred.
LJ010-0152	6.764	85	712	fired a pistol at George the third from the pit of Drury Lane theatre in eighteen hundred.
LJ010-0154	7.484	94	790	when John Collins, "a person in the garb of a sailor, of wretched appearance, and having a wooden leg,"
LJ010-0156	8.204	103	863	Collins, when charged, pleaded that he had lost his leg in action, that he had petitioned without success for a pension,
LJ010-0158	6.021	76	644	feeling, as he said, that he might as well be shot or hanged as remain in such a state.
LJ010-0160	9.016	113	942	None of the foregoing attempts were, however, so dastardly or determined as that made by Oxford upon our present gracious Queen
LJ010-0162	6.346	80	671	The cowardly crime was probably encouraged by the fearless and confiding manner in which the Queen,
LJ010-0164	6.126	77	649	Oxford, who was only nineteen at the time his offense was committed, had been born at Birmingham,
LJ010-0166	7.078	89	747	From this he was promoted to barman, and as such had charge of the business in various public-houses.
LJ010-0168	7.298	92	766	after which he devoted himself to pistol practice in shooting-galleries, sometimes in Leicester Square,
LJ010-0170	6.671	84	705	His acquaintances often asked his object in this, but he kept his own counsel till the tenth June.
LJ010-0172	6.474	81	681	He saw Prince Albert return there from a visit to Woolwich, and then passed on to Constitution Hill,
LJ010-0176	8.448	106	887	He was on the right or north side of the road. Prince Albert occupied the same side of the carriage, the Queen the left.
LJ010-0178	7.333	92	768	The shot missed, and as the carriage passed on, Oxford drew a second pistol and fired again.
LJ010-0180	7.948	100	836	the Prince too rose to shield her with his person. Again, providentially, the bullet went wide of the mark,
LJ010-0182	1.342	17	153	the Duchess of Kent.
LJ010-0184	6.311	79	664	Oxford was seized by a person named Lowe, who was at first mistaken for the assailant.
LJ010-0186	3.641	46	394	There is no occasion to use violence. I will go with you.
LJ010-0188	3.386	43	364	Oxford expressed little anxiety or concern.
LJ010-0190	8.517	107	896	A craze for notoriety, to be achieved at any cost, was the one absorbing idea in young Oxford's disordered brain.
LJ010-0192	3.502	44	374	or of the fatal consequences which might have ensued.
LJ010-0194	7.937	100	834	but gazed with complacency around the crowded court, and eagerly inquired what persons of distinction were present.
LJ010-0196	6.288	79	663	These antics may have been assumed to bear out the plea of insanity set up in his defense,
LJ010-0198	9.423	118	985	His father, it was proved in evidence, had been at times quite mad; and Oxford's mental state might be inferred from his own proceedings.
LJ010-0202	5.336	67	564	Its sworn members, known only to Oxford, and all of them mere shadows,
LJ010-0204	5.951	75	632	to wear a black crape mask, to obey punctually the orders of their commander-in-chief,
LJ010-0206	5.417	68	572	The officers of the society were to be known only by "factitious names."
LJ010-0208	7.008	88	741	Hannibal and Ethelred were on the council; Anthony, Augustus, and Frederic were among the generals;
LJ010-0210	5.429	68	570	The various grades were distinguished by cockades and bows of different colors.
LJ010-0212	9.539	120	1003	With Oxford's other papers were found letters from the secretary, written as it seemed by Oxford to himself, after the manner of Mr. Toots,
LJ010-0216	5.650	71	600	and it is said that he is a military officer, but his name has not yet transpired.
LJ010-0218	7.948	100	837	in an instant our faces were covered, we cocked our pistols, and with drawn swords stood waiting to receive the enemy.
LJ010-0220	7.136	90	758	We then sent the old woman to open the door, and it proved to be some little boys who had knocked and ran away.
LJ010-0222	5.522	70	587	in consequence of having received some information of an important nature from Hanover.
LJ010-0224	7.089	89	742	No serious importance could be attached to these, the manifest inventions of a disordered intellect.
LJ010-0226	4.640	58	489	and Oxford was ordered to be detained during Her Majesty's pleasure.
LJ010-0228	4.779	60	508	He was released from Broadmoor in eighteen seventy-eight, and went abroad.
LJ010-0230	4.581	58	492	who was arrested in the very act, just as he had fired one shot.
LJ010-0232	8.320	104	869	He could not plead insanity like his predecessor, and no attempt was made at his trial to prove him of unsound mind.
LJ010-0234	4.349	55	468	backed possibly with the hope that, as in a much more recent case,
LJ010-0236	8.169	103	863	The deed was long premeditated, and would have been executed a day earlier had not his courage failed him at the last moment.
LJ010-0238	4.953	62	527	but draw it back again, exclaiming presently, "I wish I had done it."
LJ010-0240	4.407	56	477	The Queen was apprised of the danger, and begged not to go abroad;
LJ010-0242	8.796	110	913	Nothing happened till Her Majesty returned to Buckingham Palace about six p.m., when, on descending Constitution Hill,
LJ010-0248	7.693	97	812	On searching him the pistol was found in his pocket, the barrel still warm; also some loose powder and a bullet.
LJ010-0250	2.109	27	235	of the criminal intent to kill.
LJ010-0252	6.091	77	645	the old traitor's doom, but was spared, and subsequently transported for life.
LJ010-0256	4.825	61	516	Undeterred by the well-merited punishment which had overtaken Francis,
LJ010-0258	4.709	59	497	As the Queen was driving from Buckingham Palace to the Chapel Royal,
LJ010-0260	5.127	65	549	in the Mall, about half-way between Buckingham and St. James's Palaces.
LJ010-0262	1.841	24	210	charged him with the offense.
LJ010-0264	4.732	60	506	Later on, however, Dasset was himself seized and interrogated,
LJ010-0266	3.304	42	362	and a long, sickly, pale face, with light hair;
LJ010-0268	6.416	81	680	It happened that a lad named Bean had absconded from his father's home some weeks before,
LJ010-0270	6.520	82	689	exactly tallied with that of the deformed person "wanted" for the assault on the Queen.
LJ010-0272	8.517	107	891	This son, John William Bean, was fully identified by Dasset, and presently examined by the Privy Council.
LJ010-0274	9.272	116	966	Much the same motives of seeking notoriety seem to have impelled Bean, who was perfectly sane, to his rash act;
LJ010-0276	6.393	80	672	and he was only convicted of an attempt "to harass, vex, and grieve the sovereign.
LJ010-0278	6.613	83	699	but the place of durance was changed, to meet the existing law, to Millbank Penitentiary.
LJ010-0282	9.667	121	1011	Pate was said to be an eccentric person, given to strange acts and antics, such as mixing whiskey and camphor with his morning bath-water,
LJ010-0284	9.098	114	954	He always kept the blinds down at his chambers in Jermyn Street; and as the St. James's clock chimed quarter-past three,
LJ010-0286	4.570	58	492	nine shillings, all in shillings, and no other coin.
LJ010-0288	3.687	47	399	deemed valid as any palliation of his offense.
LJ010-0290	6.416	81	682	The blow crushed the bonnet and bruised the forehead of the Queen, who was happily not otherwise injured.
LJ010-0292	6.393	80	674	which was authorized by a recent act, on account of Mr. Pate's family and position in life.
LJ010-0294	6.578	83	693	frauds indicating great boldness, extensive design, and ingenuity became more prevalent.
LJ010-0296	9.597	120	999	At one session of the Old Bailey, in eighteen twenty-one, no less than thirty-five true bills were found for passing forged notes.
LJ010-0298	3.780	48	410	That of Fauntleroy the banker, in eighteen twenty-four,
LJ010-0300	9.492	119	997	Mr. Fauntleroy was a member of a banking firm, which his father had established in conjunction with a gentleman of the name of Marsh, and others.
LJ010-0302	7.426	93	778	in eighteen oh seven, and when only twenty-two, he succeeded to his father's share in the business.
LJ010-0304	6.938	87	728	through advances made to various builders, and that it could only maintain its credit by wholesale discounting.
LJ010-0306	5.429	68	571	and the bank became liable for a sum of one hundred seventy thousand pounds.
LJ010-0308	7.519	94	790	by the death of one of the partners, a large sum in cash had to be withdrawn from the bank to pay his heirs.
LJ010-0310	8.749	110	917	the house was nearly without resources, and the whole burthen of management falling on me, I sought resources where I could;
LJ010-0312	7.670	96	803	Among the prisoner's private papers, one was found giving full details of the stock he had feloniously sold out,
LJ010-0314	7.252	91	764	In order to keep up the credit of our house, I have forged powers of attorney for the above sums and parties,
LJ010-0316	5.800	73	616	I kept up the payments of the dividends, but made no entries of such payments in my books.
LJ011-0001	8.343	105	877	The Chronicles of Newgate, Volume two. By Arthur Griffiths. Section fourteen: Newgate notorieties, part one
LJ011-0003	7.902	99	827	sold out so large an amount of stock, that he paid sixteen thousand pounds a year in dividends to escape detection.
LJ011-0005	7.588	95	796	A lady in the country, who had thirteen thousand pounds in the stocks, desired her London agent to sell them out.
LJ011-0009	6.009	76	644	Nothing more was heard of the affair, although the lady declared that she had never instructed Fauntleroy to sell.
LJ011-0011	3.653	46	394	and took the instrument out to a clerk with the ink not dry.
LJ011-0013	6.033	76	640	replaced the stock in the names of the original holders, who might otherwise have been completely ruined.
LJ011-0015	4.605	58	492	His hair, though gray, was thick, and lay smooth over his forehead.
LJ011-0017	6.602	83	696	The impression which his appearance altogether was calculated to make was that of the profoundest commiseration.
LJ011-0019	7.205	91	769	when it was found that a sum of ten thousand pounds, standing in the name of three trustees, of whom Fauntleroy was one,
LJ011-0021	3.490	44	374	Further investigations brought other similar frauds to light,
LJ011-0023	7.275	91	764	A run upon the bank immediately followed, which was only met by a suspension of payment and the closing of its doors.
LJ011-0027	5.336	67	567	The veil was lifted from his private life, and he was accused of persistent immorality.
LJ011-0033	3.792	48	410	deeming him the last person capable of a dishonorable action.
LJ011-0035	8.517	107	896	Every endeavor was used, however, to obtain a commutation of sentence. His case was twice argued before the judges on points of law,
LJ011-0037	7.449	94	786	Appeals were made to the Home Secretary, and all possible political interest brought to bear, but without success.
LJ011-0039	4.291	54	462	but in a separate chamber, that belonging to one of the warders of the jail.
LJ011-0041	7.519	94	792	Visited Mr. Fauntleroy. My application for books for him not having been attended, I had no prayer-book to give him.
LJ011-0043	8.482	107	895	that this may prove the beginning of a better system of confinement, and that every description of persons who may be unfortunately under sentence of death
LJ011-0045	7.855	99	830	The kindliness of the city authorities to Fauntleroy was not limited to the assignment of a separate place of durance.
LJ011-0047	1.377	18	162	This was on the text,
LJ011-0049	6.381	80	669	Fauntleroy constantly groaned aloud while the sermon proceeded, and contemporary reports declared
LJ011-0051	7.623	96	802	the great magnitude of our erring brother's offense, one of the most dangerous description in a trading community.
LJ011-0053	9.574	120	1003	This "personality," and it can be called by no other name, is carefully excluded from prison pulpit utterances on the eve of an execution.
LJ011-0055	3.699	47	402	Edmund Angelini, to take Fauntleroy's place.
LJ011-0057	7.821	98	825	urging that Fauntleroy was a father, a citizen: "his life is useful, mine a burthen, to the State."
LJ011-0059	1.679	21	187	There were doubts of his sanity.
LJ011-0061	8.018	101	852	Let this monster give his name; I am ready to fight him. I am still determined to put myself in the place of Mr. Fauntleroy.
LJ011-0063	5.835	73	616	Fauntleroy was not entirely dependent upon the ordinary for ghostly counsel in his extremity.
LJ011-0067	7.693	97	809	A report was, moreover, widely circulated, and the impression long prevailed, that he actually escaped death.
LJ011-0069	6.613	83	694	and that after hanging for the regulated time he was taken down and easily restored to consciousness.
LJ011-0071	7.577	95	795	but there is good evidence to show that the body after execution was handed over to his friends and interred privately.
LJ011-0073	4.291	54	457	several persons were sentenced to or suffered death for this crime.
LJ011-0075	6.137	77	646	One was that of Captain Montgomery, who assumed the aliases of Colonel Wallace and Colonel Morgan.
LJ011-0077	7.890	99	831	The act for which he was taken into custody was the payment of a forged ten-pound note for half-a-dozen silver spoons.
LJ011-0079	4.105	52	441	he soon left the service and betook himself to dishonest ways.
LJ011-0081	6.776	85	714	He was not prosecuted for this fraud on account of the respectability of his family, and soon after this escape
LJ011-0083	8.413	106	891	For a long time justice did not overtake him for any criminal offense, but he was frequently in Newgate and in the King's Bench for debt.
LJ011-0085	5.975	75	633	a distinguished officer, and would have married an heiress had not the imposture been discovered in time.
LJ011-0089	9.376	118	987	and listened attentively to the ordinary, who read him the well-known address written and delivered by Dr. Dodd previous to his own execution for forgery.
LJ011-0091	5.092	64	542	In one corner after much search a phial was found labeled "Prussic acid,"
LJ011-0093	7.043	89	750	This phial he had managed to retain in his possession in spite of the frequent searches to which he was subjected in Newgate.
LJ011-0095	8.610	108	912	He had prospered in early life, was a slop-seller on a large scale at Bury St. Edmunds, and a sugar-baker in the metropolis.
LJ011-0097	1.435	18	163	that of Dickson and Co.
LJ011-0099	7.345	92	772	and losing heavily, to meet the claims upon him he put out a number of forged bills of exchange or acceptances,
LJ011-0101	9.400	118	992	Hunton tried to fly the country on the detection of the fraud, but was arrested at Plymouth just as he was on the point of leaving England in the New York packet.
LJ011-0103	4.930	62	526	a pair of light gray pantaloons, a black stock and a foraging cap.
LJ011-0105	8.343	105	880	His defense was that the forged acceptances would have been met on coming to maturity, and that he had no real desire to defraud.
LJ011-0107	1.888	24	211	On entering Newgate he said,
LJ011-0109	2.794	35	300	my heart has undergone that horrible penalty.
LJ011-0111	7.345	92	774	Two elders of the meeting sat up with him in the press yard the whole of the night previous to execution, and a third,
LJ011-0113	5.719	72	610	He met his death with unshaken firmness, only entreating that a certain blue handkerchief,
LJ011-0115	8.157	102	852	Hunton's execution no doubt aroused public attention to the cruelty and futility of the capital law against forgery.
LJ011-0117	6.938	87	729	devoted its efforts first to a mitigation of the forgery statute, but could not immediately accomplish much.
LJ011-0119	8.343	105	879	One was Richard Gifford, a well-educated youth who had been at Christ's Hospital, and afterwards in the National Debt Office.
LJ011-0121	8.645	109	910	Suddenly, after being at the lowest depths, he emerged, and was found by his friends living in comfort in the Waterloo Road.
LJ011-0123	6.033	76	642	He forged the names of people who held stock on the Bank books, and got the value of the stock;
LJ011-0125	8.900	112	937	The other and the last criminal executed for forgery in this country was one Maynard, who was convicted of a fraud upon the Custom House.
LJ011-0129	2.526	32	278	Maynard was the only one who suffered death.
LJ011-0133	6.753	85	712	This amendment was strongly supported outside the House, and a petition in favor of its passing was presented,
LJ011-0135	7.948	100	840	Macintosh's amendment was carried in the Commons, but the new law did not pass the Lords, who re-enacted the capital penalty.
LJ011-0137	5.383	68	571	the Attorney-General introduced a bill to abolish capital punishment entirely for forgery.
LJ011-0139	7.530	95	798	This time they sent back the bill, re-enacting only the two penalties for will forging and the forging of powers of attorney;
LJ011-0141	5.789	73	615	There were at the moment in Newgate six convicts sentenced to death for forging wills.
LJ011-0143	8.703	109	910	and in defiance of the vote of the assembly which more accurately represented public opinion. It was indeed announced that their fate was sealed;
LJ011-0145	6.764	85	713	The new Forgery Act with the Lords' amendment passed into law, but the latter proved perfectly harmless,
LJ011-0147	7.078	89	747	I will include in this part of the present chapter almost one of the last instances of a crime which in time past
LJ011-0151	8.436	106	889	only child of a gentleman of large property in Cheshire, of which county he was actually high sheriff at the time of his daughter's abduction.
LJ011-0153	8.947	112	937	Edward Gibbon Wakefield, the prime mover in the abduction, was a barrister, not exactly briefless, but without a large practice.
LJ011-0155	2.712	34	295	He had eloped with his first wife from school.
LJ011-0157	6.149	77	651	He thereupon conceived an idea of carrying her off and marrying her willy nilly at Gretna Green.
LJ011-0159	8.099	102	858	At Manchester, en route, a traveling carriage was purchased, which was driven up to Mrs. Daulby's door at eight in the morning,
LJ011-0161	6.950	87	735	This purported to be from the medical attendant of Mr. Turner, written at Shrigley, Mr. Turner's place of residence;
LJ011-0163	8.227	103	866	She was not in immediate danger, but she wished to see her daughter, "as it was possible she might soon become incapable of recognizing any one."
LJ011-0165	5.185	65	550	who had plausibly explained that he had only recently been engaged at Shrigley.
LJ011-0167	4.256	54	458	At Manchester, however, the carriage stopped at the Albion Hotel.
LJ011-0169	6.741	85	718	Miss Turner, not knowing him, would have left the room, but he said he came from her father, and she remained.
LJ011-0171	2.352	30	261	was the state of her father's affairs.
LJ011-0173	4.686	59	502	Miss Turner consented to go on, and they traveled night and day towards the north.
LJ011-0175	5.034	63	531	Wakefield found it necessary to become more explicit regarding her father's affairs.
LJ011-0177	9.388	118	988	The fact was, Wakefield went on to say, an uncle of his had advanced Mr. Turner sixty thousand pounds, which had temporarily staved off ruin.
LJ011-0179	4.825	61	519	so that it might become the exclusive property of her husband, "whoever he might be."
LJ011-0181	7.565	95	798	Wakefield's uncle took the matter more seriously, and declared that unless the marriage came off Mr. Turner must be sold up.
LJ011-0183	5.963	75	636	Passing through Carlisle, she was told that Mr. Turner was in the town, but could not show himself.
LJ011-0185	7.855	99	828	Filial affection rose superior to all scruples, and Miss Turner, having crossed the border, was married to Wakefield
LJ011-0187	7.879	99	837	Returning to Carlisle, she now heard that her father had been set free, and had gone home to Shrigley, whither they were to follow him.
LJ011-0191	5.580	70	591	The strangely-married couple thereupon pressed on to Dover, and crossed over to Calais.
LJ011-0193	6.718	84	710	Then Mrs. Daulby learnt that Miss Turner had not arrived at Shrigley, but that she had gone to Manchester.
LJ011-0195	8.982	113	944	The terror and dismay of her parents were soon intensified by the receipt of a letter from Wakefield, at Carlisle, announcing the marriage.
LJ011-0197	5.754	72	606	and presently ascertained that Wakefield had gone to the Continent with his involuntary bride.
LJ011-0199	8.610	108	907	Meanwhile, a second letter turned up from Wakefield at Calais, in which he assured Mrs. Turner that Miss Turner was fondly attached to him,
LJ011-0201	7.960	100	840	The game, however, was nearly up. Miss Turner was met by her uncle on Calais pier as she was walking with Wakefield.
LJ011-0203	7.147	90	759	Monsieur le Maire was appealed to, and decided to leave it to the young lady, who at once abandoned Wakefield.
LJ011-0205	6.091	77	649	he carried me away by fraud and stratagem, and forced me to accompany him to Gretna Green
LJ011-0207	5.057	64	543	whom I never saw until I was taken from Liverpool, and never want to see again.
LJ011-0209	8.157	102	857	He surrendered the bride who had never been a wife, and she returned to England with her friends, while Wakefield went on alone to Paris.
LJ011-0211	6.451	81	679	when indictments were preferred against both brothers "for having carried away Ellen Turner, spinster,
LJ011-0213	1.795	23	202	married the said Ellen Turner.
LJ011-0215	7.763	98	825	and found guilty, remaining in Lancaster Jail for a couple of months, when they were brought up to the court of King's Bench for judgment.
LJ011-0217	2.318	29	255	Mr. Justice Bayley, in summing up,
LJ011-0219	7.855	99	827	William Wakefield in Lancaster Jail, and Edward Gibbon Wakefield in Newgate, which sentences were duly enforced.
LJ011-0221	5.162	65	553	and was brought from Newgate, at his own request, to oppose the second reading of the bill.
LJ011-0223	6.613	83	697	Neither his address nor his pamphlet availed much, for the bill for the divorce passed both Houses.
LJ011-0225	4.338	55	469	will be admitted by those who have read his book on "the punishment of death,
LJ011-0227	5.592	70	588	After their release from Lancaster and Newgate respectively, both Wakefields went abroad.
LJ011-0229	4.883	62	525	after which he went to New Zealand, and held an important post in that colony.
LJ011-0231	4.291	54	460	Miss Turner subsequently married Mr. Legh of Lym Hall, Cheshire.
LJ011-0233	4.047	51	432	that thieves or depredators were idle or entirely unsuccessful.
LJ011-0235	8.122	102	854	as in the burglary at Lambeth Palace, when the thieves were fortunately disappointed, the archbishop having, before he left town,
LJ011-0237	3.676	46	393	The jewelers were always a favorite prey of the London thieves.
LJ011-0239	7.960	100	836	Where robbery with violence was intended, the perpetrators had now to adopt various shifts and contrivances to secure their victim.
LJ011-0241	8.030	101	845	The latter had advertised, offering a sum of one thousand pounds to anyone who would introduce him to some mercantile equipment.
LJ011-0243	6.532	82	691	Mr. Mullay went, and a second interview was agreed upon, when a third person, Mr. Owen,
LJ011-0245	9.492	119	991	Mr. Mullay called again, taking with him five hundred pounds in cash. Howard discovered this, and his manner was very suspicious;
LJ011-0247	5.487	69	582	Mr. Mullay became alarmed, and as Mr. Owen did not appear, withdrew;
LJ011-0249	7.751	97	817	On this renewed visit Mr. Owen was still absent, and Mr. Mullay agreed to write him a note from a copy Howard gave him.
LJ011-0251	7.263	91	765	Mullay protested, and then Howard, under the influence of ungovernable rage, as it seemed, jumped up,
LJ011-0253	6.102	77	650	Mullay defended himself, and managed to break the knife, but not before he had cut himself severely.
LJ011-0255	6.439	81	685	Howard swore he would finish him, but proved the weaker of the two, and Mullay got him down on the floor.
LJ011-0257	4.280	54	458	Howard was secured, given into custody, and committed to Newgate.
LJ011-0259	6.787	85	716	and that, being an irritable temper, he had struck Mullay, after which a violent scuffle took place.
LJ011-0261	6.184	78	654	He was found guilty of an assault with intent, and sentenced to transportation for fourteen years.
LJ011-0263	3.548	45	382	It was perpetrated upon a respectable country solicitor,
LJ011-0265	7.472	94	787	This Mr. Canning had left his widow a life interest in two thousand pounds so long as she remained unmarried.
LJ011-0267	7.530	95	798	Mr. Gee had invested one thousand two hundred pounds of this, and was seeking how best to place the remaining eight hundred pounds,
LJ011-0269	2.677	34	295	An appointment was made and kept by Mr. Gee,
LJ011-0271	6.590	83	702	Mr. Gee went in the coach sent for him, and alighted at twenty-seven, York Street, West, Commercial Road.
LJ011-0273	4.907	62	526	He was about to descend the stairs when three persons, one of them the young sailor,
LJ011-0275	4.523	57	483	There he was seated on some sort of wooden bench and securely fastened.
LJ011-0279	6.137	77	646	and write an order sufficient to secure the surrender of the other one thousand two hundred pounds.
LJ011-0281	7.937	100	839	Then, as they warned him that he would be kept a prisoner in total darkness in this horrible den until he agreed to their demands,
LJ011-0283	9.028	113	948	One was a cheque for eight hundred pounds on his bankers, the other an order to Mr. Bell of Newport, Essex, requesting the surrender of a deed.
LJ011-0285	6.776	85	716	The door of his place of durance stood open, and Mr. Gee began to consider whether he might not escape.
LJ011-0287	7.356	92	775	but at length managed to wriggle out of the chain which confined his body, and soon loosened the ropes round his feet.
LJ011-0289	5.603	71	600	and creeping out into the garden at the back, climbed the wall, and got into the street.
LJ011-0291	7.728	97	812	Two Bow Street runners were dispatched to the house in York Street, which had evidently been taken on purpose for the outrage.
LJ011-0293	8.320	104	870	It was a cell five feet by three, within another, the intervening being filled with rammed earth to deaden the sound.
LJ012-0002	3.270	41	351	On the arrival of the police the house was empty.
LJ012-0004	7.368	93	778	Inquiries set on foot also elicited the suspicion that the person who had represented Mrs. Canning's brother
LJ012-0006	4.953	62	525	A watch was set on him at her house, where he was soon afterwards arrested.
LJ012-0008	9.307	117	977	He had sought by all legal means to obtain possession of the two thousand pounds, but had failed, and had had recourse to more violent means.
LJ012-0010	7.739	97	812	both having been recognized by the clergyman who had performed the ceremony, and the assault had been committed to secure the money
LJ012-0012	7.797	98	822	All three men were committed for trial, although Edwards wished to exculpate the others as having only acted under his order.
LJ012-0014	4.117	52	441	Edwards was sentenced to two years' imprisonment in Newgate,
LJ012-0016	8.088	102	853	At no period could thieves in London or elsewhere have prospered had they been unable to dispose of their ill-gotten goods.
LJ012-0018	9.342	117	975	One of the most notorious, and for a time most successful practitioners in this illicit trade, passed through Newgate in eighteen thirty-one.
LJ012-0020	5.975	75	631	He began as an itinerant street vendor at eight, at ten he passed bad money,
LJ012-0022	7.403	93	783	He early saw the profits to be made out of purchasing stolen goods, but could not embark in it at first for want of capital.
LJ012-0024	7.275	91	767	On his release an uncle, a slop-seller in Chatham, gave him a situation as "barker," or salesman,
LJ012-0026	4.256	54	458	With this capital he returned to London and set up as a fence.
LJ012-0028	9.260	116	972	that he was soon admitted to be one of the best judges known of all kinds of property, from a glass bottle to a five hundred guinea chronometer.
LJ012-0032	9.388	118	986	Solomons also established a system of provincial agency, by which stolen goods were passed on from London to the seaports, and so abroad.
LJ012-0034	8.796	110	918	diamonds refaced; all marks by which other articles might be identified, the selvages of linen, the stamps on shoes,
LJ012-0036	6.009	76	642	On one occasion the whole of the proceeds of a robbery from a boot shop was traced to Solomons';
LJ012-0038	5.533	70	591	but could not positively identify it, and Ikey defied them to remove a single shoe.
LJ012-0040	7.693	97	817	at the price Solomons had paid for it, and it cost him about a hundred pounds to re-stock his shop with his own goods.
LJ012-0042	4.570	58	493	which he kept concealed in a hiding-place with a trap-door just under his bed.
LJ012-0044	6.857	86	723	When his trade was busiest he set up a second establishment, at the head of which, although he was married,
LJ012-0046	7.170	90	758	The second house was in Lower Queen Street, Islington, and he used it for some time as a depot for valuables.
LJ012-0048	8.436	106	888	and this, with the danger arising from an extensive robbery of watches in Cheapside, in which Ikey was implicated as a receiver,
LJ012-0050	9.446	119	995	He was about to emigrate to New South Wales, when he was arrested at Islington and committed to Newgate on a charge of receiving stolen goods.
LJ012-0052	8.006	101	849	He claimed to be admitted to bail, and was taken from Newgate on a writ of habeas before one of the judges sitting at Westminster.
LJ012-0054	7.786	98	825	Solomons, while waiting to appear in court, persuaded the turnkeys to take him to a public-house, where all might "refresh."
LJ012-0056	9.098	114	952	After a short carouse the prisoner went into Westminster, his case was heard, bail refused, and he was ordered back to Newgate.
LJ012-0058	8.088	102	858	When the journey was resumed, Mrs. Solomons accompanied her husband in the coach. Half-way to Newgate she was taken with a fit.
LJ012-0060	7.855	99	833	to let the coach change and pass Petticoat Lane en route to the jail, where the suffering woman might be handed over to her friends.
LJ012-0062	4.187	53	451	He passed through and out at the back, and was soon beyond pursuit.
LJ012-0064	9.423	118	992	Ikey left no traces, and the police could hear nothing of him. He had in fact gone out of the country, to Copenhagen, whence he passed on to New York.
LJ012-0066	9.516	119	998	and begged his wife to send him over a consignment of cheap "righteous" watches, or such as had been honestly obtained, and not "on the cross."
LJ012-0068	6.427	81	682	For this she received a sentence of fourteen years' transportation, and was sent to Van Diemen's Land.
LJ012-0070	7.101	89	748	He was, however, recognized, and ere long an order came out from home for his arrest and transfer to England,
LJ012-0072	9.167	115	962	He was indicted on eight charges, two only of which were substantiated, but on each of them he received a sentence of seven years' transportation.
LJ012-0074	9.307	117	981	Whether Ikey was "assigned" to his own family is not recorded, but no doubt he succeeded to his own property when the term of servitude had expired.
LJ012-0076	6.277	79	666	There was an increase rather than an abatement in jewel and bullion robberies in the years immediately following,
LJ012-0078	7.136	90	756	One of the largest robberies of its class was that effected upon the Custom House in the winter of eighteen thirty-four.
LJ012-0080	7.170	90	758	This was known to some clerks in the office, who began to consider how they might lay hands on a lot of cash.
LJ012-0082	8.715	109	912	Jordan and Sullivan, who at once set to work in a business-like way to obtain impressions of the keys of the strong room and chest.
LJ012-0084	7.403	93	780	For this purpose Jordan waited on the receiver to make a small payment, for which he tendered a fifty-pound note.
LJ012-0086	9.028	113	944	Some difficulty then arose as to gaining admission to the strong room, and it was arranged that a man, May, another Custom House clerk,
LJ012-0088	7.170	90	756	May was smuggled in through a window on the esplanade behind an opened umbrella. When the place was quite deserted
LJ012-0090	5.603	71	601	He went out next morning with the booty when the doors were re-opened, and attracted no attention.
LJ012-0092	6.346	80	673	This occurred in November eighteen thirty-four. The Custom House officials were in a state of consternation,
LJ012-0094	9.214	116	969	While the excitement was still fresh, a new robbery of diamonds was committed at a bonded warehouse in the immediate neighborhood, on Custom House Quay.
LJ012-0096	6.102	77	647	At her death the diamonds were divided between her four daughters, but only half had been claimed,
LJ012-0098	5.162	65	547	These were deposited in an iron chest of great strength on the second floor.
LJ012-0102	6.985	88	742	The lock and fastenings of the chest were forced by means of a "jack," an instrument known to housebreakers,
LJ012-0104	8.041	101	844	The thieves were satisfied with the diamonds; they broke open other cases containing gold watches and plate, but abstracted nothing.
LJ012-0106	7.240	91	764	But it was not until the autumn that they traced some of the notes stolen from the Custom House to Jordan and Sullivan.
LJ012-0108	6.776	85	718	There was a hunt for the two well-known house-breakers, who were eventually heard of at a lodging in Kennington.
LJ012-0110	9.632	121	1013	The police lost all trace of them for some days, but at length Sullivan's brother was followed from the house in Kennington to the above-mentioned tavern.
LJ012-0112	4.013	51	432	notwithstanding a minute search through the room they had occupied.
LJ012-0114	3.177	40	345	but their request, in spite of their earnest entreaties,
LJ012-0118	6.927	87	731	It was a large gold brooch set in pearls, but a portion of the mounting had melted with the heat.
LJ012-0120	2.248	29	251	one of them of considerable size.
LJ012-0122	6.811	86	719	The condign punishment meted out to these Custom House robbers had no deterrent effect seemingly.
LJ012-0124	8.947	112	937	One was occupied by the Portuguese ambassador, who lost a quantity of jewelery from an escritoire, and his neighbors lost plate and cash.
LJ012-0126	5.673	71	597	The next year twelve thousand sovereigns were cleverly stolen in the Mile End Road.
LJ012-0128	4.291	54	459	A young man named Caspar, clerk to a steam-ship company,
LJ012-0130	6.822	86	724	brought in a man-of-war from Brazil had been transhipped at Falmouth for conveyance to London.
LJ012-0132	8.645	109	908	and he with his father arranged that a messenger should call for the stuff with forged credentials, and anticipating the rightful owner.
LJ012-0134	5.162	65	552	Presently the proper person arrived from the consignees, but found the gold-dust gone.
LJ012-0136	3.153	40	345	Moss was known to be intimate with the elder Caspar,
LJ012-0138	2.898	37	319	They also ascertained that a gold-refiner,
LJ012-0140	8.900	112	940	Solomons was not straightforward in his replies as to where he got the gold, and he was soon placed in the dock with the Caspars and Moss.
LJ012-0142	8.575	108	901	and implicated "Money Moses," another Jew, for the whole affair had been planned and executed by members of the Hebrew persuasion.
LJ012-0144	4.779	60	511	and passed it on to Solomons by his daughter, a widow named Abrahams.
LJ012-0146	8.192	103	864	In the course of the trial it came out that almost every one concerned except the Caspars had endeavored to defraud his accomplices.
LJ012-0148	4.175	53	451	instead of handing it or the price of it back to the Caspars.
LJ012-0150	7.368	93	781	Mrs. Abrahams imposed upon her father by abstracting a portion of the dust and selling it on her own account;
LJ012-0152	4.361	55	466	which he refused to redeem on account of the row about the robbery.
LJ012-0154	2.225	28	243	He was ostensibly a publican,
LJ012-0156	8.517	107	892	His arrest and conviction cast dismay over the whole gang of receivers, and for a time seriously checked the nefarious traffic.
LJ012-0158	7.089	89	744	Before his confinement he had been a sleek round person, addicted obviously to the pleasures of the table.
LJ012-0162	7.403	93	781	Having brought down the records of great frauds, forgeries, and thefts from about eighteen twenty-five to eighteen forty,
LJ012-0166	5.812	73	614	where the principal actor suffered death, the case hardly comes within the limits of my subject.
LJ012-0168	5.557	70	595	was tried at the Old Bailey the following year for horse-stealing, and hanged in front of Newgate.
LJ012-0170	8.877	111	930	According to his statement, when sentenced to death, he had been driven to horse-stealing by the execration which had pursued him after the murder.
LJ012-0172	5.951	75	637	Since the calamitous event," he went on, "that happened at Hertford, I have been a lost man."
LJ012-0174	4.814	61	521	Thurtell was a gambler, and Weare had won a good deal of money from him.
LJ012-0176	5.754	72	606	To obtain possession of this, Thurtell with his two associates resolved to kill him.
LJ012-0178	5.603	71	606	Thurtell drove him down in a gig, "to be killed as he traveled," in Thurtell's own words.
LJ012-0180	7.867	99	828	The murderer explained that he had first fired a pistol at Weare's head, but the shot glanced off his cheek.
LJ012-0182	9.411	118	986	After the murder the villains divided the spoil, and went on to Probert's cottage, and supped off pork-chops brought down on purpose.
LJ012-0184	5.650	71	594	Meanwhile the discovery of pistol and knife spattered with human blood and brains
LJ012-0186	3.827	48	411	The crime was brought home to Thurtell by the confession of Hunt,
LJ012-0188	8.366	105	884	Probert was then admitted as a witness, and the case was fully proved against Thurtell, who was hanged in front of Hertford Jail.
LJ012-0190	5.626	71	599	Widespread horror and indignation was evoked throughout the kingdom by the discovery of the series
LJ012-0192	5.313	67	564	the first of whom has added to the British language a synonym for illegal suppression.
LJ012-0194	3.908	49	417	But Burke and Hare had their imitators further south,
LJ012-0196	9.109	114	953	Bishop, whose real name was Head, married a half-sister of Williams'. Williams was a professional resurrectionist, or body-snatcher,
LJ012-0198	8.285	104	872	Bishop was a carpenter, but having been suddenly thrown out of work, he joined his brother-in-law in his line of business.
LJ012-0200	9.121	115	964	Bishop got weary of the dangers and fatigues of exhumation, and proposed to Williams that instead of disinterring they should murder their subjects.
LJ012-0202	5.592	70	587	They pursued their terrible trade for five years without scruple and without detection.
LJ012-0204	8.099	102	852	They presented themselves about noon one day at the dissecting room of King's College Hospital, accompanied by a third man,
LJ012-0206	8.215	103	863	This man, May, asked the porter at King's College if "he wanted anything?" the euphemism for offering a body.
LJ012-0208	4.268	54	459	Reference was made to Mr. Partridge, the demonstrator in anatomy,
LJ012-0210	5.139	65	547	The porter received it, but from its freshness became suspicious of foul play.
LJ012-0212	6.160	78	656	The snatchers were detained, the police sent for, and arrest followed as a matter of course.
LJ012-0214	5.174	65	548	Carlo Ferrari, who made a living by exhibiting white mice about the streets,
LJ012-0216	3.386	43	367	Williams, and May had been concerned in the transaction.
LJ012-0218	7.530	95	793	At first nothing peculiar was found; but at a second search the back-garden ground was dug up,
LJ012-0220	3.420	43	368	were known to be what Ferrari had worn when last seen.
LJ012-0222	3.479	44	375	plainly pointing to the perpetration of other crimes.
LJ012-0226	6.961	88	738	This trial came off in due course at the Central Criminal Court, where the prisoners were charged on two counts,
LJ012-0228	3.420	43	366	The evidence from first to last was circumstantial,
LJ012-0230	7.867	99	828	Shortly before the day fixed for execution, Bishop made a full confession, the bulk of which bore the impress of truth,
LJ012-0232	7.391	93	780	He asserted that the victim was a Lincolnshire lad, and not an Italian boy, although the latter was fully proved.
LJ012-0236	6.102	77	648	Bishop's confession was endorsed by Williams, and the immediate result was the respite of May.
LJ012-0240	3.444	44	377	I will close this chapter with a brief account of another murder,
LJ012-0242	8.436	106	883	The horror with which Greenacre's crime struck the town was unparalleled since the time when Catherine Hayes slew her husband.
LJ012-0244	9.667	121	1013	The decapitation and dismemberment, the bestowal of the remains in various parts of the town, the preservation of the head in spirits of wine,
LJ012-0246	6.137	77	647	The murder in both cases was long a profound mystery. In this which I am now describing,
LJ012-0248	5.766	73	614	The inquest on these remains, which medical examination showed to be those of a female,
LJ012-0250	2.666	34	293	On the seventh July, eighteen thirty-seven,
LJ012-0252	5.731	72	605	Closer investigation proved that it belonged to the trunk already discovered on the second February.
LJ012-0254	4.547	57	484	where a workman found a bundle containing two human legs, in a drain.
LJ012-0256	8.517	107	895	and there was now evidence sufficient to establish conclusively that the woman thus collected piecemeal had been barbarously done to death.
LJ012-0258	9.202	116	969	a Mr. Gay of Goodge Street came to view the head, and immediately recognized it as that of a widowed sister, Hannah Brown,
LJ012-0260	8.459	106	883	The murdered individual was thus identified. The next step was to ascertain where and with whom she had last been seen.
LJ012-0262	6.799	85	719	whom she was to have married, and in whose company she had left her own lodgings to visit his in Camberwell.
LJ012-0264	6.509	82	691	a warrant was issued for his apprehension, which was effected at Kennington on the twenty-fourth March.
LJ012-0266	7.345	92	774	Greenacre, a stout, middle-aged man, wrapped in a brown greatcoat, assumed an air of insolent bravado;
LJ012-0268	4.489	57	480	Suspicion grew almost to certainty as the evidence was unfolded.
LJ012-0272	9.214	116	972	They were apparently good friends when last seen together at a neighbor's, where they seemed "perfectly happy and sociable, and eager for the wedding day."
LJ012-0274	2.875	36	312	and that in a moment of anger he knocked her down.
LJ012-0276	8.657	109	913	While she was senseless, but really still alive, he cut off her head, and dismembered the body in the manner already described.
LJ012-0278	8.053	101	847	and the most probable inference is that he inveigled Mrs. Brown to his lodgings with the set purpose of taking her life.
LJ012-0280	4.024	51	432	or of Gardelle's frantic efforts to conceal his crime.
LJ012-0282	2.770	35	303	This, wrapped up in a silk handkerchief,
LJ012-0284	8.540	107	900	It was not until he left the bus, and walked up by the Regent's Canal, that he conceived the idea of throwing the head into the water.
LJ012-0286	9.272	116	970	all of which, according to his own confession, made no doubt with the idea of exonerating Mrs. Gale, he accomplished without her assistance.
LJ012-0288	5.406	68	574	and was seen to be busily engaged in washing down the house with bucket and mop.
LJ012-0290	6.671	84	707	While conversing with Mrs. Brown, he declared the unfortunate woman was rocking herself to and fro in a chair;
LJ012-0292	5.893	74	625	Mrs. Brown fell with it, and Greenacre, to his horror, found that she was dead.
LJ012-0294	3.653	46	391	without hesitation brought in a verdict of willful murder.
LJ012-0296	8.227	103	862	The execution was, as usual, attended by an immense concourse, and Greenacre died amidst the loudest execrations.
LJ013-0002	3.804	48	405	As the century advanced crimes of fraud increased.
LJ013-0004	6.335	80	671	The most extensive and systematic robberies were planned and carried out so as long to escape detection.
LJ013-0006	7.658	96	801	who was convicted in eighteen forty-one of uttering false exchequer bills to an almost fabulous amount.
LJ013-0008	3.653	46	392	came to light in this same year, eighteen forty-one.
LJ013-0010	8.471	106	885	The 'Dryad' was a brig owned principally by two persons named Wallace, one a seaman, the other merchant.
LJ013-0012	8.111	102	850	Her owners insured her for a full sum of two thousand pounds, after which the Wallaces insured her privily
LJ013-0014	6.288	79	664	After this, on the faith of forced bills of lading, the captain, Loose by name,
LJ013-0016	7.948	100	838	It was fully proved in evidence that when the Dryad sailed she carried nothing but the cargo belonging to Zulueta and Co.
LJ013-0018	6.474	81	681	beef, pork, butter, and earthenwares, on all of which they effected insurances.
LJ013-0020	3.664	46	393	he acted in a manner which excited the suspicions of the crew.
LJ013-0022	8.297	104	870	The ship, however, met with exasperatingly fine weather, and it was not until the captain reached the West India Islands
LJ013-0024	4.709	59	499	At a place called the Silver Keys he ran the ship on the reef.
LJ013-0026	5.429	68	575	The 'Dryad' was got off, repaired, and her voyage renewed to Santa Cruz.
LJ013-0028	8.680	109	910	and at last, when within fifteen miles of port, with wind and weather perfectly fair, he ran her on to the rocks.
LJ013-0030	7.612	96	805	The captain and crew, however, got safely to Jamaica, and so to England; the captain dying on the voyage home.
LJ013-0032	6.706	84	705	Mate, carpenter, and crew were eager to disavow complicity, and voluntarily gave information.
LJ013-0034	5.510	69	581	The case was clearly proved against them, and both were sentenced to transportation for life.
LJ013-0036	8.761	110	922	According to their own statements the loss of the 'Dryad' was only one of six intentional shipwrecks with which they had been concerned.
LJ013-0038	9.272	116	970	The merchant Wallace said he had been led into the crime by the advice and example of a city friend who had gone largely into this nefarious business;
LJ013-0040	5.615	71	597	The other Wallace, the sailor, also traced his lapse into crime to evil counsel.
LJ013-0042	5.510	69	582	the foundations of which had been laid by buying old ships on purpose to cast them away.
LJ013-0044	5.917	74	620	and tempted him to take to fraudulent insurance as a certain method of achieving fortune.
LJ013-0046	6.126	77	647	but he would not take their advice, and developing his transactions, ended as we have seen.
LJ013-0048	9.585	120	1000	The Rev. W. Bailey, LL.D., was convicted at the Central Criminal Court, in February eighteen forty-three, of forgery.
LJ013-0050	2.689	34	293	But among the charges on the estate he left
LJ013-0052	4.593	58	489	The executors to the estate disputed the validity of this document.
LJ013-0054	7.716	97	814	then brought an action against the administrators, and at the trial Dr. Bailey swore that the note had been given him by Smith.
LJ013-0056	9.609	121	1007	Subsequently Bailey was arrested on a charge of forgery, and after a long trial found guilty. His sentence was transportation for life.
LJ013-0058	8.900	112	935	Joshua Fletcher a surgeon, and three others were charged with forging wills for the purpose of obtaining unclaimed stock in the funds.
LJ013-0060	3.200	40	342	In the first a maiden lady, Miss Slack,
LJ013-0062	2.689	34	294	to draw the dividends on more than one sum.
LJ013-0064	2.933	37	320	Barber, it was said, became aware of this,
LJ013-0066	7.914	99	828	By this means her signature was obtained; a forged will was prepared bequeathing the unclaimed stock to Miss Slack;
LJ013-0068	7.229	91	765	and a person calling herself Miss Slack duly attended at the bank, where the money was handed over to her in proper form.
LJ013-0070	7.345	92	774	Mrs. Hunt had left money in the funds which remained unclaimed, and had been transferred, as in Miss Slack's case.
LJ013-0072	2.712	34	296	It was shown that the will must be a forgery,
LJ013-0074	6.091	77	645	A third similar fraud to the amount of two thousand pounds was also brought to light.
LJ013-0076	4.407	56	473	and held all the threads of these intricate and nefarious transactions.
LJ013-0078	7.112	89	746	Barber was subsequently pardoned, but was not replaced on the rolls as an attorney till eighteen fifty-five,
LJ013-0080	8.784	110	921	the evidence to establish his (Barber's) connivance in the frauds was too doubtful for us to continue his exclusion any longer.
LJ013-0082	1.702	22	192	In eighteen forty-four
LJ013-0084	8.355	105	881	Burgess fraudulently transferred consols to the above amount, standing in the name of Mr. Oxenford, to another party.
LJ013-0086	9.365	118	992	Burgess, who was purposely on leave from the bank, effected the sale, which was paid for with a cheque for nearly the whole amount on Lubbock's Bank.
LJ013-0088	8.668	109	911	the cashier gave them eight Bank of England notes for one thousand pounds each, saying that they could get so much specie nowhere else.
LJ013-0090	3.873	49	419	But when the latter was filled with gold it was too heavy to lift,
LJ013-0092	9.446	119	999	The thieves, for Elder was soon joined by Burgess, drove together to Ben Caunt's, the pugilist's, public-house in St. Martin's Lane,
LJ013-0094	9.539	120	1000	The same evening both started for Liverpool, and embarking on board the mail steamer 'Britannia,' escaped to the United States.
LJ013-0096	8.540	107	896	Suspicions were aroused when it was found that he had been employed in selling stock for Mr. Oxenford, which developed into certainty
LJ013-0098	8.575	108	905	Mr. Oxenford having denied that he had made any transfer of stock, the matter was at once put into the hands of the police.
LJ013-0102	6.520	82	689	and thence to Halifax, whither he followed them, accompanied by a confidential clerk from the bank.
LJ013-0104	7.530	95	796	He found them at length residing at the latter place, one as a landed proprietor, the other as a publican.
LJ013-0106	3.223	41	347	The inn belonging to Burgess was surrounded
LJ013-0108	4.999	63	532	Next day a person betrayed him for the reward, and he was soon captured.
LJ013-0110	7.240	91	761	but four hundred sovereigns were found on Elder, while two hundred more were found in Burgess' effects.
LJ013-0112	6.834	86	723	Within a month or two the bank of Messrs. Rogers and Co., Clement's Lane, was broken into.
LJ013-0114	7.519	94	783	One night a quantity of plate was stolen from Windsor Castle; another time Buckingham Palace was robbed.
LJ013-0116	8.633	108	907	The butler, on the occasion of a death in the family, when the house was in some confusion, arranged with a burglar to come in,
LJ013-0118	9.342	117	982	The thief walked into the house in Belgrave Square, and openly carried off the plate-chest, deposited it in a light cart at the door, and drove away.
LJ013-0120	2.724	35	302	whom he had shown over the plate closet.
LJ013-0122	5.127	65	548	Stealing plate was about this period the crime of a more aristocratic thief.
LJ013-0124	2.805	36	308	who belonged to five good London clubs --
LJ013-0126	6.369	80	671	When one of these clubs was taken in at the Army and Navy, that establishment also suffered.
LJ013-0128	4.245	54	461	A watch was set on his house, in Allington Street, Pimlico,
LJ013-0130	6.242	79	663	where Ashley produced four silver spoons, and begged that his initials might be engraved upon them.
LJ013-0132	5.719	72	608	On a search of the prisoner's lodgings in Allington Street, a silver fork was found,
LJ013-0134	6.056	76	640	and it was contended that these with the files were used to alter the marks on the plate.
LJ013-0138	3.339	42	360	Ashley was the son of an army agent and banker,
LJ013-0140	7.914	99	829	A robbery of a somewhat novel kind was executed in rather a bungling fashion by Ker, a sea-captain,
LJ013-0142	5.638	71	595	Part of the freight were four hundred rough diamonds valued at four thousand pounds.
LJ013-0144	7.507	94	792	one of the owners had met her at Deal, but the captain had already absconded with the packages of precious stones in his pocket.
LJ013-0146	5.533	70	588	A Jew named Benjamin effected the sale to certain merchants named Blogg and Martin,
LJ013-0148	1.528	20	175	four thousand pounds
LJ013-0150	6.590	83	696	The moment it was discovered that the diamonds had disappeared, the affair was taken up by the police.
LJ013-0152	8.413	106	888	at Montreuil. He was arraigned at the Old Bailey, and the case fully proved. His sentence was seven years' transportation.
LJ013-0154	2.852	36	309	and the murderers immured within its walls.
LJ013-0156	6.230	78	657	a scion of the ducal house of Bedford, by his confidential valet and personal attendant.
LJ013-0158	5.522	70	590	One morning in May his lordship was found dead in his bed with his throat cut.
LJ013-0160	6.625	83	697	who, on going down early, was surprised to find the dining-room in a state of utter confusion;
LJ013-0162	4.965	63	533	a bundle lying on the floor, as though thieves had been interrupted in the act.
LJ013-0164	6.648	84	705	who came from his room ready dressed, a suspicious circumstance, as he was always late in the morning.
LJ013-0166	7.937	100	839	While Courvoisier opened the shutters, the housemaid, approaching the bed, saw that the pillow was saturated with blood.
LJ013-0168	4.593	58	489	That Lord William Russell had committed suicide was at once declared impossible.
LJ013-0170	6.323	80	671	the fresh marks of violence upon the door had evidently been made inside, and not from outside;
LJ013-0172	4.152	52	444	were found in the butler's pantry, used by Courvoisier.
LJ013-0178	5.533	70	590	Further suspicion was caused by the position of a book and a wax candle by the bedside.
LJ013-0180	5.998	75	630	The intention of the real murderer to shift the crime to burglars was evident although futile,
LJ013-0182	5.940	75	629	took Courvoisier into custody, and placed the two female servants under surveillance.
LJ013-0184	8.773	110	917	He had hung over the body in a state of dreadful agitation, answering no questions, and taking no part in the proceedings.
LJ013-0186	4.999	63	531	Behind the skirting board several of his lordship's rings were discovered;
LJ013-0188	8.680	109	910	Further investigation was rewarded by the discovery in the pantry of a split gold ring, used by Lord William to carry his keys on;
LJ013-0190	5.615	71	599	and at last his lordship's watch was found secreted under the leads of the sink.
LJ013-0192	9.028	113	941	but still he found friends, and a liberal subscription was raised among the foreign servants in London to provide funds for his defense.
LJ013-0194	7.472	94	788	but on the second day the discovery of fresh evidence, more particularly the recovery of some of Lord William's stolen plate,
LJ013-0196	8.448	106	889	This placed them in a position of much embarrassment. To have thrown up their brief would have been to have secured Courvoisier's conviction.
LJ013-0198	6.660	84	706	and in an impassioned address implored the jury not to send an innocent man to the gallows.
LJ013-0200	5.626	71	598	The jury without hesitation found Courvoisier guilty, and he was sentenced to death.
LJ013-0202	5.348	67	564	Coolness amounting almost to effrontery gave way to hopeless dejection.
LJ013-0204	8.041	101	847	he admitted that he had been justly convicted, and expressed great anxiety that his fellow-servants should be relieved from all suspicion.
LJ013-0206	5.777	73	618	Next morning he made a full confession in presence of his attorney, and the governor, Mr. Cope.
LJ013-0208	5.150	65	551	Lord William, according to the valet, was of a peevish, difficult temper;
LJ013-0210	6.126	77	650	Finally, on coming downstairs after bed-time, Lord William had found Courvoisier in the dining-room.
LJ013-0212	4.036	51	435	"You can have no good intentions; you must quit my service tomorrow morning."
LJ013-0214	8.471	106	892	who took a carving-knife from the sideboard in the dining-room, went upstairs to Lord William's bedroom, and drew the knife across his throat.
LJ013-0216	3.084	39	334	His account of his acts and movements after the deed
LJ013-0218	7.855	99	833	His last statement contains the words, "The public now think I am a liar, and they will not believe me when I say the truth."
LJ013-0220	6.671	84	704	that Courvoisier was idle, discontented, ready to take offense, greedy of gain;
LJ013-0222	5.603	71	597	he did not shrink from murder, both for revenge and to conceal his other crimes.
LJ013-0224	5.359	67	567	The attempt was to have been made by opening a vein and allowing himself to bleed to death.
LJ013-0226	4.814	61	515	The governor insisted, but Courvoisier showed great reluctance to strip.
LJ013-0228	6.764	85	720	In the pocket of the coat Mr. Cope, the governor, found a neatly-folded cloth, and asked what it was for.
LJ013-0230	9.156	115	960	The next inquiry was how he hoped to open a vein. "With a bit of sharpened stick picked out of the ordinary firewood."
LJ013-0232	4.872	61	519	The prisoner replied that he had left it in the mattress of which he had just been deprived.
LJ013-0234	6.091	77	650	The cloth above referred to belonged to the inner seam of his trousers, which he had managed to tear out.
LJ013-0240	5.359	67	567	Good was followed to his stables by a policeman, but obstinately denied the theft.
LJ013-0242	6.961	88	741	This increased when the officer, accompanied by two others, a neighbor and a bailiff, entered one of the stables.
LJ013-0244	8.204	103	865	Just at this moment, however, the searchers found concealed under two trusses of hay a woman's headless and dismembered trunk.
LJ013-0246	6.950	87	730	Some time elapsed before the imprisoned party could force open the doors, and by then the fugitive had escaped.
LJ013-0248	8.320	104	868	At the same time an overpowering odor attracted them to the adjoining harness-room, where the missing remains were raked out
LJ013-0250	4.709	59	499	In the same room a large axe and saw were found covered with blood.
LJ013-0252	7.809	98	819	One called his sister, but supposed to be his wife, had occupied a room in South Street, Manchester Square,
LJ013-0254	8.041	101	845	and evidence was given of close relation between Good and a third woman, a girl named Butcher, residing at Woolwich.
LJ013-0256	8.157	102	859	Good had told her, much to her perturbation, that she was to move from South Street to Roehampton, and one day he fetched her.
LJ013-0258	2.619	33	285	The poor creature was never seen again alive.
LJ013-0260	8.436	106	891	Good himself remained at large for some weeks. He had tramped as far as Tunbridge, where he obtained work as a bricklayer's laborer;
LJ013-0262	8.691	109	909	The woman where he lodged noticed that he was very restless at night, moaning and sighing much. Detection came unexpectedly.
LJ013-0264	7.252	91	768	In his effects were found the clothes he had on at the time of his escape from the stables, and under the jacket he was wearing
LJ013-0266	5.893	74	623	Good was committed to Newgate, and tried at the Central Criminal Court before a crowded court.
LJ013-0268	7.147	90	757	Good ladies and gentlemen all, I have a great deal more to say, but I am so bad I cannot say it.
LJ014-0004	8.239	103	863	brought passers-by and policemen to the spot, a lonely place near a dead wall beyond Belsize Hall, Hampstead,
LJ014-0008	9.423	118	989	His remark was, "It is a nasty job;" he took hold of the dead hand, and confessed that he felt "queer" at the shocking sight.
LJ014-0010	7.542	95	799	yet he could not overcome the strange fascination it had for him, and remained by the side of the corpse till the stretcher came.
LJ014-0012	8.157	102	854	It was here that the others engaged in their dismal office in removing the dead first got a good look at the stranger's face.
LJ014-0014	7.600	96	808	It was noticed that he wore a mackintosh. Next day the police, in making a careful search of the scene of the murder,
LJ014-0018	8.691	109	915	It came out by degrees that the person who had been seen in Belsize Lane on the night the body was found was a friend of the deceased.
LJ014-0020	8.262	104	868	He was soon afterwards arrested on suspicion, and a search of his lodgings brought to light several garments saturated with blood;
LJ014-0022	5.696	72	606	The letter found in the pocket of the deceased was sealed with a wafer marked F,
LJ014-0024	7.914	99	828	after several remands; but the case contained elements of doubt, and the evidence at the trial was entirely circumstantial.
LJ014-0026	9.214	116	967	running at a dog-trot into London, and others swore that they plainly recognized him as the man seen soon afterwards in the lane.
LJ014-0028	4.500	57	485	and he was in possession, the first time to her knowledge, of a watch.
LJ014-0030	4.256	54	455	These were damnatory facts which well supported the prosecution.
LJ014-0032	6.068	76	641	as the seducer of an innocent girl to whom he (Hocker) had been fondly attached.
LJ014-0034	8.564	108	904	Hocker, whose skill in counterfeiting handwriting was known, was asked to fabricate a letter making an assignation with Delarue
LJ014-0036	6.660	84	708	Hocker and the brother went to the spot, where the latter left him to meet his sister's seducer alone.
LJ014-0038	6.323	80	672	and proceeding to where they came from, found Delarue dead, slain by the furious brother.
LJ014-0040	5.696	72	606	that he rushed to a slaughterhouse in Hampstead and purposely stained his clothes with blood.
LJ014-0042	6.497	82	691	the first summed up dead against the prisoner, and the latter, after retiring for ten minutes, found him guilty.
LJ014-0044	9.295	117	975	He drew up several long statements, containing narratives purely fictitious, imputing crimes to his victim, and repeating his line of defense
LJ014-0046	8.831	111	925	Hocker made several pretended confessions and revelations, all of which were proved to be absolutely false by the police on inquiry.
LJ014-0048	8.285	104	873	But at the fatal hour his hardihood forsook him, and he was almost insensible when taken out of his cell for execution.
LJ014-0050	2.526	32	276	while Calcraft adjusted the noose.
LJ014-0052	9.551	120	1004	In November of the first-named year occurred the wholesale slaughter of the Jermys in their house, Stanfield Hall, by the miscreant Rush.
LJ014-0054	7.681	97	814	a maidservant, Sarah Thomas, murdered her mistress, an aged woman, by beating out her brains with a stone.
LJ014-0056	4.175	53	451	while in Ireland a wife dashed out her husband's brains with a hammer.
LJ014-0058	9.527	120	1004	These great criminals suffered at Horsemonger Lane Jail, but they were tried at the Central Criminal Court, and were for some time inmates of Newgate.
LJ014-0060	9.191	115	966	Marie de Roux up to the time of her marriage had been in service as lady's maid to Lady Blantyre, daughter of the Duchess of Sutherland,
LJ014-0062	5.533	70	596	He had failed in this as well as in the business of a publican, which he had at one time adopted.
LJ014-0064	8.633	108	906	He lived at Mile End, whence he walked often to call at three, Minver Place, Bermondsey, the residence of his old love.
LJ014-0066	9.643	121	1008	and by dint of usurious interest on small sums advanced to needy neighbors, had amassed as much as eight thousand pounds or ten thousand pounds.
LJ014-0068	6.903	87	729	At last this fiendish woman made up her mind to murder O'Connor and appropriate all his possessions.
LJ014-0070	7.832	98	825	a heavy brutish fellow, was yet aghast at his wife's resolve, and tried hard to dissuade her from bad purpose.
LJ014-0072	3.618	46	394	and that during the whole time he was never in his right senses.
LJ014-0074	5.510	69	583	One fine afternoon in August, O'Connor was met walking in the direction of Bermondsey.
LJ014-0076	7.101	89	746	He was seen afterwards smoking and talking with his hosts in their back parlor, and never seen again alive.
LJ014-0078	5.545	70	591	that she stood behind him as he stood near the open grave she herself had dug for him,
LJ014-0080	9.098	114	953	She ran upstairs, told her husband, made him go down to look at her handiwork, and as O'Connor was not quite dead,
LJ014-0082	6.207	78	657	After this Mrs. Manning changed her dress and went off in a cab to O'Connor's lodgings,
LJ014-0084	7.426	93	779	Returning to her own home, where Manning meantime had been calmly smoking and talking to the neighbors over the basement wall,
LJ014-0086	8.877	111	930	This job was not completed till the following day, as the hole had to be enlarged, and the only tool they had was a dust-shovel.
LJ014-0088	1.888	24	211	This was on a Thursday evening.
LJ014-0090	6.602	83	701	On the Sunday Mrs. Manning roasted a goose at this same kitchen fire, and ate it with relish in the afternoon.
LJ014-0092	6.787	85	714	The hole must have been excavated and the quicklime purchased quite three weeks before O'Connor met his death,
LJ014-0096	9.214	116	974	and at their request two police officers were sent to Bermondsey to inquire for him at the Mannings, with whom it was well known that he was very intimate.
LJ014-0098	6.787	85	713	The house was empty, bare and stripped of all its furniture, and its former occupants had decamped.
LJ014-0100	9.133	115	961	In the back kitchen one of the detectives remarked that the cement between certain stones looked lighter than the rest, and on trying it with a knife,
LJ014-0102	1.783	23	204	The stones were at once taken up;
LJ014-0104	3.722	47	399	Six inches lower the body of O'Connor was uncovered.
LJ014-0106	8.726	110	921	The lime had done its work so rapidly that the features would have been indistinguishable but for the prominent chin and a set of false teeth.
LJ014-0108	5.429	68	577	It was soon ascertained that the wife had gone off in a cab with a quantity of luggage.
LJ014-0110	6.114	77	650	At the first the boxes were impounded, opened, and found to contain many of O'Connor's effects.
LJ014-0112	5.394	68	571	A telegraphic message, then newly adapted to the purposes of criminal detection,
LJ014-0114	8.146	102	855	She had been to brokers to negotiate the sale of certain foreign railway stock, with which they had been warned from London not to deal,
LJ014-0116	5.313	67	564	Her arrest was planned, and, when the telegram arrived from London, completed.
LJ014-0118	7.890	99	830	Mrs. Manning was transferred to London and lodged in the Horsemonger Lane Jail, where her husband soon afterwards joined her.
LJ014-0120	9.632	121	1008	Each tried to throw the blame on the other; Manning declared his wife had committed the murder, Mrs. Manning indignantly denied the charge.
LJ014-0122	5.742	72	607	A great number of distinguished people assembled as usual at the Old Bailey on the day of trial.
LJ014-0124	9.179	115	965	Manning, who was dressed in black, appeared to be a heavy, bull-necked, repulsive-looking man, with a very fair complexion and light hair.
LJ014-0126	8.041	101	847	her face was comely, she had dark hair and good eyes, and was above the middle height, yet inclined to be stout.
LJ014-0128	8.297	104	871	her hair was dressed in long crepe bands. She had lace ruffles at her wrist, and wore primrose-colored kid gloves.
LJ014-0130	4.071	51	435	Manning, when sentence of death was passed on him, said nothing;
LJ014-0134	4.814	61	520	that O'Connor had been more to her than her husband, that she ought to have married him.
LJ014-0136	5.963	75	631	the culprit was really her husband, who killed O'Connor out of jealousy and revengeful feelings.
LJ014-0138	8.111	102	857	Mrs. Manning became still more violent, shouting, "No, no, I will not stand it! You ought to be ashamed of yourselves!"
LJ014-0140	3.955	50	422	After judgment was passed she repeatedly cried out Shame!
LJ014-0142	5.754	72	610	was strewn in front of the dock, and sprinkled it towards the bench with a contemptuous gesture.
LJ014-0144	8.006	101	844	She uttered loud imprecations, cursing judge, jury, barristers, witnesses, and all who stood around.
LJ014-0147	4.105	52	444	shaking her clenched and manacled hands in the officers' faces.
LJ014-0151	3.270	41	349	Later her mood changed to abject despair.
LJ014-0153	6.636	83	697	After this, until the day of execution, she recovered her spirits, and displayed reckless effrontery,
LJ014-0155	4.372	55	466	Now she abused the jury, now called Manning a vagabond,
LJ014-0157	7.507	94	784	Nevertheless, she attempted to commit suicide by driving her nails, purposely left long, into her throat.
LJ014-0159	5.650	71	598	Manning's demeanor was more in harmony with his situation, and the full confession he made
LJ014-0161	6.718	84	707	The actual execution, which took place at another prison than Newgate, is rather beyond the scope of this work.
LJ014-0163	5.383	68	576	who wrote to the 'Times,' saying that he believed "a sight so inconceivably awful
LJ014-0165	8.796	110	904	and presented by no heathen land under the sun.
LJ014-0167	6.927	87	735	When I came upon the scene at midnight, the shrillness of the cries and howls that were raised from time to time,
LJ014-0169	8.157	102	858	It will be in the memory of many that Mrs. Manning appeared on the scaffold in a black satin dress, which was bound tightly round her waist.
LJ014-0171	8.494	107	895	I will briefly describe one or two of the more remarkable murders in the years immediately following, then pass on to another branch of crime.
LJ014-0173	7.496	94	790	It was understood also that he had served in the army as a private, and had, moreover, undergone a sentence of transportation.
LJ014-0175	9.539	120	1007	When lying under sentence of death in Newgate, he was visited by a lady, a gentlewoman in every sense of the word, who was said to be his sister.
LJ014-0177	5.522	70	593	and he must have been at the end of his resources when he committed the crime for which he suffered.
LJ014-0179	9.458	119	1000	a working jeweler, shopman to a Mr. Berry of Parliament Street. It was Cope's duty to stay in the shop till the last, close the shutters,
LJ014-0181	6.811	86	726	Cope, a small man, crippled, and of weakly constitution, was alone in the shop about nine:thirty.
LJ014-0183	2.526	32	277	meaning to kill him and rifle the shop.
LJ014-0185	8.924	112	937	and bystanders peeped in through the shutters, but no one entered or sought to interfere in what seemed only a domestic quarrel.
LJ014-0187	9.016	113	948	Lerigo, was also attracted by the noise of the row, but after walking a few paces he felt dissatisfied, and returned to the spot.
LJ014-0189	3.920	49	417	Lerigo turned for assistance to take the man into custody.
LJ014-0191	3.792	48	407	Marley ran along the street, down into Cannon Row
LJ014-0193	5.998	75	635	Escorted by his two captors, Marley was taken back into Parliament Street to the jeweler's shop.
LJ014-0195	9.063	114	953	two of them supported Cope, who was still alive, although insensible, and Marley was apprehended. The evidence against him was completed
LJ014-0197	4.930	62	525	the police magistrate, that Marley was the man who had beaten him to death.
LJ014-0199	7.890	99	829	there was no case to make out; why waste money on lawyers for the defense? His demeanor was cool and collected throughout;
LJ014-0201	9.005	113	943	After sentence, the Newgate officers who had special charge of him noticed that he slept well and ate well, enjoying all his meals.
LJ014-0203	6.927	87	738	the great clock of St. Sepulchre's close by was striking the hour, and Marley, who had his elbows on the table,
LJ014-0205	6.265	79	667	On the dread morning he came out to execution quite gaily, and tripped up the stairs to the scaffold.
LJ014-0207	4.698	59	499	The former was given a reward of twenty and the latter of ten pounds.
LJ014-0209	6.451	81	677	was perpetrated in eighteen fifty-two. The case was accompanied with the most shocking brutality.
LJ014-0213	6.741	85	718	Dwyer found Cannon bleeding profusely from a wound in the head, and persuaded him to go to a doctor's.
LJ014-0215	6.044	76	641	threw the constable on his back, and violently assaulted him by jumping on his chest and stomach,
LJ014-0217	8.842	111	934	Dwyer managed to overpower his assailant, and got to his feet; but Cannon butted at him with his head, and again threw him to the ground,
LJ014-0219	9.086	114	957	Once more Dwyer got to his feet, and managed, by drawing his staff, to keep Cannon at bay until a second constable came to his aid.
LJ014-0221	5.742	72	605	On the contrary, many of them encouraged the brutal assailant in his savage attack.
LJ014-0223	5.533	70	590	The judge, in passing sentence of death, told him he richly deserved the punishment.
LJ014-0225	5.197	65	549	A handsome sum was subscribed for the injured constable, who was disabled for life.
LJ014-0227	3.595	45	386	One of these was Mobbs, who lived in the Minories,
LJ014-0229	7.403	93	777	Mobbs systematically ill-used his wife for a long space of time, and at last cut her throat.
LJ014-0231	2.039	26	228	Emmanuel Barthelemy again,
LJ014-0233	6.300	79	662	he shot an old soldier who had attempted to detain him. He was convicted and executed.
LJ014-0235	5.928	75	629	I want forgiveness of man; I want those doors (of the prison) opened.
LJ014-0237	3.792	48	408	I will now pass to grave but less atrocious crimes.
LJ014-0239	8.633	108	902	which followed each other at no long intervals, which had a strong family likeness, and originated all of them to make money easily,
LJ014-0241	6.567	83	697	Walter Watts was an inventor, a creator, who struck an entirely new and original line of crime.
LJ014-0243	8.958	112	932	he with unusual quickness of apprehension discovered and promptly turned to account an inexcusably lax system of management,
LJ014-0245	6.787	85	718	It was the custom in this office to make the banker's passbook the basis of the entries in the company's ledgers.
LJ014-0247	5.185	65	548	and without reference to or comparison with the documents in which the payment was claimed.
LJ014-0249	7.832	98	822	The cheques drawn by the directors also passed through his hands; to him too they came back to be verified and put by,
LJ014-0251	5.928	75	630	In this way Watts had complete control over the whole of the monetary transactions of the company.
LJ014-0253	3.560	45	388	there was no independent check upon him if he chose to tamper with it.
LJ014-0255	9.283	117	977	continually altering, erasing, and adding figures to correspond with and cover the abstractions he made of various cheques as they were drawn.
LJ014-0257	7.693	97	817	was a mass of blots and erasures, should not have created suspicion of foul play either at the bank or at the company's board.
LJ014-0259	1.702	22	194	Watts led two lives.
LJ014-0261	6.265	79	668	He rode a priceless hack in Rotten Row, or drove down to Richmond in a mail phaeton and pair.
LJ014-0263	6.555	82	690	When other pleasures palled he took a theatre, and posed as a munificent patron of the dramatic art.
LJ014-0265	4.744	60	507	and later he became manager of the newly rebuilt Olympic at Wych Street.
LJ014-0267	8.564	108	904	others that he had had extraordinary luck as a gold-digger. Had his West End and little-informed associates followed him into the city,
LJ014-0269	7.681	97	811	and walk forward on foot to enter as a humble and unpretending employee the doors of the Globe Assurance office.
LJ014-0272	7.391	93	775	and eighteen fifty to embezzle and apply to his own purposes some seventy-one thousand pounds.
LJ014-0274	6.021	76	640	Rumors were abroad that serious defalcations had been discovered in one of the insurance offices,
LJ014-0276	8.958	112	935	Watts's crime was discovered by the secretary of the Globe Company, who came suddenly upon the extensive falsification of the passbook.
LJ014-0278	8.691	109	908	The latter, when first taxed with his offense, protested his innocence boldly, and positively denied all knowledge of the affair;
LJ014-0280	5.104	64	539	But it was proved that Watts had appropriated one cheque for fourteen hundred pounds,
LJ014-0285	2.759	35	305	and not for the slight offense as it appeared on the record.
LJ014-0287	9.562	120	1001	He had been led to suppose that twelve months' imprisonment was the utmost the law could inflict, and he broke down utterly under the unexpected blow.
LJ014-0289	7.287	92	774	The details of the suicide were given at the inquest. Watts had been in ill-health from the time of his first arrest.
LJ014-0291	7.170	90	758	he showed symptoms of delirium tremens, and admitted that he had been addicted to the excessive use of stimulants.
LJ014-0293	3.211	41	353	He returned from court in a state of gloomy dejection,
LJ014-0295	5.383	68	577	This man got up to look for him, and found him hanging from the bars of a neighboring room.
LJ014-0297	4.756	60	511	The prison officers were called, but Watts was quite cold and stiff when he was cut down.
LJ014-0299	5.626	71	599	that of a prize-fighter named Donovan, tried the same day, and convicted of manslaughter.
LJ014-0301	7.786	98	814	In eighteen fifty-three a second case of gigantic fraud alarmed and scandalized the financial world.
LJ014-0303	8.018	101	845	Nothing to equal the excitement caused by the forgeries of Robert Ferdinand Pries had been known before in the city of London.
LJ014-0305	6.903	87	728	So enormous were his transactions, that they often affected the markets, and caused great fluctuations in prices.
LJ014-0307	7.867	99	828	were intended by the protectionists to depress the wheat market, and secure the support of the farmers at the forthcoming election;
LJ014-0309	9.283	117	973	Few realized that these mysterious operations were the "convulsive attempt" of a ruined and dishonest speculator to sustain his credit.
LJ014-0311	3.002	38	326	His extensive business had been carried on by fraud.
LJ014-0313	9.690	122	1015	In this way he obtained vast sums from several firms, and one to which he was indebted upwards of fifty thousand pounds subsequently stopped payment.
LJ014-0315	8.912	112	935	through a dishonored cheque for three thousand pounds, paid over as an installment of eighteen thousand pounds owing for an advance on warrants.
LJ014-0317	5.789	73	615	Pries was lodged in Newgate, tried at the Old Bailey, and transported for life.
LJ014-0320	9.283	117	974	proposed to gain the capital he needed for business purposes by raising money on dock warrants for imported goods which had no real existence.
LJ014-0322	5.615	71	598	The dock warrant was issued by the wharfinger as certificate that he held the goods.
LJ014-0324	7.751	97	815	Cole's plan was to have a wharf of his own, nominally occupied by a creature trading as Maltby and Co.
LJ014-0326	8.239	103	866	Maltby and Co. would issue warrants on them deliverable to the importer, and the goods were then passed to be stored in neighboring warehouses.
LJ014-0328	6.741	85	714	Cole quickly raised money on both sets of warrants. He carried on this game for some time with great success,
LJ014-0330	2.109	27	234	He had several narrow escapes.
LJ014-0332	5.719	72	607	Cole escaped by throwing the blame on a careless partner, and at once removed the "stop."
LJ014-0334	8.134	102	855	Cole found out where they were, and redeemed them at a heavy outlay, thus obtaining business relations with the firm that held them,
LJ014-0336	6.996	88	741	Last of all, the well-known bankers Overend and Gurney, whose own affairs created much excitement some years later,
LJ014-0338	3.467	44	373	These bankers, wishing for more specific information,
LJ014-0340	9.458	119	1000	They could not deny that the latter was the truth, and were forthwith stigmatized by Mr. Chapman, Overend and Gurney's representative, as rogues.
LJ015-0002	9.144	115	961	The course of the swindlers was by no means smooth, but it was not till eighteen fifty-four that suspicion arose that anything was wrong.
LJ015-0004	4.198	53	450	The goods having no existence, Cole of course could not deliver them.
LJ015-0006	8.331	105	877	who had fraudulent warrants out of their own to the extent of one hundred fifty thousand pounds, suspended payment and absconded.
LJ015-0008	6.160	78	654	These indeed were out to the value of three hundred sixty-seven thousand, eight hundred pounds.
LJ015-0010	1.911	24	209	Cole now suspended payment.
LJ015-0012	5.650	71	597	Cole too was apprehended, and in due course tried at the Central Criminal Court.
LJ015-0014	3.896	49	414	Davidson and Gordon were also sentenced to imprisonment.
LJ015-0016	5.975	75	631	the failure and subsequent sentence of the bankers Messrs. Strahan, Paul, and Bates,
LJ015-0018	7.774	98	822	and dated back to the Commonwealth, when, under the title of Snow and Walton, it carried on business as pawnbrokers.
LJ015-0020	8.842	111	925	he was a man esteemed and respected in society and the world of finance, incapable as it was thought of a dishonest deed.
LJ015-0022	7.159	90	755	he was himself a prominent member of the Low Church, of austere piety, active in all good works.
LJ015-0024	5.185	65	547	but that he might strengthen it by his long experience and known business capacity.
LJ015-0026	6.335	80	671	Moreover, the partners were sober, steady men, who paid unremitting attention to business.
LJ015-0028	8.227	103	865	the bank was insolvent, and instead of starting on a fresh life with a new name, it should then and there have closed its doors.
LJ015-0030	2.944	37	317	The bank had been conducted on false principles;
LJ015-0032	2.120	27	235	and on the other by backing up
LJ015-0034	5.464	69	583	The engagements of the bank on these two heads amounting to nearly half a million of money,
LJ015-0036	2.143	27	235	The bank was already insolvent,
LJ015-0038	3.873	49	417	They chose, unhappily for themselves, the latter alternative.
LJ015-0040	5.905	74	622	This borrowing continued, and on such a scale that their paper was soon at a discount,
LJ015-0042	8.575	108	902	Then it was that instead of merely pledging securities, the bank sold them outright, and thus passed the Rubicon of fraud.
LJ015-0044	6.416	81	679	with money enough to retrieve the position of the bank. But that passed from bad to worse;
LJ015-0046	5.162	65	548	then came a run on the bank, and it was compelled to stop payment.
LJ015-0048	5.243	66	556	But worse than the bankruptcy was the confession made by the partners in the court.
LJ015-0050	3.943	50	422	Following this, warrants were issued for their arrest,
LJ015-0052	2.480	32	276	to the value of twenty thousand pounds.
LJ015-0054	9.016	113	944	Police officers went down at night to Nutfield, near Reigate, and arrested Sir John Paul, but allowed the prisoner to sleep there.
LJ015-0056	4.767	60	508	Mr. Strahan was arrested at a friend's house in Bryanston Square.
LJ015-0058	4.581	58	491	Bates, the least guilty, was pardoned in eighteen fifty-eight.
LJ015-0060	3.978	50	424	will long be remembered both within and without the commercial world.
LJ015-0062	4.930	62	524	but in neither did the sums misappropriated reach quite the same high figure.
LJ015-0066	5.174	65	548	His proclivities were theatrical, and he was the author of several plays,
LJ015-0068	5.859	74	625	He began life as a law-writer, earning thereby some fifteen or eighteen shillings a week;
LJ015-0070	4.071	51	434	whence he passed to a better position under the Crystal Palace Company.
LJ015-0072	7.333	92	770	He had a pleasant address, showed good business aptitudes, and quickly acquired the approval of his superiors.
LJ015-0076	3.955	50	423	Some time elapsed before Robson succumbed to temptation.
LJ015-0078	7.530	95	791	who preferred to risk his future reputation and liberty to the present discomfort of living upon narrow means.
LJ015-0080	9.330	117	975	Shares in the company were represented by certificates, which often enough never left the company's, or more exactly Robson's, hands.
LJ015-0082	8.715	109	910	He took it for granted that the certificates representing these bogus shares, and which practically did not exist, would never be called for.
LJ015-0084	8.993	113	936	till the defalcations from fraudulent transfers and fraudulent issues combined amounted to twenty-seven thousand pounds.
LJ015-0086	2.735	35	302	He kept open house at Kilburn Priory;
LJ015-0088	8.773	110	920	To his wife, poor soul, he made no pretense of fidelity, and she enjoyed only so much of his company as was necessarily spent
LJ015-0092	8.099	102	854	When his friends asked why he, a wealthy man of independent means, continued to slave on as a clerk on a pittance,
LJ015-0096	9.133	115	959	whether representing real or fictitious shares does not appear; but they were certificates connected in some way with Robson's long practiced frauds
LJ015-0098	2.886	37	319	Robson said they were at Kilburn Priory.
LJ015-0100	7.275	91	763	They drove there, and Robson on arrival did the honors of his house, rang for lunch to gain time,
LJ015-0102	3.026	38	329	He came back to explain that he had mislaid them.
LJ015-0104	9.492	119	997	Robson again left him, but only to gather together hastily all the money and valuables on which he could lay his hands, with which he left the house.
LJ015-0106	3.955	50	425	A reward was forthwith offered for Robson's apprehension.
LJ015-0108	4.384	55	467	where a fish curry and a brace of partridges were set before him,
LJ015-0110	3.374	43	368	After dinner he went into hiding for a day or two,
LJ015-0112	7.194	90	754	But the continental police had been warned to look out for him, and two Danish inspectors got upon his track,
LJ015-0114	6.009	76	638	Thence he was transferred to Copenhagen and surrendered in due course to a London police officer.
LJ015-0116	7.960	100	838	When brought to trial he took matters very coolly, and at first pleaded "Not Guilty," but subsequently withdrew the plea.
LJ015-0118	7.182	90	753	paid him the compliment of describing him as "a young man of great intelligence, considerable powers of mind,
LJ015-0120	8.958	112	931	Robson was found guilty, and sentenced to two terms of transportation, one for twenty and one for fourteen years.
LJ015-0122	5.313	67	567	but who had all the appearance of a careless, thoughtless, happy-go-lucky fellow.
LJ015-0124	4.640	58	489	but it was based upon more extended and audacious forgeries.
LJ015-0126	9.191	115	957	This offered him great facilities for the creation of artificial stock, its sale from a fictitious holder, and transfer to himself.
LJ015-0128	5.719	72	605	but he bought bona fide amounts, and increased their value by altering the figures,
LJ015-0130	8.738	110	919	fifteen hundred pounds, which larger amount was duly carried to his credit on the register, and entered upon the certificates of transfer.
LJ015-0132	9.492	119	991	The total amount was never exactly made out, but the false stock created and issued by him was estimated at two hundred twenty thousand pounds.
LJ015-0134	9.063	114	952	had assets in the shape of land, house, furniture, pictures, and objets d'art to the value of fifty thousand pounds.
LJ015-0136	6.938	87	730	First a lawyer's clerk, he then got an appointment in the Peninsular and Oriental Company's office;
LJ015-0138	1.807	23	201	His fault was generosity,
LJ015-0140	5.545	70	588	After his bankruptcy he obtained a place as clerk in the Great Northern Railway office,
LJ015-0142	6.950	87	728	He soon proved his ability, and by unremitting attention mastered the whole work of the office.
LJ015-0144	5.893	74	621	developed to a colossal extent the frauds he had already practiced as a subordinate.
LJ015-0146	5.185	65	554	He had a nice taste in bric-à-brac, and was considered a good judge of pictures.
LJ015-0148	3.084	39	334	The choicest wines, the finest fruits,
LJ015-0150	7.101	89	747	But his chief extravagance, his favorite folly, was the exercise of an ostentatious benevolence.
LJ015-0152	4.999	63	529	His name headed every subscription list; his purse was always open.
LJ015-0154	6.230	78	654	When the crash came there were pensioners and other recipients of his bounty who could not believe
LJ015-0156	7.205	91	764	Down at Weybridge, where he had a country place, his name was long remembered with gratitude by the poor.
LJ015-0158	6.497	82	689	of the St. Ann's Society, and one of the supporters and managers of the Patriotic Fund.
LJ015-0160	7.298	92	773	he patronized the best tailors, and had a fashionable coiffeur from Hanover Square daily to curl his hair.
LJ015-0162	8.540	107	898	Just after Robson's frauds had agitated the minds of all directors of companies, the chairman of the Great Northern (Mr. Denison)
LJ015-0164	5.696	72	605	Redpath passed and lifted his hat to his chairman; the latter acknowledged the salute.
LJ015-0168	8.355	105	878	but the chairman of the Great Northern could not realize that a clerk of the company could honestly be in the possession of unlimited wealth.
LJ015-0172	4.071	51	432	The inquiry soon revealed the colossal character of the frauds.
LJ015-0174	5.278	66	556	Thither police officers followed, only to find that he had returned to London.
LJ015-0176	5.893	74	620	He was arrested, examined before a police magistrate, and committed to Newgate.
LJ015-0178	8.633	108	901	The Stock Market was greatly affected, and society, more especially that which frequents Exeter Hall, was convulsed.
LJ015-0180	6.950	87	728	was densely crowded, and many curious eyes were turned upon the somewhat remarkable man who occupied the dock.
LJ015-0182	3.757	47	399	and thoroughly embodying the idea of English respectability.
LJ015-0184	3.815	48	411	and he looked about him with wayward, furtive glances.
LJ015-0186	5.522	70	584	and received his sentence of transportation for life without much surprise.
LJ015-0188	5.777	73	617	But his name lingers still in this country as that of the first swindler of his time,
LJ015-0190	6.346	80	673	that of dishonest rogues who assume piety and philanthropy as a cloak for their misdeeds.
LJ015-0192	7.066	89	746	From the moment of his reception he gave himself great airs, as a martyr and a man heavily wronged.
LJ015-0194	5.789	73	616	and behaved so as to justify a belief that he had been a jail-bird all his life.
LJ015-0196	7.902	99	833	Highway robberies, for instance, had disappeared, if we except the spasmodic and severely repressed outbreak of "garotting,"
LJ015-0198	6.253	79	666	It was no longer possible to stop a coach or carriage, or rob the postman who carried the mail.
LJ015-0200	5.859	74	622	only when single and unprotected were they in any danger of attack, and that but rarely.
LJ015-0202	5.847	74	622	The precious metal was sent from place to place carefully locked up and guarded, no doubt;
LJ015-0204	5.046	64	539	This was the question which presented itself to the fertile brain of one Pierce,
LJ015-0206	8.076	101	842	He laid the suggestion before Agar, a professional thief, who was of opinion it contained elements of success.
LJ015-0208	9.167	115	961	they sounded one Burgess, a guard on the South-Eastern Railway, a line by which large quantities of bullion were sent to the Continent.
LJ015-0210	7.449	94	787	The gold, packed in an iron-bound box, was securely lodged in safes locked with patent Chubbs.
LJ015-0212	6.578	83	695	One pair was with the traffic superintendent in London, another with an official in Folkestone,
LJ015-0214	4.581	58	490	At the other side of the Channel the French railway authorities took charge.
LJ015-0216	8.215	103	864	This was an important step, and they might easily be robbed some day when Burgess was the guard, provided only that they could be opened.
LJ015-0218	7.855	99	829	A new accomplice was now needed within the company's establishment, and Pierce looked about long before he found the right person.
LJ015-0220	2.944	37	316	The four waited patiently for their opportunity,
LJ015-0222	3.838	48	411	in such a way that Tester had possession of this key for a time.
LJ015-0224	3.188	40	344	the difficulty was to get a copy of the second key.
LJ015-0226	7.542	95	798	After hanging about the Folkestone office for some time, they saw at last that the key was kept in a certain cupboard.
LJ015-0228	8.122	102	851	Pierce boldly stepped in, found the cupboard unlocked; he removed the key, handed it to Agar outside,
LJ015-0230	8.842	111	924	After this nothing remained but to wait for some occasion when the amount transmitted would be sufficient to justify the risks of robbery.
LJ015-0232	4.709	59	495	Meanwhile the others completed their preparations with the utmost care.
LJ015-0234	4.326	55	468	Courier bags were bought to carry the "stuff" slung over the shoulders;
LJ015-0238	8.192	103	863	The thieves took first-class tickets, handed their bags full of shot to the porters, who placed them in the guard's van.
LJ015-0240	2.991	38	328	Agar at once got to work on the first safe.
LJ015-0242	4.407	56	479	re-fastened and re-sealed the bullion box, and replaced it in the safe.
LJ015-0244	7.333	92	773	At the same station Pierce joined Agar in the guard's van, and there were now three to carry on the robbery.
LJ015-0246	7.321	92	772	The train was now approaching Folkestone, and Agar and Pierce hid themselves in a dark part of the van.
LJ015-0248	9.701	122	1014	with Ostend tickets previously procured, returned to London without mishap, and by degrees disposed of much of the stolen gold.
LJ015-0250	7.066	89	747	and the theft might have remained a mystery but for the subsequent bad faith of Pierce to his accomplice Agar.
LJ015-0252	2.840	36	311	When he knew that he could not escape his fate,
LJ015-0254	6.602	83	698	together with the unrealized part of the bullion, amounting in all to some fifteen thousand pounds,
LJ015-0256	5.777	73	614	Pierce made Kay only a few small payments, then appropriated the rest of the money.
LJ015-0258	6.230	78	655	went to the police in great fury and distress, and disclosed all she knew of the affair.
LJ015-0260	8.877	111	927	As the evidence he gave incriminated Pierce, Burgess, and Tester, all three were arrested and committed to Newgate for trial.
LJ015-0262	5.684	72	608	came out at the Old Bailey, and was acknowledged to be one of the most extraordinary on record.
LJ015-0264	9.028	113	947	The series of boldly-conceived and cleverly-executed forgeries in which James Townshend Saward, commonly called "Jem the Penman,"
LJ015-0268	9.701	122	1014	Instead of following an honorable profession, he preferred to turn his great natural talents and ready wits to the most nefarious practices.
LJ015-0270	3.780	48	409	cheques and bills, of which he made a particular use.
LJ015-0272	7.287	92	773	and it was to him that Agar, Pierce, and the rest applied when seeking to dispose of their stolen bullion.
LJ015-0274	3.281	42	356	His method was comprehensive and deeply laid.
LJ015-0276	9.330	117	975	Cheques blank and canceled were his stock-in-trade. The former he filled up by exact imitation of the latter, signature and all.
LJ015-0278	6.044	76	635	commencing sham actions, and addressing formal applications, merely for the reply.
LJ015-0280	7.391	93	781	was the return from transportation of an old "pal" and confederate, who brought with him some bills of exchange.
LJ015-0282	7.275	91	763	Like his great predecessor Old Patch, he never went to a bank himself, nor did any of his accomplices.
LJ015-0284	6.753	85	711	In order to obtain messengers of this sort, Saward answered advertisements of persons seeking employment,
LJ015-0286	2.689	34	294	A confederate followed the emissary closely,
LJ015-0288	3.908	49	416	so that Saward and the rest might make themselves scarce.
LJ015-0290	5.023	63	532	the forgers always escaped detection. But fate overtook two of the gang,
LJ015-0292	9.667	121	1015	One named Hardwicke assumed the name of Ralph, and, to obtain commercial credit in Yarmouth, paid in two hundred fifty pounds to a Yarmouth bank
LJ015-0294	6.126	77	650	He forgot to add that it was to be placed to Ralph's credit, and when he called as Ralph,
LJ015-0296	4.222	53	453	Hardwicke, or "Ralph," appealed to Saward in his difficulty
LJ015-0298	5.789	73	616	But while Hardwicke was in communication with Saward, the bank was in communication with London
LJ015-0300	5.290	67	568	Saward's letter to Hardwicke fell into the hands of the police and compromised him.
LJ015-0306	3.711	47	400	and the whole scheme of systematic forgery was laid bare.
LJ015-0308	7.054	89	745	and others who swore to the meetings of the conspirators and their movements. Saward was found guilty,
LJ015-0310	3.722	47	398	which had received so perverted and mistaken direction,
LJ015-0312	5.034	63	534	The proceeds of these forgeries amounted, it was said, to some thousands per annum.
LJ015-0314	8.181	103	861	He was in person a short, square-built man of gentlemanly address, sharp and shrewd in conversation and manner.
LJ016-0002	5.452	69	584	The old notion always prevailed that Newgate was impregnable, so to speak, from within,
LJ016-0004	5.800	73	615	Yet the jail, in spite of its fortress-like aspect, was by no means really safe.
LJ016-0006	4.314	54	455	The inspectors' reports mention many cases of evasion accomplished.
LJ016-0008	8.738	110	915	Charles Thomas White, awaiting execution for arson, made a desperate effort to escape from Newgate in eighteen twenty-seven.
LJ016-0010	7.461	94	791	and had he but been able to remove its iron bars, he might have descended into Newgate Street by means of a rope ladder.
LJ016-0012	2.759	35	302	the instruments needed for the purpose never reached him.
LJ016-0014	7.786	98	822	Sewn in between the upper and lower leathers several spring saws were found, which would have easily cut through any bars.
LJ016-0016	6.544	82	691	There is an attempt at escape mentioned in Mr. Wakefield's book, which might have been an intended suicide.
LJ016-0018	6.869	86	725	On the very morning on which he was to suffer he eluded the vigilance, such as it was, of his officers
LJ016-0020	5.522	70	592	He never reached the cistern, but fell back into the yard, injuring his legs severely.
LJ016-0022	1.807	23	202	A harrowing scene followed;
LJ016-0024	7.391	93	778	A more daring and skilful escape was effected in eighteen thirty-six by the chimney-sweep Henry Williams,
LJ016-0026	6.648	84	706	managed to get away in the very same spot where his namesake had nine years before so miserably failed.
LJ016-0028	8.807	111	931	and would certainly have been impossible to any one less nimble than a chimney-sweep, trained under the old system to ascend the most intricate flues.
LJ016-0030	5.116	64	540	they preferred to credit it to carelessness or collusion from officers of the jail.
LJ016-0032	4.605	58	491	Williams as a capital convict was lodged in the press-yard or condemned ward.
LJ016-0034	4.431	56	479	In one corner of the airing yard stood a cistern at some height from the ground;
LJ016-0036	7.705	97	816	About fifty feet from the ground level, and above the cistern, a revolving chevaux-de-frise of iron was fixed,
LJ016-0038	7.774	98	820	in the wall above the chevaux-de-frise projected a series of iron spikes sharp enough to forbid further ascent.
LJ016-0040	8.552	107	896	His first task was to gain the top of the cistern; this he effected by keeping his back to one side of the angle,
LJ016-0044	5.777	73	614	and was compelled to work along the railing round three-quarters of the square of the yard,
LJ016-0046	5.580	70	587	the spikes of the railing penetrated his flesh and made progression slow and difficult.
LJ016-0048	2.480	32	276	a distance of eight or nine feet.
LJ016-0050	3.258	41	350	His next job was to descend outside Newgate.
LJ016-0052	8.215	103	864	he passed to the top of the ordinary's residence, hoping to find an open sky-light by which he might enter and so work downstairs.
LJ016-0054	6.091	77	651	But he did not like the risk of entering a room by the fireplace, and the chances of detection it offered.
LJ016-0058	2.782	35	302	he worked along to the roofs in Warwick Lane.
LJ016-0060	4.523	57	484	Williams concealed himself behind a chimney till she had re-entered her garret,
LJ016-0062	2.445	31	267	She suffered him to pass downstairs.
LJ016-0064	5.255	66	559	when he explained that he was running away from the gallows they left him the road clear.
LJ016-0066	3.676	46	394	Denied admission everywhere as a ragged, half-naked beggar,
LJ016-0068	6.485	82	687	and continued his march to Kingston, where he slept soundly under a hedge till next morning.
LJ016-0070	6.776	85	722	from a widow woman, who gave him "bub and grub," or food and one-and-sixpence, for every nine days' work.
LJ016-0072	6.555	82	688	where he presently committed a burglary at Lymington, was caught, and lodged in Winchester Jail.
LJ016-0074	7.937	100	837	The success, although very short-lived, which attended him, no doubt inspired other inmates of Newgate to follow his example.
LJ016-0076	9.028	113	945	Even then, however, irons across barred the ascent after a certain distance, and in no one case did a fugitive get clear away.
LJ016-0078	5.882	74	625	but had to come down again covered with soot and filth just as the officers entered the ward.
LJ016-0080	8.134	102	853	and probably one of the few cases of a recurrence, but under proper safeguards and limitations, to the old system of chains.
LJ016-0082	3.792	48	412	The ward was one short of its number. What had become of the fellow?
LJ016-0085	5.441	69	583	After this great iron guards, just as are to be seen in lunatic asylums,
LJ016-0087	7.136	90	752	Among the escapes still remembered was one in eighteen forty-nine, accomplished by a man who had been employed
LJ016-0089	8.320	104	871	He was engaged in whitewashing and cleaning; the officer who had him in charge left him on the stairs leading to the gallery.
LJ016-0091	1.516	19	170	This was a public-house.
LJ016-0093	6.404	81	688	They asked him how he had cut his hand, which was bleeding, and he said he had done it while working up on the roof.
LJ016-0095	5.975	75	631	In eighteen fifty-three three men escaped in company from one of the wards in the middle yard.
LJ016-0097	5.824	73	615	which with Wakefield was utilized as a receptacle for convicts not going to Western Australia,
LJ016-0099	8.633	108	905	These men managed to cut a hole in the ceiling of the ward near the iron cage on the landing, and so got access to the roof.
LJ016-0101	9.365	118	986	One of the three, shamming ill, remained all day in his ward, where he employed himself unraveling the rope from the sleeping-mats.
LJ016-0103	8.064	101	848	and after all was quiet the three got on to the roof through the hole, and so on to Tyler's manufactory close by,
LJ016-0107	7.287	92	776	Brown almost at once; then Barry, who was taken at the East End in a public-house where he had arranged to meet a pal.
LJ016-0109	3.606	46	393	but not till they had had an exciting chase down the street.
LJ016-0111	8.064	101	847	The officers dropped on to him while he was still in bed, but as they came upstairs he jumped up and hid in a cupboard.
LJ016-0113	8.099	102	853	but only to be taken soon afterwards for a fresh offense, and again pass through Newgate with sentences of penal servitude.
LJ016-0115	6.068	76	639	A sailor, Krapps by name, occupied one of the upper cells in the new block.
LJ016-0117	8.320	104	870	The prisoner had nothing to deal with but wooden panels, and by dint of cutting and chopping he got both the lower panels out.
LJ016-0119	9.655	121	1010	Under superior orders all the doors and gates of this block were left open at night, to allow the night watchman to pass freely to all parts.
LJ016-0121	8.169	103	864	Krapps walked at once into the yard and across to the female side, where he found some of the washing still hanging out to dry.
LJ016-0123	8.482	107	899	got hold of the step ladder used in lighting the gas, and which under our more careful supervision would have been, as now-a-days, chained up.
LJ016-0125	5.429	68	578	with this, placed against the wall near the chevaux-de-frise, he made an escalade.
LJ016-0127	5.928	75	628	Along this Krapps crawled, and then dropped down on to the cook-house.
LJ016-0129	6.950	87	729	Down below were market-carts waiting for daylight, and among them Krapps found a refuge and friends.
LJ016-0131	6.218	78	660	Nothing more was heard of Krapps. The curious thing in his case was that his offense was a trifling one;
LJ016-0133	5.824	73	613	There is, however, no explanation of the motives which prompt prisoners to attempt escapes.
LJ016-0135	5.951	75	627	who yet faced extraordinary risks to advance their enlargement by only a few hours.
LJ016-0139	6.938	87	731	The last escape from Newgate was only three years ago, and occurred just before the final closing of the prison.
LJ016-0141	4.222	53	452	He was at work under the supervision of the artisan warder of the prison,
LJ016-0143	8.889	112	936	He was out of sight while so employed, and remained so long absent that the warder, becoming uneasy, went in search of him.
LJ016-0145	9.167	115	964	Encouraged by the shouts and signals of some workmen employed on a building outside, the prisoner made one of the most marvellous jumps on record,
LJ016-0147	8.599	108	905	Then he ran along the coping of the wall towards its angle with Tyler's manufactory, and dropped down on to the gridiron below.
LJ016-0149	7.240	91	761	Suicides and executions were, however, always the most effectual methods of making exit from durance.
LJ016-0151	5.893	74	618	prison suicides seldom do, except as regards ingenuity and determination.
LJ016-0153	5.568	70	588	would make death a certainty, so limited and imperfect are the means generally available.
LJ016-0155	7.925	100	834	braces, shoe-strings, shirt torn into strips are the only instruments, and a bar or small hook
LJ016-0157	7.588	95	791	One curious instance of a suicide carried out under the most adverse and extraordinary circumstances may be quoted.
LJ016-0159	5.986	75	630	who contrived to hang himself from a hammock hook only eighteen inches from the ground.
LJ016-0161	5.719	72	607	Having carefully spread out a blanket on the floor just below the hammock as it lay suspended,
LJ016-0163	8.215	103	860	He might have saved himself at any moment by merely extending an arm; but he lay there patiently till death supervened.
LJ016-0165	7.693	97	811	three fingers might have been inserted between it and the flesh; the pressure was all on the arteries behind the ears,
LJ016-0167	4.512	57	478	Probably dissolution came as easily and almost without pain.
LJ016-0169	4.187	53	446	As more humane principles were introduced into prison management,
LJ016-0171	7.078	89	745	were as far as possible mitigated and toned down. But there was little improvement in the ceremony itself.
LJ016-0173	3.815	48	409	was not always to be trusted to do his fell work efficiently.
LJ016-0175	8.738	110	920	I may be permitted to digress for a moment to give a few particulars concerning the last officially appointed hangman of the city of London.
LJ016-0177	3.653	46	393	Marwood, whose name is so familiar with the present generation,
LJ016-0179	3.595	45	386	contracted with sheriffs and conveners to work by the job.
LJ016-0181	4.616	58	492	Calcraft was born at Baddow, in Essex, in eighteen hundred;
LJ016-0183	3.571	45	381	The story goes, that about eighteen twenty-eight
LJ016-0185	7.391	93	778	Calcraft, who, in spite of the dreadful calling he subsequently followed, was always reputed a kindly man,
LJ016-0187	3.502	44	374	The other accepted, and they got into conversation.
LJ016-0189	7.542	95	800	but that his cough was getting so much the master of him that he feared he would not be able to carry on his duties much longer.
LJ016-0191	2.968	38	327	was given to drink, and not to be trusted.
LJ016-0193	3.304	42	361	Foxen asked him his name and address, and went away.
LJ016-0195	4.523	57	485	and offered him the post of executioner for the city of London and Middlesex.
LJ016-0197	2.074	26	226	After that he worked alone.
LJ016-0199	9.191	115	961	It was customary to make the executioner take the Bible in his hand, and swear solemnly that he would dispatch every criminal condemned to die,
LJ016-0201	5.557	70	593	When he had taken the oath he was dismissed with the words, "Get thee hence, wretch!"
LJ016-0203	7.728	97	813	He got besides half-a-crown for every man he flogged, and an allowance to provide cats or birch rods.
LJ016-0205	6.462	81	683	he received a retaining fee of five pounds, five shillings, with the usual guinea for each job;
LJ016-0207	6.741	85	715	It was not always easy to get a hangman so cheap, as I have already indicated on a previous page.
LJ016-0209	6.544	82	688	Some wags in Scotland seized Calcraft and kept him in durance the night before the execution.
LJ016-0211	5.359	67	565	But, fortunately for him, just at the last moment Calcraft was set free.
LJ016-0213	4.918	62	527	The origin of this expression dates, it is said, from the time when the Scottish mark,
LJ016-0215	8.738	110	926	The mark was valued at thirteenpence halfpenny, or rather more than the shilling, which from time immemorial had been the hangman's wages.
LJ016-0217	6.973	88	740	On one particular occasion, however, he got them. A gentleman whose sins brought him to the gallows at Maidstone
LJ016-0219	5.824	73	615	He expressly bequeathed them to Calcraft, who was graciously pleased to accept them.
LJ016-0221	8.680	109	908	Calcraft consented, got and bestowed the clothes, only to find that the person he had obliged exhibited them publicly.
LJ016-0223	8.436	106	889	Capital convicts go to the gallows in their own clothing, and not in prison dress, unless the former is quite unfit to be worn.
LJ016-0225	8.715	109	910	which his predecessors were not, and who were paid their wages over the gate to obviate the necessity for letting them enter.
LJ016-0227	6.950	87	735	whose business it was to provide the rope and do the pinioning, and who was paid a fee of five shillings.
LJ016-0229	6.114	77	648	He kept no record of them, and when asked questions, referred to the officers of the jail.
LJ016-0231	7.960	100	834	When he came to the prison for his wages his grandchildren often accompanied him, affectionately clinging to his hands;
LJ016-0233	1.377	18	160	In his own profession
LJ016-0235	8.517	107	896	He was so much in favor of short drops that his immediate successor, Marwood, stigmatized him as "short-drop" man.
LJ016-0237	8.111	102	853	With Calcraft's method there were undoubtedly many failures, and it was a common custom for him to go below the gallows
LJ016-0239	7.914	99	832	Marwood till latterly seemed to have done his work more effectually, and has been known to give as much as six feet fall.
LJ016-0241	7.937	100	841	Calcraft served the city of London till eighteen seventy-four, when he was pensioned at the rate of twenty-five shillings per week.
LJ016-0243	8.506	107	899	Marwood, who succeeded him, and who died while these sheets were in the press, was a Lincolnshire man, a native of Horncastle,
LJ016-0245	5.951	75	632	Until the time of his death he kept a small shop close to the church in Horncastle.
LJ016-0247	8.877	111	930	while round about were shoe-strings, boot-laces, and lasts. Marwood, strange to say, followed the same trade as Calcraft.
LJ016-0249	8.924	112	931	The strange competition amongst hundreds to succeed Marwood is a strange fact too recently before the public to need mention here.
LJ016-0251	6.787	85	712	and must be strongly deprecated on moral grounds, as tending to the utter degradation of one individual.
LJ016-0253	8.448	106	881	that the ceremony may be made more mechanical, thus rendering the personal intervention of a skilled functionary unnecessary.
LJ016-0255	9.388	118	985	The old prejudices, such as that which enlisted Dr. Johnson on the side of the Tyburn procession, still lingered and prevented any change.
LJ016-0257	5.928	75	632	and the raison d'être of the penalty, which in principle so many opposed, would be gone.
LJ016-0259	8.900	112	937	The graphic and terrible account given by Charles Dickens of the awful scene before Horsemonger Lane Jail, at the execution of the Mannings,
LJ016-0261	8.587	108	906	simultaneously, of the five pirates, part of the mutinous crew of the 'Flowery Land,' was greater than on any previous occasion.
LJ016-0263	8.958	112	936	Few, if any, showed any feeling of terror, none were impressed with the solemnity, or realized the warning which the sight conveyed.
LJ016-0265	7.182	90	756	the crowd had come to witness a popular and gratuitous public performance -- better than a prize-fight or a play.
LJ016-0267	6.160	78	654	On the contrary, the prevailing sentiment was one of satisfaction at the success of the spectacle.
LJ016-0271	9.492	119	998	The reply evinced equal satisfaction, and the speaker, with a profane oath, declared that he would like to act as Jack Ketch to the whole lot.
LJ016-0273	4.361	55	464	At Müller's execution there was great competition for front seats,
LJ016-0275	4.338	55	469	As much as twenty-five pounds was paid for a first-floor front on this occasion.
LJ016-0277	7.530	95	792	This is proved by contemporary accounts, especially one graphic and realistic article which appeared in the 'Times,'
LJ016-0279	3.862	49	417	They collected over night in the bright light of a November moon.
LJ016-0281	3.827	48	410	Rain fell heavily at intervals, but did not thin the concourse.
LJ016-0283	8.587	108	907	to do them mere justice, there was at least till then a half-drunken ribald gaiety among the crowd that made them all akin."
LJ016-0285	7.124	90	758	Then one struck up the hymn of the Promised Land, and the refrain was at once taken up with a mighty chorus --
LJ016-0287	3.177	40	342	This was presently superseded by a fresh catch --
LJ016-0289	3.606	46	391	As day broke the character of the crowd was betrayed.
LJ016-0291	6.114	77	646	sharpers, thieves, gamblers, betting men, the outsiders of the boxing ring,
LJ016-0293	5.301	67	570	with the rakings of cheap singing-halls and billiard-rooms, the fast young men of London.
LJ016-0295	9.156	115	963	curse, or shout, as in this heaving and struggling forward they gained or lost in their strong efforts to get nearer where Müller was to die.
LJ016-0297	6.961	88	737	The crowd was for a moment awed and stilled by the quiet rapid passage from life to death!
LJ016-0301	4.837	61	518	amid hisses and sneering inquiries of what he had had to drink that morning.
LJ016-0303	8.273	104	872	It was preposterous to claim for such a scene as this that it conveyed any great moral lesson, or had any deterring influence.
LJ016-0305	8.018	101	843	Already the urgent necessity for abolishing public executions had been brought before the House of Commons by Mr. Hibbert,
LJ016-0307	9.318	117	975	Full evidence was taken on all points, and on that regarding public executions there was a great preponderance of opinion towards their abolition,
LJ016-0309	8.285	104	871	Some of the judges would have retained the public spectacle; the ordinary of Newgate was not certain that public executions were not the best.
LJ016-0311	7.751	97	814	that any secrecy in the treatment of the condemned would invest them with a new and greater interest, which was much to be deprecated.
LJ016-0313	8.796	110	920	On the other hand, Lords Cranworth and Wensleydale recommended private executions; so did Mr. Spencer Walpole, M.P.
LJ016-0315	5.057	64	539	Colonel (now Sir Edmund) Henderson was strongly in favor of them,
LJ016-0317	4.756	60	506	but believed that a public ceremony destroyed the whole value of an execution.
LJ016-0319	8.506	107	893	The only doubts expressed were as to the sufficiency of the safeguards, as to the certainty of death and its subsequent publication.
LJ016-0321	3.455	44	377	Duly impressed with the weight of evidence in favor of abolition,
LJ016-0323	5.324	67	564	to prevent abuse, and satisfy the public that the law had been complied with.
LJ016-0325	7.693	97	814	The judge of the Admiralty Court, the Right Hon. Stephen Lushington, the Right Hon. James Moncrieff,
LJ016-0327	5.673	71	596	declared that they were not prepared to agree to the resolution respecting private executions.
LJ016-0329	9.353	117	978	a bill was introduced by Mr. Hibbert, M.P., and accepted by the Government, providing for the future carrying out of executions within prisons.
LJ016-0331	5.638	71	598	The last public execution in front of Newgate was that of the Fenian Michael Barrett,
LJ016-0333	4.187	53	450	from Clerkenwell prison, by which many persons lost their lives.
LJ016-0335	6.346	80	672	There was no interference with the crowd, which collected as usual, although not to the customary extent.
LJ016-0337	5.673	71	594	In the houses opposite the prison numbers of detectives mixed with the spectators;
LJ016-0339	6.358	80	671	troops were held in readiness to act if required. Everything passed off quite quietly, however,
LJ016-0341	3.293	42	362	The sufferer was stolid and reticent to the last.
LJ016-0343	8.982	113	944	The sufferer was a porter on the London, Chatham, and Dover railway, sentenced to death for shooting the station-master at Dover.
LJ016-0346	5.580	70	590	a fact duly advertised as completed by the hoisting of the black flag over the jail,
LJ016-0348	3.873	49	417	The same was realized in the first private execution within Newgate,
LJ016-0350	5.208	66	555	and who expiated his crime on the eighth September, eighteen sixty-eight.
LJ016-0352	4.686	59	499	the officials spoke in whispers; there was but little moving to and fro.
LJ016-0354	6.160	78	653	and the ordinary, in a voice trembling with emotion, read the burial service aloud.
LJ016-0356	8.831	111	930	broke down at the supreme moment before the horror of the stillness, the awful impressiveness of the scene in which he was the principal actor.
LJ016-0358	6.880	87	731	all who could were glad to escape from the last act of the ghastly drama at which they had assisted.
LJ016-0360	8.529	107	896	The change added greatly to the responsibilities of the governor and his subordinates. Hitherto the public had seemed to assist at the ceremony;
LJ016-0362	4.396	55	465	and the great outside world shared in the completion of the sacrifice.
LJ016-0366	4.465	56	477	and placed decently in a shell by the workmen who removed the gallows.
LJ016-0368	5.394	68	572	It was they who formed the chief part of the small select group of spectators;
LJ016-0370	9.400	118	987	All that the hangman, whoever he may be, does under the new regime is to unhook the halter and remove the pinioning straps.
LJ016-0373	9.458	119	994	and for the greater security of prisoners it is roofed in with iron bars which gives it, at least overhead, the aspect of a huge cage.
LJ016-0375	8.366	105	875	As this burial-ground leads to the adjacent Central Criminal Court, accused murderers, on going to and returning from trial,
LJ016-0377	9.748	122	1015	The older officers, with several of whom I have conversed, have thus had unusual opportunities of watching the demeanor of murderers both before trial
LJ016-0379	8.355	105	879	All as a rule, unless poignant remorse has brought a desire to court their richly-merited retribution, are buoyed up
LJ016-0381	5.290	67	563	Even when in the condemned cell, with a shameful death within measurable distance,
LJ016-0383	6.311	79	660	All almost without exception sleep soundly at night, except the first after sentence,
LJ016-0385	6.671	84	704	But the uneasiness soon wears off. The second night sleep comes readily, and is sound;
LJ016-0387	5.708	72	608	All too have a fairly good appetite, and eat with relish, up to the last moment.
LJ016-0389	4.930	62	527	Giovanni Lanni, the Italian boy who murdered a Frenchwoman in the Haymarket,
LJ016-0393	3.827	48	408	called for a roast duck directly he entered the condemned cell.
LJ016-0395	3.479	44	377	The diet of the condemned is the ordinary diet of the prison,
LJ016-0397	8.436	106	882	The craving for tobacco which so dominates the habitual smoker often leads the convicted to plead hard for a last smoke.
LJ016-0399	9.133	115	965	Wainwright was allowed a cigar the night before execution, which he smoked in the prison yard, walking up and down with the governor, Mr. Sydney Smith.
LJ016-0401	7.577	95	792	His conversation turned always upon his influence over the weaker sex, and the extraordinary success he had achieved.
LJ016-0403	5.313	67	568	His effrontery was only outdone by his cool contempt for the consolations of religion.
LJ016-0405	8.552	107	899	went impenitent to the gallows. The only sign of feeling he showed was in asking to be allowed to choose the hymns on the Sunday
LJ016-0407	2.538	32	275	who generally attended the prison services.
LJ016-0409	3.455	44	377	On the fatal morning he came gaily out of his cell,
LJ016-0411	6.706	84	709	There was a smile on his face when it was last seen, and just as the terrible white cap was drawn over it.
LJ016-0413	5.487	69	581	No less than sixty-seven persons were present, admitted by special permission of the sheriff.
LJ016-0415	6.381	80	676	but the story was never substantiated, and we may hope that it rested only on the idle gossip of the day.
LJ016-0417	8.111	102	856	Catherine Wilson, the poisoner, was reserved and reticent to the last, expressing no contrition, but also no fear --
LJ016-0419	7.147	90	757	Kate Webster, who was tried at the Central Criminal Court, and passed through Newgate, although she suffered at Wandsworth,
LJ016-0423	9.214	116	970	When the sheriff offered him counsel for his defense, he declined, saying he wished to make none -- "the witnesses for the prosecution spoke the truth."
LJ016-0425	8.958	112	944	When visited one day in the condemned cell, just as St. Sepulchre's clock was striking, he looked up and said laughingly, "Go along, clock;
LJ016-0427	7.879	99	834	He tripped up the chapel-stairs to hear the condemned sermon, and came out with cheerful alacrity on the morning he was to die.
LJ016-0429	6.126	77	643	Others talk freely enough on various topics, but principally upon their own cases.
LJ016-0431	4.581	58	494	One was vexed to think that his victims had a finer funeral than he would have.
LJ016-0433	8.529	107	899	laughed and jested with the officers about "Jack Ketch," who, through the postponement of the execution, would lose his Christmas dinner.
LJ016-0438	4.535	57	482	that the convict's clothes were still the executioner's perquisite.
LJ016-0440	6.602	83	700	But it is neither easy to obtain the instruments of self-destruction nor to elude the vigilance of their guard.
LJ016-0442	7.112	89	746	made a determined effort to burn himself to death by throwing himself bodily on to the fire in the condemned ward.
LJ016-0444	3.629	46	393	They were still much swollen when he was led out to execution.
LJ016-0446	3.722	47	402	but ineffectively, by running his head against his cell wall.
LJ017-0004	9.051	114	955	I have attempted to draw of crime in connection with Newgate, from first to last, I must make some mention, in this my penultimate chapter,
LJ017-0006	5.557	70	590	The crime of poisoning has always been viewed with peculiar loathing and terror in this country.
LJ017-0008	3.641	46	392	who had poisoned his master and many of his dependents.
LJ017-0010	7.136	90	754	and it is hinted that James himself nearly fell a victim to a nefarious attempt of the Duke of Buckingham.
LJ017-0012	3.258	41	351	The well-known and lethal aqua Toffania,
LJ017-0014	8.088	102	850	was never introduced into this country. Its admission was probably checked by the increased vigilance at the custom houses,
LJ017-0016	8.204	103	859	The cases of poisoning in the British calendars are rare, nor indeed was the guilt of the accused always clearly established.
LJ017-0018	6.474	81	679	was ignorant of the destructive character of the powders, probably arsenic, which she administered.
LJ017-0020	5.116	64	541	would probably have had the benefit in these days of the doubts raised at his trial.
LJ017-0022	5.592	70	591	was that of Eliza Fenning, who was convicted of an attempt to poison a whole family
LJ017-0024	7.902	99	826	and as Fenning, although convicted and executed, protested her innocence in the most solemn manner to the last,
LJ017-0026	7.263	91	765	Yet it was clearly proved that the dumplings contained arsenic, that she, and she alone, had made the dough,
LJ017-0028	9.620	121	1012	that she had had a quarrel with her mistress, and that the latter with all others who tasted the dumplings were similarly attacked, although no one died.
LJ017-0030	5.533	70	588	when the spread of scientific knowledge places nefarious means at the disposal of many,
LJ017-0032	8.262	104	870	The first intimation conveyed to society of the new terror which threatened it was in the arrest and arraignment of William Palmer,
LJ017-0034	5.278	66	555	The case contained elements of much uncertainty, and yet it was so essential,
LJ017-0036	3.595	45	383	that the trial was transferred to the Central Criminal Court,
LJ017-0038	6.207	78	653	That the administration of justice should never be interfered with by local prejudice or local feeling
LJ017-0040	3.455	44	375	The trial of Catherine Winsor, the baby farmer,
LJ017-0042	3.258	41	350	Palmer's trial caused the most intense excitement.
LJ017-0044	7.147	90	756	and the deepest anxiety was felt that the crime, if crime there had been, should be brought home to its perpetrator.
LJ017-0046	3.188	40	341	Great personages occupied seats upon the bench;
LJ017-0048	3.687	47	400	People came to stare at the supposed cold-blooded prisoner;
LJ017-0050	8.239	103	862	Palmer, who was only thirty-one at the time of his trial, was in appearance short and stout, with a round head
LJ017-0052	8.819	111	925	His skin was extraordinarily fair, his cheeks fresh and ruddy; altogether his face, though commonplace, was not exactly ugly;
LJ017-0054	6.114	77	648	His features were not careworn, but rather set, and he looked older than his age.
LJ017-0056	7.008	88	735	Although the strain lasted fourteen days, he showed no signs of exhaustion, either physical or mental.
LJ017-0058	4.848	61	517	He was confident to the very last that it would be impossible to find him guilty;
LJ017-0060	4.280	54	459	The conviction that he would escape had taken so firm a hold of him,
LJ017-0062	6.857	86	722	In the condemned cell he frequently repeated, quote, I go to my death a murdered man, end quote.
LJ017-0064	7.565	95	796	he made use of the remarkable words, quote, If it is necessary for my soul's sake to confess this murder,
LJ017-0066	6.068	76	639	Yet he was silent when specifically pressed to confess that he had killed his wife and his brother.
LJ017-0068	5.417	68	574	and public opinion at the termination of the trial coincided with the verdict of the jury.
LJ017-0070	8.111	102	852	but his sporting operations did not prosper, and he became a needy man, always driven to desperate straits for cash.
LJ017-0072	1.841	24	211	whose signature he counterfeited.
LJ017-0074	3.815	48	406	whose life he had insured for thirteen thousand pounds.
LJ017-0076	9.191	115	958	His brother was supposed to have been his next victim, upon whose life he had also effected an insurance for another thirteen thousand pounds.
LJ017-0080	7.136	90	759	Palmer, alive to the danger he ran of a prosecution for forgery, should the fraud he had committed be brought to light,
LJ017-0082	9.086	114	958	He fixed upon a sporting friend, Mr. John Parsons Cook, who had been in luck at Shrewsbury races, both as a winner and a backer,
LJ017-0086	4.814	61	516	For this purpose he gave, or there was the strongest presumption that he gave,
LJ017-0088	3.444	44	377	Quantities of antimony were found in the body after death.
LJ017-0090	3.687	47	404	and so got the money for which he was prepared to barter his soul.
LJ017-0092	5.742	72	609	He decided to use strychnia, or the vegetable poison otherwise known as nux vomica;
LJ017-0094	6.230	78	653	strychnia kills by causing tetanic fixing of the respiratory muscles. End quote.
LJ017-0096	8.691	109	914	The night he bought it, Cook, who had been taking certain pills under medical advice, not Palmer's, was seized with violent convulsions.
LJ017-0098	8.285	104	874	whether the ordinary or his own pills will never be known, except as may be inferred from the results, which indicate that he had taken the latter.
LJ017-0100	3.746	47	400	Next night Cook had a second and a more violent attack.
LJ017-0102	4.651	59	500	The second attack was fatal, and ended in Cook's death from tetanus.
LJ017-0104	5.742	72	605	prescribed nominally by the fresh doctor, for which Palmer had substituted his own.
LJ017-0106	7.914	99	832	fearful paroxysms and cramps, ending in suffocation by the tetanic rigor which caught the muscles of the chest.
LJ017-0108	7.020	88	742	He was struck with the appearance of the corpse, which was not emaciated, as after a long disease ending in death;
LJ017-0110	8.413	106	886	He said nothing, but began to feel uneasy when he found that Cook's betting-book was missing, and that Palmer put it forward
LJ017-0112	8.006	101	843	Palmer too showed an indecent haste in preparing the body for interment, and in obtaining the usual certificate.
LJ017-0114	4.326	55	465	The intestines were, however, preserved and sent for analysis,
LJ017-0116	5.557	70	593	and even sought to upset the vehicle by which they were being conveyed a part of the way to London.
LJ017-0118	7.194	90	755	and it was on the entire absence of the latter that the defense was principally based when Palmer was brought to trial.
LJ017-0122	7.345	92	769	A government prosecution was instituted, and Palmer was brought to Newgate for trial at the Central Criminal Court.
LJ017-0124	6.207	78	654	He frequently declared before and during the trial that it would be impossible to find him guilty.
LJ017-0126	2.526	32	280	He relied on the absence of the strychnia.
LJ017-0130	6.346	80	674	To the last, therefore, he played the part of a man wrongfully convicted, and did not abandon hope
LJ017-0132	2.561	33	286	He suffered at Stafford in front of the jail.
LJ017-0134	9.179	115	959	Within a few weeks occurred the Leeds poisoning case, in which the murderer undoubtedly was inspired by the facts made public at Palmer's trial.
LJ017-0136	5.742	72	607	with exquisite torture, and with a poison that would leave, as he thought, no trace.
LJ017-0138	3.142	40	345	Three years later came the case of Dr. Smethurst,
LJ017-0142	5.487	69	581	Smethurst's escape may have influenced the jury in the Poplar poisoning case,
LJ017-0144	8.633	108	900	There was no convincing proof that the accused had administered the poison, although beyond question that poison had occasioned the death.
LJ017-0146	4.686	59	499	He had all the characteristics of the poisoner -- the calm deliberation,
LJ017-0148	6.462	81	681	Smethurst's victim was a Miss Bankes, with whom he had contracted a bigamous marriage.
LJ017-0150	3.769	48	409	and whom he left without scruple to join Miss Bankes.
LJ017-0152	3.397	43	370	in spite of the existence of the other Mrs. Smethurst.
LJ017-0154	9.574	120	1004	that Mrs. Smethurst had no right to the name, but had a husband of her own, one Johnson, alive -- a story subsequently disproved.
LJ017-0156	3.002	38	327	and told her sister as much when they last met.
LJ017-0158	6.880	87	730	She had a little fortune of her own, some one thousand seven hundred pounds or one thousand eight hundred pounds,
LJ017-0160	4.117	52	441	as indicating a motive for keeping her alive rather than killing her.
LJ017-0162	7.333	92	771	Whatever the exact cause which impelled him to crime, it seems certain that he began to give her some poison,
LJ017-0164	8.657	109	909	with the idea of subjecting her to the irritant poison slowly but surely until the desired effect, death, was achieved.
LJ017-0166	7.356	92	770	but was careful to prime them with his facts and lead them if possible to accept his diagnosis of the case.
LJ017-0168	5.092	64	539	But a long public discussion followed, and in consequence he was reprieved.
LJ017-0170	4.732	60	506	there is not absolute and complete evidence of his guilt. End quote.
LJ017-0172	5.766	73	614	but he was subsequently again tried for bigamy, and sentenced to twelve months' imprisonment.
LJ017-0174	8.413	106	884	She was tried in April eighteen sixty-two on suspicion of having attempted to poison a neighbor with oil of vitriol.
LJ017-0176	6.869	86	722	and on her return had administered a dose of something which burnt the mouth badly, but did not prove fatal.
LJ017-0178	5.278	66	555	It appeared that several persons with whom she was intimate had succumbed suddenly.
LJ017-0182	4.593	58	494	that it was a very dangerous medicine, and she profited by what she had heard.
LJ017-0184	8.053	101	847	Soon afterwards a friend, Mrs. Atkinson, came to London from Westmoreland, and stayed in Mrs. Wilson's house.
LJ017-0186	6.323	80	671	While with Mrs. Wilson she became suddenly and alarmingly ill, and died in great agony.
LJ017-0188	7.600	96	807	Mrs. Atkinson's symptoms had been the same as Dixon's. Then Mrs. Wilson went to live with a man named Taylor,
LJ017-0190	5.847	74	625	After this came the charge of administering oil of vitriol, which failed, as has been described.
LJ017-0192	3.699	47	399	Here, however, the evidence was strong and sufficient.
LJ017-0194	5.174	65	548	that immediately afterwards Mrs. Soames was taken ill with vomiting and purging,
LJ017-0196	6.915	87	732	The last time Mrs. Soames showed great reluctance to take it, but Wilson said it would certainly do her good.
LJ017-0198	4.686	59	496	but its nature was betrayed when this last victim also died.
LJ017-0200	6.555	82	686	but a more careful investigation attributed it beyond doubt to over-doses of colchicum.
LJ017-0202	9.434	118	984	fairly electrified the court by declaring it his opinion that many deaths, supposed to be from cholera, were really due to poison.
LJ017-0204	7.229	91	765	who said that he feared it was only too true that secret poisoning was at that time very rife in the metropolis.
LJ017-0206	8.111	102	851	Although murder by insidious methods had become more common, cases where violence of the most deadly and determined kind was offered
LJ017-0208	8.703	109	909	the other perpetrated in a railway-carriage, and showing the promptitude with which criminals accept and utilize altered conditions of life,
LJ017-0210	2.712	34	296	The first case was that of the 'Flowery Land,'
LJ017-0212	1.656	21	186	Her captain was John Smith;
LJ017-0214	5.406	68	575	most of them, as was proved by their subsequent acts, blackguards of the deepest dye.
LJ017-0216	8.773	110	923	there were also a Frenchman, a Norwegian (the carpenter), three Chinamen, a "Sclavonian," and a black on board.
LJ017-0218	6.613	83	695	The captain was kindly but somewhat intemperate, the first mate a man of some determination,
LJ017-0220	4.512	57	485	The six Spaniards, the Greek, and the Turk were in the same watch,
LJ017-0222	4.616	58	491	hatched amongst them a plot to murder their officers and seize the ship.
LJ017-0224	4.198	53	449	A simultaneous attack was made upon the captain and the first mate.
LJ017-0226	6.056	76	642	One half of the mutineers fell upon him unawares with handspikes and capstan-bars.
LJ017-0228	6.625	83	697	till every feature was obliterated, and then, still living, flung him into the sea.
LJ017-0230	8.540	107	898	came out of the cabin, was caught near the 'companion' by the rest of the mutineers, and promptly dispatched with daggers.
LJ017-0232	7.902	99	831	The captain's brother, a passenger on board the 'Flowery Land,' was also stabbed to death and his body thrown overboard.
LJ017-0234	4.256	54	457	verified the murderers, and then shut himself up in his cabin.
LJ017-0236	3.432	43	365	Leon, or Lyons, who spoke English,
LJ017-0238	6.869	86	725	Taffir, the second mate, agreed, but constantly went in fear of his life for the remainder of the voyage;
LJ017-0240	7.321	92	771	Immediately after the murder cases of champagne, which formed part of the cargo, were brought on deck and broached;
LJ017-0242	7.054	89	748	Leon wished to make every one on board share and share alike, so as to implicate the innocent with the guilty;
LJ017-0244	9.342	117	975	The murders were perpetrated on the tenth September, and the ship continued her voyage for nearly three weeks, meeting and speaking one ship only.
LJ017-0246	9.051	114	963	the mutineers took command of the ship, put her about till night-fall, by which time they had scuttled her, got out the boats, and all left the ship.
LJ017-0248	7.379	93	783	while the other two were left to go down in the ship, and were seen clinging to the tops until the waters closed over them.
LJ017-0250	4.605	58	489	from Peru bound to Bordeaux, which had foundered at sea;
LJ017-0252	4.303	54	461	The place at which they landed was not far from the entrance to the River Plate.
LJ017-0254	6.218	78	659	Taffir, the mate, finding there was a man who could speak English at another place twenty miles off,
LJ017-0256	5.406	68	575	The mutineers were arrested, the case inquired into by a naval court-martial,
LJ017-0258	2.666	34	293	Their trial followed at the Central Criminal Court.
LJ017-0260	2.805	36	311	Vartos the Turk, and Carlos the Greek.
LJ017-0262	7.925	100	839	Two of the seven, Santos and Marsolino, were reprieved, and their sentences commuted to penal servitude for life;
LJ017-0264	9.620	121	1009	They were an abject, miserable crew, cowards at heart; but some, especially Lopez, continued bloodthirsty to the last.
LJ017-0266	5.487	69	578	They none of them spoke much English except Leon, commonly called Lyons.
LJ017-0268	9.109	114	955	and they were each kept in an ordinary separate cell of the newly-constructed block, with the "traps," or square openings in the cell door,
LJ017-0270	7.205	91	764	On the morning of execution the noise of fixing the gallows in the street outside awoke one or two of them.
LJ017-0272	4.698	59	502	"Ah!" he remarked, "they will have to wait for us then till eight."
LJ017-0274	6.915	87	734	When the warder went in to call him he asked for his clothes. He was told he would have to wear his own.
LJ017-0277	1.261	16	144	The soldiers then?
LJ017-0280	5.383	68	574	The convicts were pinioned one by one and sent singly out to the gallows.
LJ017-0282	3.815	48	407	the seemingly most courageous was selected to lead the way.
LJ017-0284	6.218	78	659	was too much for his nerves, and he so nearly fainted that he had to be seated in a chair.
LJ018-0002	9.016	113	943	In July eighteen sixty-four occurred the murder of Mr. Briggs, a gentleman advanced in years and chief clerk in Robarts' bank.
LJ018-0004	5.638	71	596	and as some time elapsed before the discovery and apprehension of the supposed murderer,
LJ018-0006	5.777	73	617	Mr. Briggs left the bank one afternoon as usual, dined with his daughter at Peckham,
LJ018-0008	3.270	41	353	He lived at Hackney, but he never reached it alive.
LJ018-0010	5.603	71	599	Inside the carriage was a hat, a walking-stick, and a small black leather bag.
LJ018-0012	5.208	66	560	It was that of an aged man, whose head had been battered in by a life-preserver.
LJ018-0014	7.844	99	828	Strange to say, the unfortunate man was not yet dead, and he actually survived more than four-and-twenty hours.
LJ018-0016	4.872	61	516	T. Briggs, Esq., Robarts and Co., Lombard Street.
LJ018-0018	3.931	50	428	he wore gold-rimmed eye-glasses and a gold watch and chain.
LJ018-0020	7.170	90	756	A desperate and deadly struggle must have taken place in the carriage, and the stain of a bloody hand marked the door.
LJ018-0022	8.192	103	863	It was also easily established that the hat found in the carriage had been bought at Walker's, a hatter's in Crawford Street,
LJ018-0024	6.218	78	658	Mr. Death, who had given another in exchange for it to a man supposed to be a foreigner.
LJ018-0026	7.345	92	768	showed how greatly the publicity and wide dissemination of the news regarding murder facilitate the detection of crime.
LJ018-0028	9.655	121	1012	who had been a lodger of his. Müller had given the cabman's little daughter a jeweler's cardboard box bearing the name of Mr. Death.
LJ018-0034	8.738	110	920	and accompanied by Mr. Death the jeweler and the cabman, went down to Liverpool and took the first steamer across the Atlantic.
LJ018-0036	7.484	94	790	The officers went on board the 'Victoria' at once, Müller was identified by Mr. Death, and the arrest was made.
LJ018-0038	6.903	87	731	and Müller at the time of his capture was actually wearing Mr. Briggs' hat, cut down and somewhat altered.
LJ018-0040	6.474	81	679	His trial followed at the next sessions of the Central Criminal Court, and ended in his conviction.
LJ018-0042	5.290	67	566	it was the strongest circumstantial evidence which had ever been brought forward in a murder case.
LJ018-0044	9.365	118	987	There was the prisoner's poverty, his inability to account for himself on the night of the murder, and his possession of the property of the murdered man.
LJ018-0046	7.670	96	805	Müller protested after sentence of death had been passed upon him that he had been convicted on a false statement of facts.
LJ018-0048	5.824	73	612	and powerful influence was exerted both here and abroad to obtain a reprieve.
LJ018-0050	8.273	104	868	His arguments were specious and evasive when pressed to confess. "Why should man confess to man?" he replied;
LJ018-0054	6.799	85	713	While in the condemned cell he conversed freely with the warders in broken English or through an interpreter.
LJ018-0056	4.512	57	481	blue eyes which were generally half closed, and very fair hair.
LJ018-0058	6.764	85	713	It is generally supposed that he committed the murder under a sudden access of covetousness and greed.
LJ018-0060	7.484	94	790	His crime under this aspect of it was less premeditated, and less atrocious therefore, than that of Lefroy.
LJ018-0062	2.956	37	318	Christian Sattler was by birth a German.
LJ018-0064	4.663	59	498	afterwards in the British German Legion raised for the Crimean War.
LJ018-0066	5.371	68	576	He at length stole a carpet-bag containing valuables, and fled to Hamburgh.
LJ018-0068	8.506	107	894	Inspector Thain, who, being unable to obtain his extradition legally, had him inveigled on board an English steamer,
LJ018-0070	2.712	34	294	Sattler was ironed for safe custody,
LJ018-0072	4.407	56	474	The inspector said that they could not be removed till he reached England.
LJ018-0074	8.842	111	925	Sattler probably misunderstood, and he declared that the police officer had broken faith with him, having, moreover, stated that
LJ018-0076	7.774	98	824	As Sattler brooded over his wrongs, his rage got the upper hand, and he resolved to wreak it upon Thain.
LJ018-0078	7.391	93	780	The next time Thain entered his cabin he fired at him point-blank, and lodged three bullets in his breast.
LJ018-0080	3.061	39	334	Sattler was tried for murder and convicted;
LJ018-0082	3.873	49	415	he had yielded to an irresistible impulse to kill him.
LJ018-0084	9.098	114	949	While in Newgate awaiting trial he frequently tried to justify his murder by declaring that the police officer had broken faith with him.
LJ018-0086	5.917	74	619	His demeanor immediately preceding his execution I have referred to in the last chapter.
LJ018-0088	5.220	66	555	I propose next to describe the leading features of the most important of these.
LJ018-0092	1.876	24	209	in eighteen fifty-six.
LJ018-0094	6.033	76	639	Forged cheques and bills were soon uttered in great numbers, as well as base coin.
LJ018-0096	6.938	87	728	and thus obtained personal knowledge of all who passed in and out, but without obtaining any direct evidence.
LJ018-0098	7.240	91	764	and recognized as one of the frequenters of the bogus law-stationers. His arrest led to that of others.
LJ018-0100	9.597	120	1004	took to appropriating the bills intrusted to him, and so lost his business, after which he became a clerk to Messrs. Wagner and Bateman.
LJ018-0104	8.494	107	890	also a furniture dealer and one or two more commonplace rogues. The arch villain was never taken into custody.
LJ018-0106	1.772	23	204	He was a German named Kerp,
LJ018-0108	5.893	74	620	His copies were generally pronounced indistinguishable from and as good as the originals.
LJ018-0110	5.603	71	602	Much the same plan was adopted by these forgers as by Saward to get their cheques cashed.
LJ018-0112	9.446	119	999	It was one of these, Glendinning, who had allowed himself to be utilized for some time in this way, whose capture led to the breaking up of the gang.
LJ018-0114	2.561	33	284	the others to twenty and ten years.
LJ018-0116	5.475	69	584	and that the forged cheques which had been presented, but refused, amounted to double the sum.
LJ018-0118	7.379	93	781	a system which had long been in practice of defrauding the Exchequer of vast sums by means of forged stamps.
LJ018-0120	8.459	106	886	A more elaborate plot in many ways, more secretly, more patiently prepared than the preceding, or indeed than any in the calendar,
LJ018-0122	7.623	96	804	but not before the forged paper had been put in circulation for more than a couple of years. In eighteen sixty-one,
LJ018-0124	4.930	62	524	where are Messrs. Portal's mills for the manufacture of bank-note paper.
LJ018-0126	5.742	72	608	His object in visiting Whitchurch was to undermine the honesty of some workman in the mills;
LJ018-0128	6.346	80	672	Brown took several sheets, and then was detected by Brewer, a fellow-workman of superior grade,
LJ018-0130	3.316	42	359	and stole paper on a much larger scale than Brown.
LJ018-0132	5.870	74	618	To facilitate his operations, Brewer obtained a false master key from Burnett,
LJ018-0134	6.451	81	682	In this part of the mills a large quantity of bank-note paper was kept at the period of the robbery,
LJ018-0136	5.835	73	616	One more remains, that of "glazing," without which no paper is issued for engraving.
LJ018-0138	8.773	110	916	Some time in eighteen sixty-two, a large deficiency in stock of bank paper unglazed was discovered at the mills.
LJ018-0140	2.526	32	274	The two facts taken in conjunction
LJ018-0142	4.175	53	449	By this time Brown alone had stolen three or four hundred sheets,
LJ018-0144	6.636	83	694	The amount of Brewer's abstractions (who was eventually acquitted) was never exactly estimated.
LJ018-0146	7.716	97	812	and he was soon approached by the police. Almost directly he was questioned he made a clean breast of the whole affair.
LJ018-0148	7.345	92	774	A watch was set on Burnett, who was followed to the shop of one Buncher, a butcher in Strutton Ground.
LJ018-0150	3.420	43	367	with whom he did business in exchanging the false notes.
LJ018-0152	7.414	93	781	With her assistance on a certain day a couple of bricks were taken out of the wall dividing her front and back parlors;
LJ018-0154	6.660	84	707	He came to complete a sale of forged notes, and he wanted a couple of hundred pounds for what he had.
LJ018-0156	4.628	58	493	after using much intemperate language, he left the place in a huff.
LJ018-0158	8.610	108	904	I am the man that has got all the bank paper; I have thirty thousand pounds now, and the Bank of England cannot stop it.
LJ018-0160	4.779	60	509	They next watched Buncher, and found that he paid frequent visits to Birmingham.
LJ018-0162	5.510	69	584	he had been introduced to a man named Griffiths, an engraver and copper-plate printer.
LJ018-0164	8.297	104	866	who had devoted all his talent and all his energies for some seventeen years to the fabrication of false bank-notes.
LJ018-0166	3.002	38	328	Buncher in London, and Griffiths in Birmingham.
LJ018-0168	4.709	59	501	but proofs of Griffiths' guilt were at once apparent on entering his work-room.
LJ018-0170	7.716	97	810	On the bed were twenty forged ten-pound notes complete and ready for use, and twenty-five five-pound notes.
LJ018-0172	7.159	90	759	More than this, Griffiths took the police to a field where, in a bank, a number of other plates were secreted.
LJ018-0174	6.648	84	703	and the prominent part he played secured for him on conviction the heaviest sentence of the law.
LJ018-0176	9.620	121	1008	Cummings, who had introduced Buncher to Griffiths, was also tried for being in possession of stolen bank paper for improper purposes.
LJ018-0178	3.560	45	384	the case was considered not proved, and he was acquitted.
LJ018-0180	4.175	53	452	But he was not long at large; he was too active an evil-doer
LJ018-0182	2.259	29	252	and no more bodies were to be bought
LJ018-0184	5.557	70	587	One narrow escape he had, however, before he abandoned his old business.
LJ018-0186	9.446	119	994	It was well known that they were resurrectionists, and a strict watch was kept at all the turnpike gates on the southern roads leading into London.
LJ018-0188	7.345	92	774	Presently "Old Bob" drove up to Camberwell Gate in the same cart in which he had been seen to start.
LJ018-0190	8.030	101	842	"By all means," replies Bob, and a close investigation follows, without any detection of the corpse concealed.
LJ018-0192	7.821	98	823	But they had the body, all the same; it had been dressed up in decent clothes and made to stand upright in the cart.
LJ018-0194	7.217	91	765	Cummings was repeatedly "run in" for the offense of coining and uttering bad money, whether coin or notes.
LJ018-0196	1.946	25	218	He was a notorious criminal,
LJ018-0198	5.638	71	598	It is told of "Bob" Brennan, an official specially employed for years by the Mint
LJ018-0200	5.708	72	607	He went there with a posse of officers and forced his way upstairs to the first floor,
LJ018-0202	4.163	53	449	But the police nearly paid the penalty of capture with their lives.
LJ018-0204	8.285	104	870	Where it had lain was a yawning gulf or trap sufficient to do for the whole body of police engaged in the capture.
LJ018-0206	4.918	62	525	He was a tall, slender man, with a long face and iron-gray hair.
LJ018-0208	8.053	101	847	were a low lot, the lowest among criminals except, perhaps, the 'smashers,' or those who passed the counterfeit money.
LJ018-0210	5.626	71	595	Those who manufactured and those who passed had no direct dealings with each other.
LJ018-0212	3.571	45	381	The annals of fraudulent crime probably contain nothing
LJ018-0214	7.612	96	806	As the case must still be well remembered by the present generation, it will be necessary to give here only the briefest summary.
LJ018-0216	6.172	78	656	William was brought up as an attorney, and became in due course his father's man of business.
LJ018-0218	1.772	23	200	In eighteen fifty-five
LJ018-0220	4.198	53	451	The old gentleman's signature to this deed of gift was a forgery,
LJ018-0222	3.072	39	334	obtained a mortgage of seven thousand pounds.
LJ018-0224	7.948	100	840	It had been supposed up to this date that he had willed his property, amounting in all to upwards of two hundred thousand pounds,
LJ018-0226	5.011	63	530	leaving everything to the widow, and constituting William sole executor.
LJ018-0228	6.706	84	704	Five or six years later, William Roupell minutely described how he had effected the fraud.
LJ018-0230	7.449	94	784	After reading it, and finding this unfavorable to himself, he resolved to carry out his deliberate plan,
LJ018-0232	4.686	59	501	He himself prepared it on a blank form which he had brought with him on purpose.
LJ018-0234	9.283	117	975	As he possessed nearly unbounded influence over his mother, her accession to the property meant that William could dispose of it as he pleased.
LJ018-0236	8.540	107	893	One large item of his expenditure was a contested election at Lambeth, which he gained at a cost of ten thousand pounds.
LJ018-0238	7.577	95	793	and in eighteen sixty-two he was obliged to fly the country, hopelessly and irretrievably ruined.
LJ018-0240	6.706	84	702	were fictitious documents. His next brother, who should have inherited under the authentic will,
LJ018-0242	5.150	65	547	The case was tried at Guildford Assizes, and caused intense excitement,
LJ018-0244	8.262	104	870	The effect of establishing the forgeries would be to restore to the Roupell family lands for which a price had already been paid
LJ018-0246	8.482	107	893	At first the case was contested hotly, but, to the profound astonishment of every one inside and outside the court,
LJ018-0248	7.275	91	761	He told his story with perfect coolness and self-possession, but in a grave and serious tone.
LJ018-0250	5.290	67	566	but at the same time with an air of the most entire truthfulness and candor.
LJ018-0252	5.266	66	553	to deeds involving on the whole some three hundred fifty thousand pounds.
LJ018-0254	4.256	54	461	He declined to plead, but a plea of "Not Guilty" was recorded.
LJ018-0256	4.686	59	502	Roupell made a long statement more in exculpation than in his defense.
LJ018-0258	6.091	77	647	But while repudiating the charges made against him of systematic extravagance and immorality,
LJ018-0260	8.842	111	930	Mr. Justice Byles, in passing sentence, commented severely upon the commission of such crimes by a man in Roupell's position in life,
LJ018-0262	3.896	49	416	Roupell received the announcement with a cheerful countenance,
LJ018-0264	7.855	99	831	Roupell was quiet and submissive while in Newgate, unassuming in manner, and ready to make the best of his position.
LJ018-0266	8.320	104	866	was at length advanced to the comparative ease of a post much coveted by convicts, that of hospital nurse.
LJ018-0268	5.684	72	610	A daring and cleverly-planned robbery of diamonds was that of the Tarpeys, man and wife,
LJ018-0270	7.356	92	771	The assistant called with the jewels on approbation at a house specially hired for the purpose in the West End,
LJ018-0274	8.854	111	930	who was followed, disguised, and with her hair dyed black, to a house in the Marylebone Road, where she met her husband.
LJ018-0276	8.657	109	909	The first plot was against Mr. Harry Emmanuel, but he escaped, and the attempt was made upon Loudon and Ryder.
LJ018-0278	4.814	61	515	This was the well and astutely devised plot of the brothers Bidwell,
LJ018-0280	4.094	52	440	The commercial experience of these clever rogues was cosmopolitan.
LJ018-0282	3.641	46	389	In eighteen seventy-one they crossed the Atlantic,
LJ018-0284	3.722	47	400	Dresden, Bordeaux, Marseilles, and Lyons.
LJ018-0286	7.530	95	795	and Austin Bidwell opened a bona fide credit in the Burlington or West End branch of the Bank of England,
LJ018-0288	9.574	120	996	After this the other conspirators traveled to obtain genuine bills and master the system of the leading houses at home and abroad.
LJ018-0290	8.482	107	892	by paying in a genuine bill of Messrs. Rothschilds' for forty-five hundred pounds, which was duly discounted.
LJ018-0294	7.182	90	751	all of which were discounted to the value of one hundred two thousand, two hundred seventeen pounds.
LJ018-0296	7.461	94	790	There such bills would be sent to the drawer to be initialed, and the forgery would have been at once detected.
LJ018-0298	6.636	83	696	Time was clearly an important factor in the fraud, hence the bills were sent forward in quick succession.
LJ018-0300	4.895	62	527	The sums obtained by Bidwell in the name of "Warren" at the Bank of England
LJ018-0302	9.504	119	995	For these cash was obtained in notes; the notes were exchanged by one of the conspirators for gold at the Bank of England, and again the same day
LJ018-0304	3.641	46	391	They had omitted to insert the dates in certain bills.
LJ018-0308	8.297	104	866	Large sums, as they were realized, were transmitted to the United States, and invested in various American securities,
LJ018-0310	3.142	40	344	The prisoners, who were committed to Newgate for trial,
LJ018-0312	1.772	23	202	A plot was soon discovered,
LJ018-0314	6.114	77	647	Certain friends of the prisoners were watched, and found to be in communication with these warders,
LJ018-0316	3.722	47	399	Further sums were to have been paid after the escape;
LJ018-0318	7.170	90	752	The vigilance of the Newgate officials, assisted by the city police, completely frustrated this plot.
LJ018-0320	8.831	111	931	in which the plan of action was changed, and the freedom of the prisoners was to be obtained by means of a rescue from the dock during the trial.
LJ018-0322	3.571	45	384	Nor were these two abortive efforts all that were planned.
LJ018-0324	9.713	122	1016	much uneasiness was caused at one of the convict prisons by information that bribery on a large scale was again at work amongst the officials.
LJ018-0326	8.877	111	924	I propose to end at this point the detailed account of the more prominent criminal cases which lodged their perpetrators in Newgate.
LJ018-0328	5.371	68	573	Few of the Newgate notorieties of late years show any marked peculiarities;
LJ018-0330	6.393	80	668	Violent passions too easily aroused prompted the Frenchwoman Marguerite Dixblanc
LJ018-0332	3.328	42	359	Greed in the latter case was a secondary motive;
LJ018-0334	5.650	71	600	Webster, it may be mentioned here, was one of the worst prisoners ever remembered in Newgate
LJ018-0336	7.217	91	762	Webster's devices for disposing of the body of her victim will call to mind those of Theodore Gardelle,
LJ018-0340	6.590	83	698	characterized this as a crime more black and hideous than any in the criminal annals of the country.
LJ018-0342	8.599	108	905	It was to effect the rupture of an irksome tie that led Henry Wainwright to murder Harriet Lane deliberately and in cold blood.
LJ018-0344	4.442	56	476	In cold-blooded premeditation it rivaled that of the Mannings.
LJ018-0346	5.220	66	559	Henry Wainwright's attempt to get rid of the body was ingenious, but not original,
LJ018-0350	5.104	64	543	He might swear he was not the murderer, that he never fired a pistol in his life,
LJ018-0352	8.738	110	918	but there was no doubt of his guilt, as the Lord Chief Justice told him, while expressing great regret at his rash assertion.
LJ018-0354	3.270	41	352	Doubts were long entertained whether Thomas Wainwright,
LJ018-0356	7.496	94	787	But a conversation overheard between the two brothers in Newgate satisfactorily exonerated Thomas Wainwright.
LJ018-0358	6.184	78	656	Christina Edmunds had resort to strychnia, the same lethal drug that Palmer used;
LJ018-0360	7.612	96	802	then to divert suspicion from herself by throwing it on a confectioner, whose sweetmeats she bought,
LJ018-0362	7.681	97	811	The trial of Miss Edmunds was transferred to the Central Criminal Court under Lord Campbell's Act, already referred to.
LJ018-0366	6.927	87	729	Although sentence of death was passed on Edmunds, it was commuted to penal servitude for life;
LJ018-0368	5.626	71	597	The still more recent cases of poisoning which have occurred were not connected with Newgate.
LJ018-0370	9.632	121	1008	unhappily show that society is more than ever at the mercy of the insidious and unscrupulous administration of poisonous drugs.
LJ018-0372	8.239	103	862	mutinied, murdered the captain and mates, sparing the steward only on condition that he would navigate the ship to the Mediterranean.
LJ018-0374	7.275	91	763	foreigners, vindictive, reckless, and truculent ruffians, easily moved to murderous rage.
LJ018-0378	4.280	54	460	In Newgate the 'Lennie' mutineers were extremely well behaved.
LJ018-0380	9.388	118	992	They paid close attention to the counsels of the archimandrite, and died quite penitent. A story is told of one of them, "Big Harry,"
LJ018-0382	7.623	96	804	He had steadfastly refused to eat meat on some religions scruples, and for the same reason would not touch soup.
LJ018-0384	6.149	77	651	and to show his gratitude to the warder who procured this privilege for him, he made him a present.
LJ018-0386	6.544	82	686	the whole manufactured while in the condemned cell of the crumb of bread made into paste.
LJ018-0388	4.999	63	533	and the bird's legs were a couple of teeth broken off the prisoner's comb.
LJ018-0390	4.790	60	506	But there were few cases so remarkable as the great ones already recorded.
LJ018-0392	5.394	68	572	to have obtained as much as forty thousand pounds by false and fraudulent pretenses.
LJ018-0394	7.054	89	750	by swindling the Artisans' Dwellings Company; and Madame Rachel passed through Newgate on her way to Millbank
LJ018-0396	9.028	113	946	The greatest causes célèbre, however, of recent times were the turf frauds by which the Comtesse de Goncourt was swindled
LJ018-0398	9.713	122	1013	Benson, the two Kurrs, Bale, and Murray, led to strange revelations of dishonest practices amongst the detective police,
LJ019-0002	5.394	68	576	The time at length approached when a radical and complete change was to come over the old city jail.
LJ019-0004	6.927	87	729	Elsewhere the spirit had been more or less active, although not uniformly or always to the same extent.
LJ019-0006	6.532	82	684	laid it down that individuals might be confined separately and apart in single cells.
LJ019-0008	5.127	65	548	but no steps had been taken in Parliament to enforce a better system of discipline,
LJ019-0010	6.892	87	727	As regards the first, however, Sir James Graham, when Home Secretary in eighteen forty-three,
LJ019-0012	6.335	80	669	which were then recommended to and generally adopted by the visiting justices all over the kingdom.
LJ019-0014	6.520	82	685	had embarked on a considerable expenditure in order to provide a model prison for general imitation.
LJ019-0018	7.751	97	812	moreover, the gross expenditure was increased "partly from its being considered necessary, as it was a national prison,
LJ019-0020	3.629	46	391	Up to the twenty-first December, eighteen forty-two,
LJ019-0022	2.387	30	261	On the other hand, it must be admitted
LJ019-0026	8.970	113	940	of course with the added improvements following longer experience, of the pattern originated by the architectural genius of Sir Joshua Jebb.
LJ019-0028	5.290	67	569	Mr. Shaw-Lefevre, the Speaker of the House of Commons, Sir Benjamin Brodie,
LJ019-0030	3.072	39	332	Major, afterwards Sir Joshua Jebb,
LJ019-0032	5.777	73	612	The movement thus laudably initiated by the Government soon spread to the provinces.
LJ019-0034	7.972	100	839	Within half-a-dozen years no less than fifty-four new prisons were built on the Pentonville plan, others were in progress,
LJ019-0036	7.600	96	798	This list included Wakefield, Leeds, Kirkdale, Manchester, Birmingham, and Dublin.
LJ019-0038	7.902	99	828	The cost in each varied considerably, the general average being from one hundred twenty pounds to one hundred thirty pounds per cell.
LJ019-0040	7.867	99	824	the difficulty of access, and the admitted necessity of giving architectural importance to this the national model prison.
LJ019-0044	9.400	118	990	The south and west of England were also very laggard, and many years were still to elapse before the prisons in these parts were properly reconstituted.
LJ019-0046	7.414	93	777	was the variety of views as regards the discipline to be introduced in these new prisons. The time was one
LJ019-0048	3.920	49	415	A new and still imperfectly understood science had arisen,
LJ019-0050	5.104	64	537	One school were strongly in favor of the continuous separation of prisoners,
LJ019-0052	6.845	86	721	Both systems came to us from the United States. The difference was really more in degree than in principle,
LJ019-0054	6.485	82	685	But about eighteen fifty the two sides were distinctly hostile, and the controversy ran high.
LJ019-0056	8.807	111	926	Colonel Jebb preferred it; Messrs. Crawford and Whitworth Russell were convinced that the complete isolation of criminals from one another
LJ019-0060	6.903	87	730	that in districts where it was the rule, evil-doers especially dreaded coming under its irksome conditions.
LJ019-0062	4.883	62	521	The system of associated labor in silence had also its warm supporters,
LJ019-0064	5.417	68	574	that their condition was more natural, and approximated more nearly to that of daily life.
LJ019-0066	3.664	46	392	with the means of earning an honest livelihood if so disposed.
LJ019-0068	9.469	119	994	Separation was injurious to health, mental or physical, said one side; men broke down when subjected to it for more than a certain period,
LJ019-0072	7.379	93	780	It is scarcely necessary to follow the controversy further. I have only introduced the subject as showing how little as yet the State
LJ019-0074	8.459	106	881	The legislature was content to let local jurisdictions experimentalize for themselves; with the strange, anomalous result,
LJ019-0076	4.442	56	472	This variety was often extended to all branches of prison economy.
LJ019-0078	5.533	70	589	The amount of exercise varied from one or two hours daily to half the working day.
LJ019-0080	6.706	84	705	some were not sufficiently ventilated, others were warmed artificially, and were unwholesomely close.
LJ019-0084	3.223	41	350	The greatest pains might be taken to secure isolation,
LJ019-0088	6.718	84	703	There was no general rule of employment. Hard labor was often not insisted upon in separate confinement;
LJ019-0090	5.278	66	557	The alternative between labor or idleness, or the selection of the form of labor,
LJ019-0092	6.288	79	664	They were approved of and employed at some prisons, at others objected to because they were unproductive,
LJ019-0094	8.169	103	861	Opinions differed greatly with regard to the tread-wheel; some authorities advocated it as a very severe and irksome punishment,
LJ019-0096	8.424	106	884	other authorities as strongly condemned it as brutalizing, unequal in its operation, and altogether a "deplorable invention."
LJ019-0098	8.122	102	854	and the question was once more taken up in the House of Commons. In eighteen forty-nine Mr. Charles Pearson, M.P.,
LJ019-0100	4.907	62	525	but the session was far advanced, and the matter was relegated to the following year.
LJ019-0102	6.056	76	637	which was promptly carried, with the additional instruction to the committee to suggest any improvements.
LJ019-0104	7.983	100	835	That gentleman had come to the conclusion that the ordinary and hackneyed methods of treatment were practically inefficacious,
LJ019-0106	8.540	107	891	His plan was to devote the whole labor of prisoners sentenced to any term between three months and four years to agriculture.
LJ019-0108	5.475	69	580	The prisoners were to cultivate the land and raise sufficient produce for their own support.
LJ019-0110	5.023	63	532	Field labor, he urged, and with reason, was a very suitable employment;
LJ019-0112	7.612	96	808	Such excellent returns might be counted upon, that a margin of profit would be left after the cost of the prisons had been defrayed.
LJ019-0114	8.622	108	901	but Mr. Pearson overlooked some points in which a more practical mind would have foreseen difficulty, and perhaps forecasted failure.
LJ019-0116	8.064	101	845	anticipating the best results from a system which made earnings, and indeed release, dependent upon the amount of work done.
LJ019-0118	6.369	80	672	and later experience has fully proved the advantage of a judicious system of gratuities for labor;
LJ019-0120	8.599	108	902	omitted the fact that he might have to deal with that persistent idleness which is not an unknown characteristic of the criminal class.
LJ019-0122	6.741	85	712	Mr. Pearson seems to have taken for granted that all prisoners would behave well in his district prisons.
LJ019-0124	6.439	81	678	thinking perhaps that prisoners so well disposed would cheerfully remain in jail of their own accord.
LJ019-0126	3.420	43	365	The creation of an expensive staff for supervision,
LJ019-0128	6.892	87	730	I have lingered too long perhaps over Mr. Pearson's proposal, but some reference was indispensable to a scheme
LJ019-0130	3.780	48	408	since admirably developed in the convict prisons of this country.
LJ019-0132	4.489	57	482	in the inquiry which followed, attention was again attracted to Newgate.
LJ019-0134	7.147	90	752	radical improvement was generally considered impossible. The great evil, however, had been sensibly diminished.
LJ019-0136	9.620	121	1014	This was obviated by the frequent sessions of the Central Criminal Court, and the utilization of the two subsidiary prisons in Giltspur Street and Southwark.
LJ019-0138	8.169	103	863	at the most crowded periods, or just before the sessional jail delivery; and at its lowest it fell sometimes to fifty or sixty.
LJ019-0140	8.494	107	896	at times on long terms of imprisonment, and for the transports, whom the Home Office were often, as of old, slow to remove.
LJ019-0142	8.331	105	878	now seldom contained more than ten or a dozen each. Some sort of decorum was maintained among the occupants in the day-time.
LJ019-0144	9.109	114	948	the indiscriminate visitation of friends, and the almost unlimited admission of extra food, these more glaring defects had disappeared.
LJ019-0146	3.966	50	426	There was as yet no control over the prisoners after locking-up time;
LJ019-0148	4.024	51	433	The prisoners were still left to themselves till next morning's unlocking,
LJ019-0150	6.660	84	707	Captain Williams, who was the inspector of prisons for the home district in succession to Messrs. Crawford and Russell,
LJ019-0152	7.298	92	771	and on entering it found the prisoners engaged in kicking bundles of wood from one end of the ward to the other.
LJ019-0154	9.469	119	994	If any disturbance reached his ears, he reported the case to the governor, who next morning visited the ward in fault, and asked for the culprit.
LJ019-0156	8.831	111	926	Unless the guilty prisoner was given up, the whole ward was punished, either by the exclusion of visitors or the deprivation of fire,
LJ019-0158	9.283	117	976	Later on a more efficacious but still imperfect method of supervision was introduced. Iron cages, which are still to be seen in Newgate,
LJ019-0160	5.336	67	568	and check by remonstrance or threat of punishment all who broke the peace of the prison.
LJ019-0162	7.751	97	810	Other changes affecting the condition and proper treatment of prisoners were not made until the inspector had urged and recommended them.
LJ019-0164	5.963	75	629	the personal superintendence of night officers, as already described, became possible.
LJ019-0166	3.804	48	408	those for trial, and those sentenced for short terms or long
LJ019-0168	6.602	83	696	Renewed recommendations to provide employment resulted in the provision of a certain amount of oakum for picking,
LJ019-0170	9.411	118	984	more officers were appointed, as the time of so many of those already on the staff was monopolized by attendance at the Central Criminal Court.
LJ019-0172	9.632	121	1008	prisoners who had been acquitted were not permitted to return to the prison to show their joy and receive the congratulations of their unfortunate fellows.
LJ019-0174	5.278	66	553	It was less prompt apparently in dealing with structural alterations and improvements.
LJ019-0176	5.185	65	548	The wards had open fires, but the separate cells were not warmed at all.
LJ019-0178	7.797	98	819	and abandoned because of the expense. As to the entire reconstruction of Newgate, nothing had been done as yet.
LJ019-0180	3.931	50	423	His letter to the Corporation, under date fourth June,
LJ019-0182	5.359	67	564	Lord John Russell, commenting upon the offer of the Corporation to improve Newgate,
LJ019-0184	8.227	103	857	The Corporation had agreed to spend twenty thousand pounds on alterations, but sixty thousand pounds would suffice to reconstruct.
LJ019-0186	7.414	93	777	seeing that since the establishment of the Central Criminal Court, Newgate received prisoners for trial from several counties,
LJ019-0188	6.683	84	704	He forwarded plans prepared by the inspectors of prisons, not for blind adoption, but as a guide.
LJ019-0192	6.903	87	730	The court was, however, prepared to consider Lord John Russell's proposal with regard to the cost of rebuilding;
LJ019-0194	2.921	37	319	not to exceed a certain sum to be agreed upon.
LJ019-0196	5.081	64	540	free from any other interference than that of the inspectors on the part of Government.
LJ019-0198	6.764	85	711	and on a more mature consideration he realized that the limited area of the existing Newgate site,
LJ019-0200	3.153	40	343	It would be far better to begin at the beginning,
LJ019-0202	6.230	78	657	The preference given to the Pentonville system destroyed all hopes of a complete reformation of Newgate.
LJ019-0204	3.177	40	342	a serious effort was made to reconstruct Newgate.
LJ019-0206	3.780	48	412	This jail was nominally to replace the Giltspur Street Compter,
LJ019-0208	7.774	98	819	The proposal made was to purchase some fifty thousand square feet between Newgate, Warwick Lane, and the Sessions House,
LJ019-0210	6.021	76	639	But when this suggestion was brought before the court of aldermen, various amendments were proposed.
LJ019-0214	4.941	62	520	The Corporation owned lands there covering from nineteen to twenty acres.
LJ019-0216	4.848	61	515	Eventually Holloway was decided upon as a site for the new city prison.
LJ019-0218	7.960	100	833	The prison was to contain four hundred and four prisoners, and the estimated expenditure was seventy-nine thousand pounds.
LJ019-0220	5.290	67	565	the uses of Newgate were narrowed almost entirely to those of a prison of detention.
LJ019-0222	7.554	95	795	This principle became more and more generally the rule, although it has never been punctiliously observed. Now and again
LJ019-0224	8.436	106	887	With the reduction of numbers to be accommodated, there was ample space in Newgate for its reconstruction on the most approved modern lines.
LJ019-0226	8.691	109	912	the erection of a wing or large block of cells was commenced within the original walls of the prison, and upon the north or male side.
LJ019-0228	7.763	98	816	it also contained eleven reception cells, six punishment cells, and a couple of cells for condemned criminals.
LJ019-0230	8.715	109	906	In eighteen sixty-one a similar work was undertaken to provide separate cellular accommodation for the female inmates of Newgate,
LJ019-0232	4.605	58	488	During this reconstruction the female prisoners were lodged in Holloway,
LJ019-0234	7.565	95	796	The old buildings were entirely disused, and the whole of the inmates of Newgate were kept constantly in separate confinement.
LJ019-0240	7.496	94	787	But no structural alterations were made from the date first quoted until the time of closing the prison in eighteen eighty-one.
LJ019-0242	9.597	120	1001	Newgate naturally shared in any advantages due to these reforms. I propose, therefore, to refer to them in the concluding pages of this work,
LJ019-0244	9.330	117	976	The last inquiry into the condition and management of our jails and houses of correction was that made by the Lords' Committee in eighteen sixty-three.
LJ019-0246	8.459	106	884	It animadverted strongly on "the many and wide differences as regards construction, labor, diet, and general discipline"
LJ019-0248	8.006	101	840	leading to an inequality, uncertainty, and inefficiency of punishment productive of the most prejudicial results.
LJ019-0250	9.632	121	1010	In many prisons the prisoners were still associated, and, from the want of a sufficient number of cells, the principle of separation was still greatly neglected.
LJ019-0252	5.893	74	620	while its rigid maintenance was in its opinion vital to the efficiency of the jails.
LJ019-0254	7.972	100	833	they were frequently below the standard size, and were therefore not certified for occupation as was required by law.
LJ019-0258	5.394	68	574	Both, however, varied greatly in mechanism and in the amount of energy they called forth,
LJ019-0260	9.191	115	959	At other prisons "shot-drill," the lifting and carrying of heavy round shot, was the favorite method of inflicting penal labor.
LJ019-0262	7.124	90	753	The jail authorities often gave the highest, possibly undue, importance to the value of remunerative employment,
LJ019-0264	9.632	121	1011	and it was decidedly of opinion that in all short sentences the hard labor of the tread-wheel, crank, and so forth should be the invariable rule.
LJ019-0266	8.053	101	841	The efforts made by Sir James Graham years before to introduce uniformity in this particular had failed of effect.
LJ019-0268	9.191	115	957	In some places the dietary was too full, in others too meager. Its constituents were not of the most suitable character.
LJ019-0270	6.892	87	730	Vegetables, especially the potato, that most valuable anti-scorbutic, was too often omitted.
LJ019-0272	6.764	85	714	The prisons were still far from inflicting the three punishments, hard labor, hard fare, and a hard bed
LJ019-0274	1.540	20	178	It is interesting to note here
LJ019-0276	4.698	59	497	during short sentences, or the earlier stages of a long confinement,
LJ019-0278	7.832	98	821	This suggestion was adopted in the Act of eighteen sixty-five, which followed the committee's report, and of which more directly.
LJ019-0280	1.946	25	219	They are now the universal rule,
LJ019-0282	4.036	51	433	Their origin it will be seen dates back much further than that.
LJ019-0286	5.638	71	596	The minor borough prisons were the worst blot on the still dark and imperfect system.
LJ019-0288	6.021	76	639	In them, according to the committee, the old objectionable practices were still in full force.
LJ019-0290	4.303	54	458	There were dormitories without light, control, or regulation at night,
LJ019-0292	2.329	30	262	Prisoners still slept two in a bed.
LJ019-0294	5.870	74	621	The prison buildings were in many places out of repair; other houses often overlooked them.
LJ019-0296	5.731	72	603	Complete idleness was tolerated; there was neither penal labor nor light employment.
LJ019-0298	2.933	37	317	The total want of administration was very marked,
LJ019-0300	8.482	107	893	The committee might well suggest the abolition of these jails, or their amalgamation with the larger county establishments in their immediate neighborhood.
LJ019-0302	6.892	87	727	In eighteen sixty-two there were in all one hundred and ninety-three jails in England and Wales;
LJ019-0304	3.746	47	398	twenty-two others received between eleven and twenty-five;
LJ019-0306	7.182	90	750	while twenty-seven received less than six prisoners, and were in some instances absolutely tenantless.
LJ019-0308	5.441	69	583	the penultimate of such enactments, many of the provisions of which still remain in force.
LJ019-0310	5.650	71	597	which had long been admitted as indispensable, and had never as yet been properly obtained.
LJ019-0312	4.222	53	449	with the local jurisdictions, although still very leniently disposed.
LJ019-0314	6.021	76	635	The separation of prisoners in cells duly certified by the inspectors was insisted upon,
LJ019-0316	3.931	50	424	Hard labor of the first and second class was carefully defined.
LJ019-0318	5.301	67	565	was to be the rule for all convicted prisoners throughout the early stages of their detention;
LJ019-0320	6.427	81	677	was the boon to which willing industry extending over a long period established a certain claim.
LJ019-0322	8.958	112	934	On the other hand, new and careful regulations were framed to secure the moral and material well-being of the inmates of the jails.
LJ019-0324	8.192	103	859	The chaplain's duties were enlarged, and the principle of toleration accepted to the extent of securing to all prisoners
LJ019-0326	4.372	55	464	Steps were taken to provide the illiterate with secular instruction.
LJ019-0328	3.629	46	390	Stringent rules were prescribed for the prison surgeons;
LJ019-0330	5.011	63	533	Dietaries were drawn up for adoption on the recommendation of a committee of experts.
LJ019-0332	8.831	111	925	The administration of good government was to be watched over by the local magistracy, certain of whom, styled visiting justices,
LJ019-0334	4.291	54	456	Under them the governor or jailer was held strictly responsible.
LJ019-0336	4.523	57	481	His disciplinary powers were defined by the act, and his duties,
LJ019-0338	3.862	49	415	But discipline was to be maintained if necessary by punishment,
LJ019-0340	8.064	101	841	The latter was rendered nearly impossible by the penalties imposed on persons bringing spirituous liquors into the jail.
LJ019-0342	4.663	59	498	So was the employment of prisoners in any position of trust or authority;
LJ019-0344	6.009	76	640	monitor, or schoolmaster, nor to be engaged in the service of any officer of the prison.
LJ019-0346	7.774	98	821	They might raise funds for this purpose, provided a certificate for the necessity for the new works was given, either by the recorder
LJ019-0348	8.645	109	908	Every facility was promised. The sanction of the Secretary of State would not be withheld if plans and estimates were duly submitted,
LJ019-0350	8.831	111	926	The funds necessary would be advanced by the Public Works Loan Commissioners, and the interest might be charged against the county or borough rates.
LJ019-0352	5.719	72	602	or hesitated to embark upon any considerable expenditure to alter or rebuild,
LJ019-0354	9.736	122	1014	That no such contract was valid between one jurisdiction and another unless the Secretary of State was satisfied that the prison it was intended to use
LJ019-0356	8.239	103	859	But the act was not limited to permissive legislation. Its provisions and enactments were backed up by certain penalties.
LJ019-0358	7.623	96	807	with those in which there was no separation, no proper enforcement of hard labor, no chapel, infirmary, and so forth.
LJ019-0360	3.920	49	417	This he might do on the representation of the inspector of prisons,
LJ019-0362	7.763	98	818	Where the local authority had neglected to comply with the provisions of the eighteen sixty-five Act for four consecutive years,
LJ019-0364	9.214	116	965	His order would at the same time specify some neighboring and more satisfactory prison which the local authority would be compelled to utilize instead,
LJ019-0366	5.708	72	608	It was necessary, for instance, to give due notice when the government grant was to be withdrawn,
LJ019-0368	3.339	42	361	The latter too was to be laid before the House of Commons.
LJ019-0370	7.925	100	833	but if these conditions were observed, the Secretary of State could deal sharply enough with the defaulting jurisdictions.
LJ019-0372	8.517	107	895	It was practically inoperative as regards the penalties for neglect. It was no doubt as irksome and inconvenient to the Secretary of State
LJ019-0374	6.288	79	666	It was nearly impossible for them to exercise a very close supervision over the whole of the prisons of the country.
LJ019-0376	8.076	101	848	The task imposed upon them, tending as it did to the imposition of a fine upon the local authorities, was not a pleasant one,
LJ019-0378	6.427	81	676	As the almost inevitable consequence, while the more glaring defects in prison management disappeared,
LJ019-0380	3.583	45	383	In one part the most praiseworthy activity prevailed,
LJ019-0382	7.159	90	753	As the years passed, great want of uniformity continued to prevail throughout the prisons of the United Kingdom.
LJ019-0384	2.538	32	275	The Home Secretary in that administration,
LJ019-0386	7.693	97	810	that no complete reform could be accomplished so long as the prisons were left under the jurisdiction of the local authorities.
LJ019-0388	8.982	113	943	This bill, reintroduced in eighteen seventy-seven, became law that year, after which the whole of the prisons, including Newgate,
LJ019-0390	6.346	80	667	Since then a strong central authority has labored steadfastly to compass concentration,
LJ019-0392	1.946	25	218	in the administration of prisons.
LJ019-0394	5.499	69	583	It was only filled at the periods when the sessions of the Central Criminal Court were in progress;
LJ019-0396	4.848	61	516	At a short distance stood another prison of detention, that of Clerkenwell,
LJ019-0398	8.831	111	931	Accordingly, it was ordered by Sir William Harcourt, the present Secretary of State, that Newgate should cease to be used as a regular prison,
LJ020-0001	5.371	68	573	Marion Harland's Cookery for Beginners. Bread Sponge and Breakfast Breads.
LJ020-0003	8.947	112	933	But it keeps fresh longer, is softer and more nutritious, and a second-rate brand of flour thus treated produces a better loaf
LJ020-0005	7.345	92	772	Sponge-making is, therefore, an important if not an essential accomplishment in a cook, be she novice or veteran.
LJ020-0007	5.069	64	538	Five tablespoonfuls of yeast. One tablespoonful of white sugar.
LJ020-0009	6.033	76	640	Three cups of lukewarm water in which the potatoes were boiled, strained through a coarse cloth.
LJ020-0011	7.484	94	788	Put the potatoes into a large bowl or tray and mash them to powder with a potato beetle, or a wooden spoon.
LJ020-0013	6.602	83	698	Add a few spoonfuls at a time, the potato-water alternately with the flour by the handful,
LJ020-0015	3.177	40	342	Beat hard one minute before pouring in the yeast.
LJ020-0017	4.698	59	503	Now whip up the batter with a wooden spoon for another minute, and the sponge is made.
LJ020-0019	7.217	91	766	If you intend to bake in the forenoon, make the sponge at bedtime. If in the afternoon, early in the morning.
LJ020-0021	7.716	97	816	Into a hollow, like a crater in the middle of the flour, empty your sponge-bowl, and work the flour down into it.
LJ020-0025	3.571	45	384	One quart of Graham flour, one cup of white flour.
LJ020-0027	3.513	44	374	Half the quantity of sponge given in preceding receipt.
LJ020-0029	3.955	50	427	Put the brown or Graham flour unsifted into the bread-bowl.
LJ020-0031	8.181	103	866	Into the “crater” dug out in the middle, pour the sponge, warm water, the molasses, and soda dissolved in hot water.
LJ020-0033	5.092	64	543	It will not swell so fast as the white, so give yourself more time for making it.
LJ020-0035	9.144	115	966	make into two loaves, then put into well-greased pans and leave for an hour, or until it becomes more than twice the original size of the dough.
LJ020-0037	8.587	108	909	The oven must be steady, but not so hot as for white bread, nor will the Graham bread be done quite so soon as that made of bolted flour.
LJ020-0039	4.663	59	502	If rudely shaken or jarred, there will be heavy streaks in loaves.
LJ020-0041	8.099	102	856	The phosphates which the process of “bolting” removes to a large extent from white flour, go directly to the manufacture of bone,
LJ020-0043	7.310	92	771	After mixing your bread in the morning either with sponge or with yeast, divide the kneaded dough into two portions.
LJ020-0045	7.368	93	783	Make a hole in the middle of the other batch and pour into it a tablespoonful of butter, just melted, but not hot.
LJ020-0047	7.867	99	831	Put it into a floured bowl, cover with a cloth and set away out of draught and undue heat, for three hours.
LJ020-0049	7.542	95	800	When it is light for the second time flour your board, rubbing in the flour and blowing lightly away what does not adhere to the surface.
LJ020-0051	5.220	66	560	Flour a rolling-pin and roll the dough into a sheet not more than half an inch thick.
LJ020-0053	8.436	106	889	in the form of turnovers, pinching the corners of the fold pretty hard to hinder the flap of dough from flying up as the rising proceeds.
LJ020-0055	5.975	75	633	visiting every corner of the pan, but not leaving thick layers and streaks of grease after it.
LJ020-0057	7.194	90	756	Cover with a cloth and set nearer the fire than you dared trust the dough, and let them rise for an hour.
LJ020-0059	6.903	87	735	When the time is up and the rolls are puffy and promising, set them in a pretty quick oven and bake half an hour,
LJ020-0061	9.620	121	1009	Break the rolls apart from one another and eat warm. They are also good cold, and if the directions be followed implicitly, very good always.
LJ020-0063	2.526	32	277	They are even better when cold than hot.
LJ020-0065	2.387	30	260	Two cups of fresh milk slightly warmed.
LJ020-0067	2.062	26	227	Five tablespoonfuls of yeast.
LJ020-0069	2.190	28	243	One even teaspoonful of salt.
LJ020-0071	3.258	41	352	One tablespoonful of butter, just melted, not hot.
LJ020-0073	3.316	42	360	Sift the flour, salt and sugar into a bowl,
LJ020-0075	5.278	66	555	Into a second hollow pour the yeast and knead thoroughly for fifteen minutes.
LJ020-0077	7.263	91	766	Study the temperature in different parts of the kitchen and kitchen closets to the end of finding the best places for raising dough and sponge.
LJ020-0079	7.728	97	815	drill several finger-holes in it and fill them with the melted butter, the dissolved soda and the beaten yolk of egg.
LJ020-0081	8.413	106	889	and knead for ten minutes, carefully at first, lest the liquids should be wasted, and more boldly when they are absorbed by the paste.
LJ020-0083	6.079	76	644	prick each with a fork and let them rise near the fire for half an hour, covered with a light cloth.
LJ020-0085	8.076	101	849	Break apart from one another and pile on a plate, throwing a clean doily or a small napkin over them. Break open at table.
LJ020-0087	5.057	64	544	One word with regard to getting up early in order to give dough a chance for the second rising.
LJ020-0089	5.266	66	559	Studying upon an empty stomach provokes dyspepsia and injures the eyes.
LJ020-0091	3.699	47	402	Yet our bread and rolls must be looked after at the proper time.
LJ020-0093	5.011	63	534	Rise, wash face and hands, rinse the mouth out and brush back the hair.
LJ020-0095	3.467	44	377	Cover your hair entirely with a handkerchief or sweeping cap.
LJ020-0097	5.812	73	619	You will not relish it, but take it all the same to appease the empty, discontented stomach.
LJ020-0099	9.191	115	965	When habited for the day in all except the outer gown, collar, etc., slip on the wrapper again and run down to put the biscuits in the oven.
LJ020-0101	7.600	96	808	From the beginning of your apprenticeship in housewifery, learn how to "dovetail" your duties neatly into one another.
LJ020-0103	6.195	78	655	are better than mere personal strength in the accomplishment of such tasks as fall to women to perform.
LJ020-0105	4.314	54	461	Weave the little duties in and under and among what seem to be the greater.
LJ020-0107	9.330	117	978	The grand secret of keeping house well and without worry, lies in the art of packing and fitting different kinds of work and in picking up the minutes.
LJ021-0001	7.043	89	743	The Fireside Chats of Franklin Delano Roosevelt, by Franklin D Roosevelt, Section six.
LJ021-0003	5.893	74	623	Three months have passed since I talked with you shortly after the adjournment of the Congress.
LJ021-0005	4.918	62	519	Recently the most notable public questions that have concerned us all
LJ021-0007	8.819	111	924	I am happy to report that after years of uncertainty, culminating in the collapse of the spring of nineteen thirty-three,
LJ021-0009	8.018	101	842	with a greater certainty of the employment of labor at a reasonable wage and of more business at a fair profit.
LJ021-0011	4.489	57	479	Men may differ as to the particular form of governmental activity
LJ021-0014	3.467	44	371	but also our processes of civilization.
LJ021-0016	8.285	104	865	is indeed as strong now as it was years ago when Elihu Root said the following very significant words:
LJ021-0018	8.424	106	876	the tremendous power of organization has combined great aggregations of capital in enormous industrial establishments
LJ021-0022	4.988	63	528	between the small producer, the small trader, the consumer,
LJ021-0024	9.678	121	1004	all present new questions for the solution of which the old reliance upon the free action of individual wills appears quite inadequate.
LJ021-0026	5.348	67	561	seems necessary to produce the same result of justice and right conduct
LJ021-0028	3.804	48	406	It was in this spirit thus described by Secretary Root
LJ021-0030	6.961	88	738	Our first problem was, of course, the banking situation because, as you know, the banks had collapsed.
LJ021-0032	2.991	38	324	have been restored to complete public confidence.
LJ021-0034	6.578	83	692	Closely following this great constructive effort we have, through various federal agencies,
LJ021-0036	7.867	99	825	loans to the railroads and insurance companies and, finally, help for home owners and industry itself.
LJ021-0038	7.182	90	751	and with the full expectation that the money used to assist these enterprises will eventually be repaid.
LJ021-0040	4.848	61	513	The second step we have taken in the restoration of normal business enterprise
LJ021-0042	4.523	57	480	In this we have had assistance from many bankers and businessmen,
LJ021-0044	8.041	101	841	in the sale of unsound mortgages and in many other ways in which the public lost billions of dollars.
LJ021-0046	5.208	66	554	there could be no recovery of public confidence in the security of savings.
LJ021-0048	4.152	52	438	the careful checking of new securities under the Securities Act
LJ021-0050	3.014	38	323	I sincerely hope that as a result
LJ021-0052	3.606	46	387	The average person almost always loses.
LJ021-0054	2.991	38	325	that the way to wealth is through work.
LJ021-0056	7.043	89	739	Under its guidance, trades and industries covering over ninety percent of all industrial employees
LJ021-0058	6.369	80	667	Under these codes, in the industries covered, child labor has been eliminated.
LJ021-0060	6.903	87	724	Minimum wages have been established and other wages adjusted toward a rising standard of living.
LJ021-0062	6.277	79	659	in great part through the cooperation of American business brought about under the codes.
LJ021-0064	7.705	97	811	not only to labor in the form of new jobs, in relief from overwork and in relief from underpay,
LJ021-0066	7.554	95	795	together with a great increase in the payrolls, there has come a substantial rise in the total of industrial profits
LJ021-0068	6.335	80	669	to a level of sustained profits within one year from the inauguration of N.R.A.
LJ021-0070	6.369	80	671	Employed workers have not by any means all enjoyed a return to the earnings of prosperous times,
LJ021-0072	9.086	114	946	Also, billions of dollars of invested capital have today a greater security of present and future earning power than before.
LJ021-0074	5.383	68	568	in wage cutting which depresses markets and destroys purchasing power.
LJ021-0076	2.689	34	293	could not be brought about in one year.
LJ021-0078	8.599	108	897	no economic panacea, which could simply revive over-night the heavy industries and the trades dependent upon them.
LJ021-0080	8.784	110	915	In these gains and in the policies of the administration there are assurances that hearten all forward- looking men and women
LJ021-0084	6.903	87	726	We count, in the future as in the past, on the driving power of individual initiative
LJ021-0086	6.393	80	671	strengthened with the acceptance of those obligations to the public interest which rest upon us all.
LJ021-0088	6.172	78	652	We have passed through the formative period of code making in the National Recovery Administration
LJ021-0092	3.804	48	405	first, the legislative or policy making function;
LJ021-0094	9.109	114	942	consumer complaints and the settlement of disputes between employers and employees and between one employer and another.
LJ021-0096	4.442	56	470	under the able and energetic leadership of General Johnson.
LJ021-0098	6.485	82	683	modifying it where it needs modification and finally making recommendations to the Congress,
LJ021-0100	5.452	69	578	Let me call your attention to the fact that the national Industrial Recovery Act
LJ021-0102	4.129	52	440	If the codes which have been written have been too complicated,
LJ021-0104	7.763	98	816	let it be remembered that so far as possible, consistent with the immediate public interest of this past year
LJ021-0106	6.845	86	716	the representatives of trade and industry were permitted to write their ideas into the codes.
LJ021-0108	6.520	82	687	from the standpoint of the good of the industries themselves, as well as the general public interest,
LJ021-0110	8.262	104	862	have been best calculated to promote industrial recovery and a permanent improvement of business and labor conditions.
LJ021-0112	6.903	87	723	or to prevent destructive price cutting which many business organizations have insisted were necessary,
LJ021-0114	7.554	95	791	Another question arises as to whether in fixing minimum wages on the basis of an hourly or weekly wage
LJ021-0116	8.819	111	920	We also question the wisdom of extending code requirements suited to the great industrial centers and to large employers,
LJ021-0118	7.449	94	781	During the last twelve months our industrial recovery has been to some extent retarded by strikes,
LJ021-0120	8.250	104	864	I would not minimize the inevitable losses to employers and employees and to the general public through such conflicts.
LJ021-0122	3.885	49	416	has been far less than in any previous, comparable period.
LJ021-0124	9.051	114	945	when the farmers were demanding legislation which would give them opportunities and incentives to organize themselves for a common advance,
LJ021-0126	8.831	111	921	to organize themselves for collective bargaining as embodied in Section seven (a) of the national Industrial Recovery Act.
LJ021-0128	6.985	88	734	Both employers and employees must share the blame of not using them as fully as they should.
LJ021-0130	9.748	122	1012	who denies freedom of organization to his employees, or fails to make every reasonable effort at a peaceful solution of their differences,
LJ021-0132	8.297	104	865	The workers who turn away from these same impartial agencies and decline to use their good offices to gain their ends
LJ021-0134	7.205	91	761	It is time that we made a clean-cut effort to bring about that united action of management and labor,
LJ021-0136	3.223	41	351	We have passed through more than a year of education.
LJ021-0138	9.005	113	937	with justice for all those willing to use these agencies whenever their voluntary bargaining fails to produce a necessary agreement.
LJ021-0140	7.995	100	829	and in such an effort we should be able to secure for employers and employees and consumers
LJ021-0142	4.535	57	479	Accordingly, I propose to confer within the coming month
LJ021-0144	8.784	110	913	in order to seek their cooperation in establishing what I may describe as a specific trial period of industrial peace.
LJ021-0146	7.438	93	775	I shall seek assurances of the making and maintenance of agreements, which can be mutually relied upon,
LJ021-0148	8.436	106	880	may be determined and any later adjustments shall be made either by agreement or, in case of disagreement,
LJ021-0150	8.320	104	863	I shall not ask either employers or employees permanently to lay aside the weapons common to industrial war.
LJ021-0152	8.471	106	877	and to experiment for a reasonable time with measures suitable to civilize our industrial civilization.
LJ021-0154	8.192	103	858	is the program of Public Works provided for in the same Act and designed to put more men back to work,
LJ021-0156	8.308	104	867	To those who say that our expenditures for public works and other means for recovery are a waste that we cannot afford,
LJ021-0158	6.079	76	633	Demoralization caused by vast unemployment is our greatest extravagance.
LJ021-0160	8.680	109	908	Some people try to tell me that we must make up our minds that for the future we shall permanently have millions of unemployed
LJ021-0162	5.603	71	594	What may be necessary for those countries is not my responsibility to determine.
LJ021-0164	2.399	30	258	a permanent army of unemployed.
LJ021-0166	9.400	118	981	we must make it a national principle that we will not tolerate a large army of unemployed and that we will arrange our national economy
LJ021-0168	7.832	98	817	I do not want to think that it is the destiny of any American to remain permanently on relief rolls.
LJ021-0170	5.777	73	611	complain that all we have done is unnecessary and subject to great risks.
LJ021-0172	1.551	20	177	They point to England.
LJ021-0174	4.117	52	437	England has her peculiarities and we have ours
LJ021-0176	4.187	53	446	Did England let nature take her course? No.
LJ021-0178	3.397	43	366	Has England gone back to the gold standard today?
LJ021-0180	5.057	64	538	to issue new bonds therefore bearing only three and one half percent interest,
LJ021-0182	4.848	61	511	And let it be recorded that the British bankers helped.
LJ021-0184	7.263	91	758	Great Britain in many ways has advanced further along lines of social security than the United States?
LJ021-0186	1.737	22	194	than in the United States?
LJ021-0188	8.239	103	861	that much of our New Deal program is only an attempt to catch up with English reforms that go back ten years or more.
LJ021-0190	8.819	111	923	We do not get greatly excited nor is our peace of mind disturbed, whether we be businessmen or workers or farmers,
LJ021-0192	5.069	64	535	We are not frightened by reactionary lawyers or political editors.
LJ021-0194	8.784	110	915	More than twenty years ago, when Theodore Roosevelt and Woodrow Wilson were attempting to correct abuses in our national life,
LJ021-0196	9.539	120	997	There is great danger it seems to me to arise from the constant habit which prevails where anything is opposed or objected to,
LJ021-0198	9.713	122	1012	that the Constitution is but a barrier to progress instead of being the broad highway through which alone true progress may be enjoyed.
LJ021-0200	8.703	109	909	we have avoided on the one hand the theory that business should and must be taken over into an all-embracing government.
LJ021-0202	9.609	121	1005	the equally untenable theory that it is an interference with liberty to offer reasonable help when private enterprise is in need of help.
LJ021-0204	6.903	87	724	of regulating only to meet concrete needs -- a practice of courageous recognition of change.
LJ021-0208	2.492	32	276	into the service of the privileged few.
LJ021-0210	7.356	92	767	to greater security for the average man than he has ever known before in the history of America.
LJ022-0002	2.735	35	300	April twenty-eight, nineteen thirty-five.
LJ022-0006	6.903	87	731	Before I come to any of the specific measures, however, I want to leave in your minds one clear fact.
LJ022-0008	4.651	59	497	Each of our steps has a definite relationship to every other step.
LJ022-0010	5.859	74	622	At different points on the coast where I often visit they build great seagoing ships.
LJ022-0012	8.866	111	926	it is difficult for a person who does not know ships to tell how it will finally look when it is sailing the high seas.
LJ022-0014	4.848	61	511	the creation of a useful instrument for man ultimately comes.
LJ022-0016	7.937	100	829	Before that time individual self- interest and group selfishness were paramount in public thinking.
LJ022-0018	3.444	44	374	Three years of hard thinking have changed the picture.
LJ022-0022	3.955	50	423	That is a tremendous gain for the principles of democracy.
LJ022-0024	7.229	91	761	They know that the process of the constructive rebuilding of America cannot be done in a day or a year,
LJ022-0026	7.426	93	777	Americans as a whole are feeling a lot better -- a lot more cheerful than for many, many years.
LJ022-0028	4.303	54	455	I am reminded sometimes of what President Wilson once said:
LJ022-0030	5.626	71	599	and so few people who know anything about what the people of the United States are thinking about.
LJ022-0032	7.867	99	831	to go fishing or back home to Hyde Park, so that I can have a chance to think quietly about the country as a whole.
LJ022-0034	3.850	49	415	This duty of seeing the country in a long-range perspective
LJ022-0036	5.615	71	599	Did you ever stop to think that there are, after all, only two positions in the nation
LJ022-0038	8.308	104	867	That makes it particularly necessary for the Vice- President and for me to conceive of our duty toward the entire country.
LJ022-0040	8.064	101	841	My most immediate concern is in carrying out the purposes of the great work program just enacted by the Congress.
LJ022-0042	5.057	64	536	to assist materially in our already unmistakable march toward recovery.
LJ022-0044	4.883	62	522	Sometimes it depends upon what paper you read and what broadcast you hear.
LJ022-0046	8.343	105	871	It is true that while business and industry are definitely better our relief rolls are still too large.
LJ022-0048	1.482	19	169	They are still declining.
LJ022-0050	6.323	80	669	and every day that passes offers more chances to work for those who want to work.
LJ022-0054	7.321	92	767	The first is to make provisions intended to relieve, to minimize, and to prevent future unemployment;
LJ022-0056	9.713	122	1011	Our social security legislation is an attempt to answer the first of these questions; our Works Relief program, the second.
LJ022-0058	8.459	106	881	While our present and projected expenditures for work relief are wholly within the reasonable limits of our national credit resources,
LJ022-0060	3.780	48	407	We must begin now to make provision for the future.
LJ022-0062	3.978	50	422	It proposes, by means of old age pensions,
LJ022-0064	5.174	65	548	and to give to all a feeling of security as they look toward old age.
LJ022-0066	6.845	86	719	will not only help to guard the individual in future periods of lay-off against dependence upon relief,
LJ022-0068	8.157	102	846	Another helpful feature of unemployment insurance is the incentive it will give to employers to plan more carefully
LJ022-0070	4.883	62	522	Provisions for social security, however, are protections for the future.
LJ022-0072	3.746	47	401	through the most comprehensive work plan in the history of the nation.
LJ022-0074	4.489	57	483	It is a problem quite as much for private industry as for the government.
LJ022-0076	5.011	63	533	and we have every reason to believe that it should be in full swing by autumn.
LJ022-0078	2.886	37	316	one. The projects should be useful.
LJ022-0080	7.484	94	784	Projects will be sought which promise ultimate return to the federal treasury of a considerable proportion of the costs.
LJ022-0082	6.369	80	671	In all cases projects must be of a character to give employment to those on the relief rolls.
LJ022-0084	4.790	60	507	I next want to make it clear exactly how we shall direct the work.
LJ022-0086	7.112	89	741	to which all proposals for the expenditure of money must go for preliminary study and consideration.
LJ022-0088	7.287	92	767	they will be sent to an Allotment Division composed of representatives of the more important governmental agencies
LJ022-0090	7.449	94	783	The group will also include representatives of cities, and of labor, farming, banking and industry.
LJ022-0092	9.748	122	1012	and such projects as they approve will be next submitted to the President who under the Act is required to make final allocations.
LJ022-0094	7.716	97	810	in whose field the project falls, and also to notify another agency which I am creating -- a Progress Division.
LJ022-0096	6.021	76	637	and of making certain that people who are employed will be taken from the relief rolls.
LJ022-0098	7.078	89	740	of making full use of existing employment services and to assist people engaged in relief work
LJ022-0100	5.441	69	578	Moreover, this Division will be charged with keeping projects moving on schedule.
LJ022-0102	4.523	57	480	the creation of new governmental machinery for supervising this work.
LJ022-0104	9.202	116	966	and the experience and the competence necessary to carry on the two hundred and fifty or three hundred kinds of work that will be undertaken.
LJ022-0106	4.477	56	473	This will make certain that the largest possible portion of the funds allotted
LJ022-0108	3.049	39	333	For many months preparations have been under way.
LJ022-0110	5.986	75	628	The key men for the major responsibilities of this great task already have been selected.
LJ022-0112	7.902	99	821	and I assure my fellow citizens that no energy will be spared in using these funds effectively
LJ022-0114	4.163	53	448	Our responsibility is to all of the people in this country.
LJ022-0116	1.981	25	216	generated by this depression
LJ022-0118	4.570	58	486	No sectional, no political distinctions can be permitted.
LJ022-0120	7.530	95	789	there may be occasional instances of inefficiency, bad management, or misuse of funds.
LJ022-0122	7.403	93	781	there will be those, of course, who will try to tell you that the exceptional failure is characteristic of the entire endeavor.
LJ022-0124	8.146	102	852	There are chiselers in every walk of life; there are those in every industry who are guilty of unfair practices;
LJ022-0126	8.494	107	891	that the exceptional instances of wrong-doing in government are probably less numerous than in almost every other line of endeavor.
LJ022-0128	4.779	60	503	I call upon my fellow citizens everywhere to cooperate with me
LJ022-0130	8.866	111	923	It is time to provide a smashing answer for those cynical men who say that a democracy cannot be honest and efficient.
LJ022-0132	4.640	58	493	I, therefore, hope you will watch the work in every corner of this Nation.
LJ022-0134	6.741	85	709	Neither you nor I want criticism conceived in a purely fault-finding or partisan spirit,
LJ022-0136	7.321	92	767	examples of how the public money can be more effectively spent for the benefit of the American people.
LJ022-0138	8.448	106	880	It has under consideration many measures which provide for the rounding out of the program of economic and social reconstruction
LJ022-0140	6.578	83	696	I can mention only a few of them tonight, but I do not want my mention of specific measures
LJ022-0142	5.011	63	529	The National Industrial Recovery Act expires on the sixteenth of June.
LJ022-0144	3.571	45	383	As we have proceeded with the administration of this Act,
LJ022-0146	3.955	50	421	No reasonable person wants to abandon our present gains
LJ022-0148	4.674	59	494	to enforce minimum wages, to prevent excessive hours,
LJ022-0150	8.273	104	863	to eliminate so far as humanly possible, the kinds of unfair practices by selfish minorities which unfortunately
LJ022-0152	2.979	38	323	There is likewise pending before the Congress
LJ022-0154	4.175	53	445	I consider this legislation a positive recovery measure.
LJ022-0156	8.111	102	847	The operating companies in the gas and electric utility field are by and large in good condition, but
LJ022-0158	8.378	105	872	By far the greater part of the general decline in utility securities had occurred before I was inaugurated.
LJ022-0160	6.706	84	704	has lost touch with, and has lost the sympathy of, the communities it pretends to serve.
LJ022-0162	9.051	114	951	A business that loses the confidence of its customers and the goodwill of the public cannot long continue to be a good risk for the investor.
LJ022-0164	5.116	64	540	It will put the public utility operating industry on a sound basis for the future,
LJ022-0166	7.960	100	833	This legislation will not only in the long run result in providing lower electric and gas rates to the consumer,
LJ022-0168	6.753	85	711	who have little protection under the old laws against what used to be called frenzied finance.
LJ022-0170	8.819	111	922	Not only business recovery, but the general economic recovery of the nation will be greatly stimulated by the enactment of legislation
LJ022-0172	6.961	88	733	There is need for legislation providing for the regulation of interstate transportation by buses and trucks,
LJ022-0174	9.086	114	946	for the strengthening of the Interstate Commerce Commission to enable it to carry out a rounded conception of the national transportation system
LJ022-0176	5.290	67	563	Finally, the reestablishment of public confidence in the banks of the nation
LJ022-0178	8.947	112	931	We all know that private banking actually exists by virtue of the permission of and regulation by the people as a whole,
LJ022-0180	5.255	66	554	Wise public policy, however, requires not only that banking be safe
LJ022-0182	3.525	45	383	To this end it was decided more than twenty years ago
LJ022-0184	7.124	90	750	not by a few private banking institutions, but by a body with public prestige and authority.
LJ022-0186	5.742	72	604	Twenty years of experience with this system have justified the efforts made to create it,
LJ022-0188	7.345	92	766	Certain proposals made to amend the Federal Reserve Act deserve prompt and favorable action by the Congress.
LJ022-0190	9.225	116	965	These measures I have mentioned are, in large part, the program which under my constitutional duty I have recommended to the Congress.
LJ022-0192	3.107	39	332	They contemplate the enrichment of our national life
LJ022-0194	8.645	109	906	Never since my inauguration in March, nineteen thirty-three, have I felt so unmistakably the atmosphere of recovery.
LJ022-0196	6.532	82	681	It is the recovery of confidence in our democratic processes and institutions.
LJ022-0198	8.924	112	930	We have in the darkest moments of our national trials retained our faith in our own ability to master our destiny.
LJ022-0200	7.461	94	782	renewed faith in the vast possibilities of human beings to improve their material and spiritual status
LJ022-0202	2.863	36	308	That faith is receiving its just reward.
LJ023-0001	7.182	90	751	The Fireside Chats of Franklin Delano Roosevelt, by Franklin D Roosevelt, Section nine.
LJ023-0003	8.645	109	901	Last Thursday I described in detail certain economic problems which everyone admits now face the nation.
LJ023-0005	2.410	31	270	I take this means of saying "thank you."
LJ023-0007	7.345	92	771	I am reminded of that evening in March, four years ago, when I made my first radio report to you.
LJ023-0009	3.722	47	398	Soon after, with the authority of the Congress,
LJ023-0011	4.163	53	446	Today's recovery proves how right that policy was.
LJ023-0013	7.879	99	824	The change of one vote would have thrown all the affairs of this great Nation back into hopeless chaos.
LJ023-0015	9.167	115	954	to exact a pound of flesh was more sacred than the main objectives of the Constitution to establish an enduring Nation.
LJ023-0017	4.001	51	434	that we could not afford to take the risk of another great depression.
LJ023-0019	6.346	80	669	and to cure the abuses and the inequalities which had thrown that system out of joint.
LJ023-0021	5.406	68	569	to make it bomb-proof against the causes of nineteen twenty-nine.
LJ023-0023	7.809	98	816	and recovery is speeding up to a point where the dangers of nineteen twenty-nine are again becoming possible,
LJ023-0025	3.548	45	381	National laws are needed to complete that program.
LJ023-0027	9.260	116	963	It will take time -- and plenty of time -- to work out our remedies administratively even after legislation is passed.
LJ023-0029	7.484	94	782	we cannot delay one moment in making certain that our national government has power to carry through.
LJ023-0031	2.062	26	226	It was almost too late.
LJ023-0035	3.746	47	395	For in the last three national elections
LJ023-0037	3.479	44	374	not after long years of debate, but now.
LJ023-0039	4.547	57	478	by meeting squarely our modern social and economic conditions.
LJ023-0041	6.811	86	717	It is a quiet crisis. There are no lines of depositors outside closed banks.
LJ023-0043	5.661	71	597	I want to talk with you very simply about the need for present action in this crisis
LJ023-0047	8.331	105	875	The three horses are, of course, the three branches of government -- the Congress, the Executive and the courts.
LJ023-0049	6.416	81	678	Those who have intimated that the President of the United States is trying to drive that team
LJ023-0051	4.489	57	482	It is the American people themselves who are in the driver's seat.
LJ023-0053	7.983	100	833	It is the American people themselves who expect the third horse to pull in unison with the other two.
LJ023-0055	4.210	53	449	Like the Bible, it ought to be read again and again.
LJ023-0057	7.890	99	822	because the Articles of Confederation under which the original thirteen States tried to operate after the Revolution
LJ023-0059	9.632	121	1004	In its Preamble, the Constitution states that it was intended to form a more perfect Union and promote the general welfare;
LJ023-0061	7.252	91	759	that they were all the powers needed to meet each and every problem which then had a national character
LJ023-0063	1.946	25	219	But the framers went further.
LJ023-0065	5.592	70	585	they gave to the Congress the ample broad powers "to levy taxes
LJ023-0067	3.014	38	326	That, my friends, is what I honestly believe
LJ023-0069	6.381	80	668	with national power, intended as they said, "to form a more perfect union
LJ023-0071	5.650	71	595	For nearly twenty years there was no conflict between the Congress and the Court.
LJ023-0073	6.300	79	659	The Court claimed the power to declare it unconstitutional and did so declare it.
LJ023-0075	9.585	120	993	that it was an extraordinary power to exercise and through Mr. Justice Washington laid down this limitation upon it:
LJ023-0077	2.352	30	259	by which any law is passed,
LJ023-0079	6.938	87	724	But since the rise of the modern movement for social and economic progress through legislation,
LJ023-0083	5.731	72	606	The Court has been acting not as a judicial body, but as a policy-making body.
LJ023-0085	3.746	47	395	to safeguard business against unfair competition,
LJ023-0087	7.298	92	769	the majority of the Court has been assuming the power to pass on the wisdom of these acts of the Congress
LJ023-0089	2.619	33	283	That is not only my accusation.
LJ023-0091	7.310	92	771	I have not the time to quote to you all the language used by dissenting justices in many of these cases.
LJ023-0093	8.982	113	937	Chief Justice Hughes said in a dissenting opinion that the majority opinion was "a departure from sound principles,"
LJ023-0095	2.515	32	276	And three other justices agreed with him.
LJ023-0097	7.147	90	752	Justice Stone said of the majority opinion that it was a "tortured construction of the Constitution."
LJ023-0099	7.356	92	763	In the case holding the New York Minimum Wage Law unconstitutional, Justice Stone said
LJ023-0101	6.869	86	719	if the legislative power is not left free to choose the methods of solving the problems of poverty,
LJ023-0103	2.677	34	292	government is to be rendered impotent.
LJ023-0105	7.612	96	803	In the face of these dissenting opinions, there is no basis for the claim made by some members of the Court
LJ023-0107	7.890	99	826	In the face of such dissenting opinions, it is perfectly clear that, as Chief Justice Hughes has said,
LJ023-0109	9.469	119	988	The Court in addition to the proper use of its judicial functions has improperly set itself up as a third house of the Congress
LJ023-0111	8.215	103	857	reading into the Constitution words and implications which are not there, and which were never intended to be there.
LJ023-0113	9.620	121	1005	reached the point as a nation where we must take action to save the Constitution from the Court and the Court from itself.
LJ023-0115	7.333	92	765	We want a Supreme Court which will do justice under the Constitution -- not over it.
LJ023-0117	9.388	118	977	I want -- as all Americans want -- an independent judiciary as proposed by the framers of the Constitution.
LJ023-0119	9.504	119	985	that will refuse to amend the Constitution by the arbitrary exercise of judicial power -- amended by judicial say-so.
LJ023-0121	4.117	52	440	How then could we proceed to perform the mandate given us?
LJ023-0123	4.930	62	519	If these problems cannot be effectively solved within the Constitution,
LJ023-0125	8.204	103	854	adequately to regulate commerce, protect public health and safety, and safeguard economic security.
LJ023-0127	5.243	66	554	When I commenced to review the situation with the problem squarely before me,
LJ023-0129	8.436	106	881	the only method which was clearly constitutional, and would at the same time carry out other much needed reforms,
LJ023-0131	6.462	81	673	We must have men worthy and equipped to carry out impartial justice.
LJ023-0133	4.581	58	491	judges who will retain in the courts the judicial functions of a court,
LJ023-0135	9.133	115	958	In forty-five out of the forty-eight states of the Union, judges are chosen not for life but for a period of years.
LJ023-0137	2.828	36	305	Congress has provided financial security
LJ023-0139	6.149	77	645	In the case of Supreme Court justices, that pension is twenty thousand dollars a year.
LJ023-0141	6.938	87	729	can, if they choose, hold office for life, no matter how old they may get to be.
LJ024-0002	5.243	66	553	Section ten. March nine, nineteen thirty-seven. Part two.
LJ024-0004	5.719	72	602	It is simply this: whenever a judge or justice of any federal court
LJ024-0006	4.349	55	465	a new member shall be appointed by the President then in office,
LJ024-0008	2.805	36	307	That plan has two chief purposes.
LJ024-0010	6.323	80	669	to make the administration of all federal justice speedier and, therefore, less costly;
LJ024-0012	5.882	74	619	with modern facts and circumstances under which average men have to live and work.
LJ024-0014	7.345	92	768	The number of judges to be appointed would depend wholly on the decision of present judges now over seventy,
LJ024-0018	7.914	99	828	Consequently, although there never can be more than fifteen, there may be only fourteen, or thirteen, or twelve.
LJ024-0020	3.270	41	350	There is nothing novel or radical about this idea.
LJ024-0022	4.454	56	472	It has been discussed and approved by many persons of high authority
LJ024-0024	2.585	33	284	Why was the age fixed at seventy?
LJ024-0026	6.532	82	685	and the rules of many of our universities and of almost every great private business enterprise,
LJ024-0028	4.303	54	457	The statute would apply to all the courts in the federal system.
LJ024-0030	7.136	90	752	The plan has met opposition only so far as the Supreme Court of the United States itself is concerned.
LJ024-0032	8.877	111	925	Those opposing this plan have sought to arouse prejudice and fear by crying that I am seeking to "pack" the Supreme Court
LJ024-0034	3.293	42	360	What do they mean by the words "packing the Court"?
LJ024-0036	7.960	100	836	If by that phrase "packing the Court" it is charged that I wish to place on the bench spineless puppets
LJ024-0038	3.513	44	374	that no President fit for his office would appoint,
LJ024-0040	3.676	46	389	But if by that phrase the charge is made
LJ024-0042	2.979	38	322	who understand those modern conditions,
LJ024-0044	6.277	79	658	that I will appoint justices who will act as justices and not as legislators
LJ024-0046	9.376	118	979	then I say that I and with me the vast majority of the American people favor doing just that thing -- now.
LJ024-0048	4.094	52	439	The number of justices has been changed several times before,
LJ024-0050	5.684	72	602	Andrew Jackson, Abraham Lincoln and Ulysses S. Grant.
LJ024-0052	6.346	80	667	in accordance with a clearly defined principle relating to a clearly defined age limit.
LJ024-0054	7.832	98	816	democracy will have failed far beyond the importance to it of any king of precedent concerning the judiciary.
LJ024-0056	6.938	87	726	that we encourage the retirement of elderly judges by offering them a life pension at full salary.
LJ024-0058	6.277	79	658	or make independent on upon the desire or prejudice of any individual justice?
LJ024-0060	9.504	119	987	Normally every President appoints a large number of district and circuit court judges and a few members of the Supreme Court.
LJ024-0062	5.220	66	552	President Taft appointed five members and named a Chief Justice;
LJ024-0064	4.152	52	438	President Hoover, three, including a Chief Justice.
LJ024-0066	6.021	76	634	But chance and the disinclination of individuals to leave the Supreme bench
LJ024-0068	1.760	23	201	and one over seventy.
LJ024-0070	9.342	117	969	I now propose that we establish by law an assurance against any such ill-balanced court in the future.
LJ024-0072	4.790	60	505	a new and younger judge shall be added to the court automatically.
LJ024-0074	5.510	69	578	instead of leaving the composition of our federal courts, including the highest,
LJ024-0076	5.580	70	587	If such a law as I propose is regarded as establishing a new precedent,
LJ024-0078	7.031	88	732	Like all lawyers, like all Americans, I regret the necessity of this controversy.
LJ024-0080	8.041	101	841	Our difficulty with the Court today rises not from the Court as an institution but from human beings within it.
LJ024-0082	4.013	51	432	would deny us the necessary means of dealing with the present.
LJ024-0084	6.834	86	716	it seeks to restore the Court to its rightful and historic place in our constitutional government
LJ024-0086	4.059	51	432	The Court itself can best undo what the Court has done.
LJ024-0088	7.948	100	829	I hope that thereby the difficult process of constitutional amendment may be rendered unnecessary. But,
LJ024-0090	2.898	37	316	There are many types of amendment proposed.
LJ024-0092	8.471	106	879	There is no substantial groups within the Congress or outside it who are agreed on any single amendment.
LJ024-0094	9.342	117	973	It would take months and years thereafter to get a two-thirds majority in favor of that amendment in both Houses of the Congress.
LJ024-0096	9.736	122	1008	No amendment which any powerful economic interests or the leaders of any powerful political party have had reason to oppose
LJ024-0098	8.308	104	860	And thirteen states which contain only five percent of the voting population can block ratification
LJ024-0100	5.406	68	568	A very large percentage of newspaper publishers, Chambers of Commerce,
LJ024-0102	4.384	55	466	would be the first to exclaim as soon as an amendment was proposed
LJ024-0104	5.301	67	563	I am therefore, going to spend my time, my efforts and my money
LJ024-0106	6.149	77	643	Two groups oppose my plan on the ground that they favor a constitutional amendment.
LJ024-0108	7.797	98	816	This is the same group who during the campaign last Fall tried to block the mandate of the people.
LJ024-0112	7.751	97	812	To them I say: I do not think you will be able long to fool the American people as to your purposes.
LJ024-0114	4.477	56	477	and who would be willing to support a reasonable amendment if they could agree on one.
LJ024-0116	2.097	27	235	When the time comes for action,
LJ024-0118	3.084	39	335	Look at these strange bed-fellows of yours.
LJ024-0120	2.526	32	274	And remember one thing more.
LJ024-0122	6.497	82	687	its meaning would depend upon the kind of justices who would be sitting on the Supreme Court bench.
LJ024-0124	7.182	90	752	is what the justices say it is rather than what its framers or you might hope it is.
LJ024-0126	5.754	72	601	My record as Governor and President proves my devotion to those liberties.
LJ024-0128	7.484	94	782	The present attempt by those opposed to progress to play upon the fears of danger to personal liberty
LJ024-0130	6.753	85	710	to frighten the workers of America in a pay-envelope propaganda against the Social Security Law.
LJ024-0132	3.328	42	357	I am in favor of action through legislation:
LJ024-0134	3.792	48	407	Second, because it will provide a reinvigorated
LJ024-0136	7.786	98	815	Third, because it will provide a series of federal courts willing to enforce the Constitution as written,
LJ024-0138	7.159	90	751	During the past half century the balance of power between the three great branches of the federal government,
LJ024-0140	3.095	39	333	It is my purpose to restore that balance.
LJ024-0142	3.548	45	380	I seek to make American democracy succeed.
LJ025-0001	3.200	40	343	The Science: History of the Universe, Volume five.
LJ025-0003	7.078	89	742	The facts dealing with the physiology of organisms, the activities associated with that which we call life
LJ025-0005	9.481	119	985	The terms animal physiology, plant physiology and human physiology are in common use and often suggest to the lay reader
LJ025-0007	4.396	55	464	so much so as to require discussion in different treatises.
LJ025-0009	8.552	107	890	for in the past fifty years it has been made evident that in general principles all living things are fundamentally similar.
LJ025-0011	8.250	104	870	is Huxley's famous essay, "The Border Territory Between the Animal and Vegetable Kingdoms," written in eighteen seventy-six,
LJ025-0013	4.779	60	509	In the second edition of the "Regne Animal," published in eighteen twenty-eight,
LJ025-0015	8.030	101	841	in which the question is treated with that comprehensiveness of knowledge and clear critical judgment which characterize his writings
LJ025-0017	9.539	120	996	He affirms that living beings have been subdivided from the earliest times into animated beings, which possess sense and motion,
LJ025-0019	6.404	81	677	Although the roots of plants direct themselves toward moisture and their leaves toward air and light,
LJ025-0021	5.487	69	580	yet none of these movements justify the ascription to plants of perception of will.
LJ025-0023	7.089	89	745	reduces the necessity of the existence in them of an alimentary cavity, or reservoir of food,
LJ025-0025	6.544	82	683	he naturally sees the primary and the most important distinction between animals and plants,
LJ025-0027	8.122	102	852	and its appurtenances must needs vary according to the nature of the aliment and the operations which it has to undergo
LJ025-0029	7.635	96	799	while the atmosphere and the earth supply plants with juices ready prepared and which can be absorbed immediately.
LJ025-0031	5.394	68	574	there were no means by which the motion of its fluids could be produced by internal causes.
LJ025-0033	5.290	67	564	since it was unnecessary, and therefore is absent, in the more simple animals.
LJ025-0035	8.668	109	913	Hence, says Cuvier, it was necessary that the chemical composition of the animal body should be more complicated than that of the plant;
LJ025-0037	8.285	104	861	while in plants nitrogen is only accidentally joined with the three other fundamental constituents of organic beings
LJ025-0039	9.225	116	965	he afterward affirms that nitrogen is peculiar to animals, and herein he places the third distinction between the animal and the plant.
LJ025-0041	3.676	46	389	and carbonic acid containing carbon and oxygen.
LJ025-0043	7.937	100	835	The essential character of vegetable life is the exhalation of oxygen, which is effected through the agency of light.
LJ025-0045	4.814	61	515	They get rid of the superfluous hydrogen and carbon and accumulate nitrogen.
LJ025-0047	7.565	95	792	The plant withdraws water and carbonic acid from the atmosphere, the animal contributes both to it.
LJ025-0049	6.218	78	650	is the specially animal function of animals and constitutes their fourth distinctive character.
LJ025-0051	3.153	40	342	But in the fourth and fifth decades of this century
LJ025-0053	2.399	30	259	to the investigation of organic structure,
LJ025-0055	7.403	93	779	by the employment of instruments of precision for the measurement of the physical forces which are at work in the living economy.
LJ025-0057	8.099	102	854	such as the Charae, are in constant and regular motion was made out by Bonaventura Corti a century ago;
LJ025-0059	7.914	99	829	Robert Brown noted the more complex motions of the protoplasm in the cells of Tradescantia in eighteen thirty-one,
LJ025-0061	8.575	108	903	Agardh and other of the botanists of Cuvier's generation who occupied themselves with the lower plants had observed that,
LJ025-0063	4.187	53	450	and with all the appearances of spontaneity as locomotive bodies,
LJ025-0065	8.204	103	866	Even as late as eighteen forty-five, however, a botanist of Schleiden's eminence dealt very skeptically with these statements,
LJ025-0067	6.021	76	638	had declared the greater number of what are now recognized as locomotive plants to be animals.
LJ025-0069	8.552	107	894	innumerable plants and free plant cells are known to pass the whole or part of their lives in an actively locomotive condition,
LJ025-0073	7.089	89	748	the presence in animals of an alimentary cavity, or internal pocket, in which they can carry about their nutriment
LJ025-0075	8.204	103	859	with the advance of microscopic anatomy, the universality of the fact itself among animals has ceased to be predicable.
LJ025-0077	1.958	25	219	Their food is provided for them,
LJ025-0079	4.117	52	439	the males of most Rotifers have no digestive apparatus.
LJ025-0081	8.738	110	919	has no permanent digestive cavity or mouth, but takes in its food anywhere and digests, so to speak, all over its body.
LJ025-0083	4.686	59	498	it remains one of the most constant of the distinctive characters of animals.
LJ025-0085	4.930	62	521	the definition so changed will cover all animals, except certain parasites,
LJ025-0087	6.358	80	668	On the other hand, the definition thus amended will exclude all ordinary vegetable organisms.
LJ025-0089	5.266	66	554	The third distinction is based on a completely erroneous conception of the chemical differences
LJ025-0091	3.014	38	325	as it was current among contemporary chemists.
LJ025-0093	4.686	59	501	and that the latter is, chemically speaking, just as complicated as the former.
LJ025-0095	6.985	88	737	once supposed to be exclusively confined to plants, are now known to be regular and normal products of animals.
LJ025-0097	5.034	63	531	Cellulose is widespread as a constituent of the skeletons of the lower animals
LJ025-0099	7.855	99	826	Moreover, although it remains true that there is an inverse relation between the green plant in sunshine and the animal,
LJ025-0101	8.111	102	850	decomposes carbonic acid and exhales oxygen while the animal absorbs oxygen and exhales carbonic acid,
LJ025-0105	3.513	44	377	On the other hand, those plants, such as the fungi,
LJ025-0107	3.304	42	358	They absorb oxygen and give out carbonic acid.
LJ025-0109	8.738	110	915	has been as completely invalidated as the third and second, and even the first can be retained only in a modified form
LJ025-0111	7.136	90	750	But has the advance of biology simply tended to break down old distinctions without establishing new ones?
LJ025-0113	6.358	80	671	The famous researches of Schwann and Schleiden in eighteen thirty-seven and the following years
LJ025-0115	7.972	100	834	and from that day to this the rapid improvement of methods of investigation and the energy of a host of accurate observers
LJ025-0117	5.139	65	544	that a fundamental unity of structure obtains in animals and plants,
LJ025-0119	8.436	106	892	from the metamorphosis of morphological units (termed cells in a more general sense than that in which the word "cells" was at first employed),
LJ025-0121	6.242	79	661	but present a close resemblance when those of animals and those of plants are compared together.
LJ025-0123	5.998	75	629	has not only been discovered to exist far more widely among plants than was formerly imagined,
LJ025-0125	8.819	111	925	as Dr. Burdon Sanderson's interesting investigations have shown, by a disturbance of the electrical state of the contractile substance
LJ025-0129	9.597	120	1005	On each lobe of the bi-lobed leaf of Venus flytrap are three delicate filaments which stand out at right angles from the surface of the leaf.
LJ025-0131	6.961	88	739	and the lobes of the leaf instantly close together in virtue of an act of contraction of part of their substance,
LJ025-0133	5.266	66	561	The reflex action of the snail is the result of the presence of a nervous system in the animal.
LJ025-0135	8.738	110	920	is propagated to the muscles by which the body is retracted, and causing them to contract, the act of retraction is brought about.
LJ025-0137	5.139	65	545	but it suggests a suspicion of their identity which needs careful testing.
LJ025-0139	7.333	92	770	converge toward the conclusion that the nerve fibers, which have been regarded as ultimate elements of nervous tissue,
LJ025-0141	4.941	62	524	the diameter of which dwindles down to the limits of our present microscopic vision,
LJ025-0143	6.416	81	677	nothing but a linear tract of specially modified protoplasm between two points of an organism
LJ025-0145	6.253	79	661	Hence it is conceivable that even the simplest living being may possess a nervous system.
LJ025-0147	8.657	109	914	with a problem of extreme difficulty, which must be attacked from a new point of view and by the aid of methods which have yet to be invented.
LJ025-0149	7.229	91	764	that, while locomotive, their movements may have as much appearance of spontaneity as those of the lowest animals,
LJ025-0151	8.471	106	885	And it must be allowed to be possible that further research may reveal the existence of something comparable to a nervous system in plants.
LJ025-0153	6.613	83	696	and inquire whether certain differences of a more occult character than those imagined to exist by Cuvier,
LJ025-0155	8.181	103	859	A bean may be supplied with water in which salts of ammonia and certain other mineral salts are dissolved in due proportion,
LJ025-0157	8.680	109	910	Under these circumstances, unnatural as they are, with proper management, the bean will thrust forth its radicle and its plumule;
LJ025-0159	7.345	92	778	and this plant will, in due time, flower and produce its crop of beans just as if it were grown in the garden or in the field.
LJ025-0161	7.333	92	772	of the oily, starchy, saccharine and woody substances contained in the full-grown plant and its seeds
LJ025-0163	7.588	95	794	But nothing has been supplied to the bean save water, carbonic acid, ammonia, potash, lime,
LJ025-0165	9.016	113	947	Neither protein, nor fat, nor starch, nor sugar, nor any substance in the slightest degree resembling them has formed part of the food of the bean.
LJ025-0169	6.729	85	717	The bean has been able to perform this great chemical feat by the help of its green coloring matter, or chlorophyll,
LJ025-0171	4.663	59	498	setting free the oxygen and laying hold of the carbon which it contains.
LJ025-0173	5.638	71	598	The watery solution, in which its roots are plunged, contains nitrogen but no carbon;
LJ025-0175	5.998	75	636	but its nitrogen is in the state of a free gas, in which condition the bean can make no use of it,
LJ026-0001	8.366	105	877	The Science: History of the Universe, Volume five. Edited by Francis Rolt-Wheeler. Biology. Chapter eight.
LJ026-0003	7.763	98	818	Nutrition thus, as has been pointed out, makes it possible to classify most organisms as animals or plants.
LJ026-0005	7.844	99	828	that is, the forms may possess a mouth for the ingestion of solid food and green coloring matter, chlorophyll,
LJ026-0007	3.525	45	383	Many of the lowest forms of life have long been puzzles
LJ026-0009	6.126	77	648	The fact is that they are on the border line, are neither plants nor animals but simply organisms.
LJ026-0011	2.503	32	276	Because of these uncertain forms of life,
LJ026-0013	2.747	35	301	Parker's definition of animals and plants,
LJ026-0015	8.552	107	894	He says: Animals are organisms of fixed and definite form, in which the cell-body is not covered with a cellulose wall.
LJ026-0017	8.807	111	922	their nutritive processes result in oxidation, they have a definite organ of excretion and are capable of automatic movement
LJ026-0019	6.602	83	695	they cannot ingest solid food, but are nourished by a watery solution of nutrient materials.
LJ026-0021	6.056	76	638	nitrogen is obtained from simple salts and the nutritive processes result in deoxidation;
LJ026-0023	6.694	84	705	nitrogen either from simple salts or from proteids, and the process of nutrition is one of oxidation.
LJ026-0025	8.273	104	866	The important point to recognize is that these boundaries are artificial and that there are no scientific frontiers in Nature.
LJ026-0027	8.413	106	887	as in a mountainous country, it is impossible to say where mountain ends and valley begins; as in the development of an animal,
LJ026-0029	1.969	25	219	so in the case under discussion.
LJ026-0031	5.081	64	539	but when the two groups are traced downward they are found gradually to merge,
LJ026-0033	3.618	46	389	be either included in or excluded from either.
LJ026-0035	7.542	95	794	the organism must be compared in detail with all those which resemble it closely in structure, physiology and life history,
LJ026-0037	4.175	53	452	It will no doubt occur to the reader that, on the theory of evolution,
LJ026-0039	8.587	108	898	the earliest organisms were protists and that from them animals and plants were evolved along divergent lines of descent.
LJ026-0041	5.545	70	585	may flourish in solutions wholly devoid of organic matter is very significant.
LJ026-0043	9.690	122	1015	and hence so unfamiliar that to most people the comparison made will mean little in terms of ordinary green flowering plants and common vertebrate animals.
LJ026-0045	5.290	67	567	e.g., a bean plant with a higher animal, e.g., frog or even man.
LJ026-0047	6.520	82	684	circulation, metabolism, excretion, oxygenation (part of respiration),
LJ026-0049	3.455	44	377	In turn these will be compared for the animal and the plant,
LJ026-0051	7.728	97	808	These comparisons will, however, be translated into terms applicable to any species of higher plants or animals.
LJ026-0053	9.597	120	1001	or animal matter in the form of various organic compounds, of which the most important are proteids (protoplasm, albumen, etc.),
LJ026-0055	7.739	97	815	These materials are used by the animal in the manufacture of new protoplasm to take the place of that which has been used up.
LJ026-0057	6.218	78	649	They must first undergo certain preparatory chemical changes known collectively as digestion
LJ026-0061	8.657	109	913	These substances, which are dissolved in a watery liquid to form the digestive fluid, are secreted by the walls of the alimentary tube.
LJ026-0063	7.078	89	748	The food supply of the higher plant, like that of the animal, is the source of the required matter and energy,
LJ026-0065	4.442	56	476	Matter enters the plant in the liquid or gaseous form by diffusion,
LJ026-0067	8.053	101	844	We have here the direct absorption into the body proper of food-stuffs precisely as the animal takes in water and oxygen.
LJ026-0069	7.612	96	804	as the potential energy of foodstuffs, but comes in principally as the kinetic energy of sunlight absorbed in the leaves.
LJ026-0071	8.866	111	922	Water and dissolved salts continually pass by diffusion from the soil into the roots, where together they constitute the sap.
LJ026-0073	7.855	99	827	being the constant transpiration (evaporation) of watery vapor from the leaves, especially through the stomata.
LJ026-0075	6.544	82	689	are dissolved by the sap in the leaves and elsewhere and thus may pass to every portion of the plant.
LJ026-0077	9.585	120	1006	to the chlorophyll bodies or chromatophores, for plants which, like fungi, etc., are devoid of chlorophyll, are unable thus to acquire energy.
LJ026-0079	8.064	101	841	After passing through manifold but imperfectly known processes, the elements of these substances finally reappear as starch,
LJ026-0081	8.169	103	857	Thus the leaf of a green plant in the light is continually absorbing carbon dioxide and giving forth free oxygen.
LJ026-0083	5.824	73	611	Starch, however, contains potential energy, since the molecule is relatively unstable
LJ026-0085	5.464	69	583	And this is due to the fact that in the manufacture of starch in the chlorophyll bodies
LJ026-0087	7.751	97	813	In this way some of the radiant and kinetic energy of the sun comes to be stored up as potential energy in the starch.
LJ026-0091	8.192	103	861	This must, in the first instance, be provided for them by green plants, and hence without chlorophyll-bearing plants,
LJ026-0093	7.298	92	770	The plant absorbs also a small amount of kinetic energy, independently of the sunlight, in the form of heat.
LJ026-0095	6.427	81	679	Food (starch) thus produced in the green leaves of higher plants and the inorganic foods
LJ026-0097	4.848	61	517	furnish the materials and energy required for the life and growth of the plant.
LJ026-0099	7.170	90	753	are absorbed by the circulating liquids (blood and lymph) and transported to all cells of the animal body.
LJ026-0101	2.944	37	317	The causes of this ascent are not clear,
LJ026-0103	5.150	65	548	Just as the solid food of animals must be digested in preparation for absorption,
LJ026-0105	4.454	56	474	This is done by diastase, an enzyme of plant cells.
LJ026-0107	7.646	96	804	Dissolved in water, the sugar is transported down delicate tubes, chiefly in the growing bark region of the stem.
LJ026-0109	5.116	64	540	but no system of complete circulation as in the blood vessels of a higher animal.
LJ026-0111	3.757	47	397	In the cells the foods undergo metabolic changes.
LJ026-0113	3.165	40	341	Only proteid foods form new protoplasm
LJ026-0115	4.918	62	520	The excess undergoes oxidation and forms nitrogen excretions.
LJ026-0117	8.146	102	851	are directly oxidized to excretions and, lacking nitrogen, cannot serve for making new animal protoplasm.
LJ026-0119	6.160	78	653	They may be stored, especially as fat, until needed for oxidation to supply energy.
LJ026-0121	9.156	115	957	The destruction of protoplasm, excess proteids or the fat and carbohydrate foods is catabolism, destructive metabolism.
LJ026-0123	8.215	103	859	which could be derived by the ordinary chemical evolution of protoplasm, proteid, sugar, starch or fats.
LJ026-0125	6.718	84	704	But the formation of starch, all important as it is, is after all only the manufacture of food
LJ026-0127	4.686	59	496	These processes must take place everywhere in ordinary protoplasm,
LJ026-0129	9.028	113	944	Sooner or later the starch grains are changed into a kind of sugar (glucose), which, unlike starch, dissolves in the sap
LJ026-0131	7.507	94	787	Wherever there is need for new protoplasm, whether to repair previous waste or to supply materials for growth,
LJ026-0133	7.159	90	754	combined with nitrogen and sulphur (probably also with salts, water, etc.) to form proteid matter.
LJ026-0135	8.064	101	850	If a larger quantity of starch is formed in the chlorophyll bodies than is immediately needed by the protoplasm for purposes of repair or growth,
LJ026-0137	5.789	73	615	and be laid down as "reserve starch" in the cells of root or stem or elsewhere.
LJ026-0139	7.774	98	816	It is probable that new leaves and new tissues generally are always formed in part from this reserve starch.
LJ026-0141	8.599	108	901	The construction in the cells of new proteid from the absorbed carbohydrate and the materials from the soil is true anabolism.
LJ026-0143	7.925	100	833	Probably foods containing carbon, hydrogen and oxygen are the sources of energy in the higher plants as in animals.
LJ026-0145	6.381	80	669	In the animal carbon dioxide, water and nitrogen compounds are the chief excretions.
LJ026-0149	9.492	119	991	excretions which are lost by osmosis through the roots and the accumulated but useless mineral substances which are eliminated by leaf fall.
LJ026-0151	3.386	43	366	Hence oxygen must be supplied to the cells.
LJ026-0153	6.602	83	696	the other part of respiration, elimination of carbon dioxide, has been treated under excretions.
LJ026-0155	4.523	57	483	and later is absorbed from the blood and lymph by all the living cells.
LJ026-0157	8.657	109	911	This process is, however, obscured during the day because of the oxygen freed in the manufacture of starch which goes on at that time.
LJ026-0159	6.311	79	658	and hence the excess oxygen is eliminated while starch manufacture is in process.
LJ026-0161	5.394	68	571	with the part played by the same substances in starch formation (photosynthesis).
LJ026-0163	8.877	111	928	This is true also of green plants in darkness and even in the light of all parts of green plants except the chlorophyll-bodies.
LJ026-0165	5.963	75	629	Imagine a higher animal with an attachment for turning the carbon dioxide and water excreted
LJ027-0001	5.719	72	608	The Science: History of the Universe, Volume five. Edited by Francis Rolt-Wheeler.
LJ027-0003	6.207	78	653	The facts of biology which admit of adequate explanation only in connection with the theory of descent
LJ027-0005	3.838	48	405	paleontology, distribution and domestication.
LJ027-0007	4.953	62	520	There are numberless similarities and correlations and surprising uniformities.
LJ027-0009	9.156	115	963	there are, after all, only a few types of structure among all animals and plants, some three or four or eight or ten general modes of development,
LJ027-0011	8.018	101	844	It is, moreover, true that all living forms are but series of modifications and extensions of one single plan of structure.
LJ027-0013	7.554	95	798	the mysterious semi-fluid network of protoplasm, which is, so far as is known, the physical basis of all life;
LJ027-0015	8.076	101	848	which in some fashion presides over all the movements of the protoplasm and is the physical basis of the phenomena of heredity.
LJ027-0017	3.362	43	365	All organisms have the same need of reproduction.
LJ027-0019	8.877	111	924	And at last each organism or each alliance of organisms must come to the greatest concession of all, which is called death.
LJ027-0021	6.857	86	721	Whatever emphasis is laid upon the diversity of life, the essential unity of all organisms must not be forgotten.
LJ027-0023	6.044	76	635	that the only reasonable explanation for the existence of a fundamental unity in organic life
LJ027-0025	7.542	95	794	The facts adduced from morphology, being the result of researches into the structure of adult animals and plants,
LJ027-0029	7.205	91	763	For illustration: a change in the locomotive habit of a bird from that of flying to that of an ostrich
LJ027-0031	4.419	56	474	but not in any striking way is there change in the internal organs.
LJ027-0033	7.310	92	768	On the other hand, external structures are likely to undergo adaptation when habits or conditions of life change.
LJ027-0035	8.157	102	849	In the second place, it must be noted that adaptations to similar conditions may result in superficial resemblances.
LJ027-0037	2.921	37	315	both adaptations to an aerial environment;
LJ027-0039	2.387	30	258	both adaptations for pumping blood;
LJ027-0041	9.411	118	982	both adaptive swimming organs, yet the resemblance in these cases does not go deeper than the surface -- it is one of function only.
LJ027-0043	3.119	39	333	and mean nothing more than similarity of environment.
LJ027-0045	8.517	107	889	careful study shows detailed internal as well as external similarities of structure. Such cases are "homologies".
LJ027-0047	4.036	51	432	totally different structures are modified to perform the same functions.
LJ027-0049	6.068	76	635	the structural elements remain, but are profoundly modified to perform totally different functions.
LJ027-0051	1.992	25	217	It means blood relationship.
LJ027-0053	9.318	117	972	The most striking fact of similar structure among plants and among animals is the existence of a common general plan in any group.
LJ027-0055	9.086	114	951	"All vertebrate animals, and none other," says Le Conte, "have an internal jointed skeleton worked by muscles on the outside.
LJ027-0057	7.867	99	829	In all vertebrates, and in none other, the axis of this skeleton is a jointed backbone (vertebral column)
LJ027-0059	3.769	48	409	These, therefore, may well be called backboned animals.
LJ027-0061	4.361	55	467	in order to enclose and protect a similar enlargement of the nervous center,
LJ027-0063	6.996	88	740	enlarged and consolidated to form the pelvis, to serve as a firm support to the hind-limbs.
LJ027-0065	8.958	112	936	enclosed and protected by the skeleton, viz., the neural cavity above, and the visceral or body cavity below, the vertebral column.
LJ027-0067	7.287	92	772	The exceptions are of two kinds, viz.: (a) some lowest fishes, amphioxus and lampreys,
LJ027-0069	6.462	81	683	and (b) degenerate forms like snakes and some lizards, which have lost their limbs by disuse.
LJ027-0071	6.033	76	637	But much more remains which is not only suggestive, but demonstrative of such origin.
LJ027-0073	2.979	38	326	may be shown to be modifications one of another.
LJ027-0075	6.520	82	687	but, in spite of all these obscurations, corresponding parts usually may be made out.
LJ027-0077	5.708	72	604	but attention may be called to a like similarity extending to the details of structure.
LJ027-0079	5.661	71	598	a series of either fore or hind limbs of a mammal with one toe (horse),
LJ027-0081	5.499	69	580	exhibit a remarkable series of homologies pointing to a five-toed ancestor,
LJ027-0083	8.250	104	874	For such a series of facts the reader must be referred to special books like Wiedersheim's "Comparative Anatomy of the Vertebrates,"
LJ027-0085	6.079	76	635	The existence of great similarities in vertebrate structure is not always fully recognized.
LJ027-0087	5.986	75	632	to be entirely different machines, made each for its own purposes, at once, out of hand.
LJ027-0089	8.424	106	886	The simplest, in fact the only scientific, explanation of the phenomena of vertebrate structure is the idea of a primal vertebrate,
LJ027-0091	4.616	58	492	See, then, the difference between man's mode of working and Nature's.
LJ027-0093	5.824	73	612	will nearly always be compelled to add new parts not contemplated in the original machine.
LJ027-0095	8.018	101	849	It is as if Nature were not free to use any and every device to accomplish her end, but were conditioned by her own plans of structure;
LJ027-0099	7.670	96	800	Another striking class of the facts of morphology which admit of scientific explanation only along the line of homology
LJ027-0101	7.832	98	815	Throughout both the animal and vegetable kingdoms dwarfed and useless representatives of organs are constantly met with,
LJ027-0103	4.454	56	473	Thus, for instance, the unborn whale has rudimentary teeth,
LJ027-0105	6.927	87	731	a number of organs which never could have been of use to any kind of creature save a terrestrial quadruped.
LJ027-0107	8.866	111	923	rudiments of eyes in cave fishes, hind limbs beneath the skin of whales, the vermiform appendix in man,
LJ027-0109	5.626	71	600	Wiedersheim has recorded more than one hundred and eighty such structural reminiscences in man.
LJ027-0111	2.608	33	284	usually, indeed, a considerable number.
LJ027-0113	6.311	79	659	Of course the theory of descent with adaptive modification has a simple answer to supply
LJ027-0115	7.449	94	784	it will be suffered to dwindle away in successive generations, under the influence of certain natural causes.
LJ027-0117	6.694	84	704	"Now, here again the former theory appears to be triumphant over the latter," says Romanes,
LJ027-0119	8.831	111	927	surely if such a method were adopted in so many cases, we should expect that in consistency it would be adopted in all cases.
LJ027-0121	7.112	89	753	In numberless cases, such as that of the fore-limbs of serpents, no vestige of a rudiment is present.
LJ027-0123	7.588	95	793	where within the limits of the same natural group of organisms a rudiment is sometimes present and sometimes absent.
LJ027-0125	5.475	69	581	in the Python we find very tiny rudiments of the hindlimbs. Now,
LJ027-0127	9.632	121	1015	while neglecting to maintain his unity of ideal in the case of nearly all the numerous species of snakes, he should have added a tiny rudiment in the case of the Python
LJ027-0129	5.046	64	543	Convincing as are the evidences of descent recorded in the structure of plants and animals,
LJ027-0131	4.198	53	448	of descent discovered in the development of plant and animal embryos.
LJ027-0133	8.587	108	905	to present the mass of embryological evidence, but a few salient facts will illustrate the kind of evidence to be deduced from embryology.
LJ027-0135	8.993	113	940	which, briefly stated, is that individual development (ontogeny) recapitulates ancestral history (phylogeny).
LJ027-0137	2.666	34	294	"It is an observable fact," says Romanes,
LJ027-0139	9.353	117	971	and developmental changes which may be observed during the life history of now existing individuals belonging to the same group of animals.
LJ027-0142	8.773	110	918	the antlers of an existing deer furnish in their development a kind of "resume," or recapitulation, of the successive phases
LJ027-0144	2.387	30	258	Now, it must be obvious
LJ027-0146	4.860	61	512	though now extinct species, speaks strongly in favor of evolution.
LJ027-0148	3.804	48	409	we should antecedently expect, if the theory is true,
LJ027-0150	3.107	39	334	through which their long line of ancestors had passed.
LJ027-0152	7.298	92	771	for instance, were separately created, additional prongs were successively added to their antlers; and yet that,
LJ027-0154	7.252	91	758	the process of successive additions which had previously taken place in a remote series of extinct species.
LJ027-0156	7.879	99	827	According to the evolutionary interpretation of such facts, we can see a very good reason why the life-history of the individual
LJ027-0158	6.369	80	670	But according to the opposite view no reason can be assigned why such should be the case.
LJ027-0162	4.500	57	481	The fish retains permanently this form, but the frog passes on.
LJ027-0164	6.369	80	674	At this stage it breathes equally by lungs and by gills -- i.e., both air and water.
LJ027-0166	7.763	98	819	retain permanently this form, and are therefore called "perennibranchs," but the frog still passes on.
LJ027-0168	3.978	50	425	Now this is the permanent, mature condition of many amphibians,
LJ027-0172	5.348	67	567	The perennibranch passes through the fish stage to the perennibranch amphibian.
LJ027-0176	7.577	95	795	Fishes first appeared in the Devonian and Upper Silurian in very reptilian or rather amphibian forms.
LJ027-0178	9.376	118	984	These were undoubtedly perennibranchs. In the Permian and Triassic higher forms appeared, which were certainly caducibranch.
LJ027-0180	3.676	46	390	The general similarity of the three series is complete.
LJ028-0002	5.034	63	537	In the old city of Damascus you climb to the hump of a tall fleet dromedary.
LJ028-0004	5.034	63	532	and along the narrow winding lane which was once called the "Street Called Straight."
LJ028-0006	7.472	94	790	you ascend the hill to the plateau, and before you, as far as the eye can reach, stretches the great Arabian Desert.
LJ028-0008	4.616	58	496	you tap gently with your heel upon the shoulder of the dromedary to urge her on.
LJ028-0010	5.232	66	558	Now and then she reaches down to graze the thorny argool along the way.
LJ028-0012	9.086	114	952	she realizes that she is bound on the long journey across the desert. Hour after hour she bears you over the hard monotonous plain.
LJ028-0014	2.921	37	318	The desert about you shows no signs of life;
LJ028-0016	5.626	71	596	In the distance your eyes detect a beautiful lake with shores fringed with trees,
LJ028-0018	3.432	43	369	Like a great ball of fire the sun sinks in the west.
LJ028-0020	6.811	86	727	Late at night the weary dromedary kneels, and on the ground, close beside her, you lie down to sleep.
LJ028-0022	6.811	86	726	Day after day you travel on, scorched by the heat of noon-day, shivering in the chill winds of the night.
LJ028-0024	4.314	54	460	gazing down upon the great Euphrates winding along the valley beneath.
LJ028-0026	4.442	56	473	Here in the valley the water is sweet and the food abundant.
LJ028-0028	8.111	102	852	Everywhere the valley is dotted with the mounds of buried cities carefully guarding the secrets of the centuries of long ago.
LJ028-0030	7.414	93	780	Your journey is at an end. Before you is Babylon, the "Gate of God," as the old name means.
LJ028-0032	5.882	74	627	Babylon, even in the days of Nebuchadnezzar, was an old, old city.
LJ028-0034	6.567	83	696	Old King Sargon I., who may have lived as early as three thousand eight hundred B.C.,
LJ028-0036	6.764	85	715	But in those very early days Babylon was little more than a shrine, surrounded with mud huts and date palms.
LJ028-0038	4.117	52	441	Its history for the next fifteen hundred years or more is obscure.
LJ028-0040	6.555	82	689	In the year six eighty-nine B.C., Sinacherib, King of Nineveh, captured Babylon,
LJ028-0042	5.406	68	573	The place where the old city had stood for three thousand years again became a desert.
LJ028-0044	6.207	78	655	He rebuilt Babylon that in accordance with the ancient custom he might be crowned in the sacred city.
LJ028-0046	7.124	90	759	Another son, Assurbanipal, or the great Sardanapalus of the Greeks, became the King of Nineveh.
LJ028-0048	3.409	43	366	In six twenty-six Assurbanipal died,
LJ028-0050	5.278	66	556	The building of the Babylon so famous in history began with Nabopolassar.
LJ028-0052	6.520	82	689	In six oh six, Nineveh, the old enemy of Babylon, fell, never to rise again.
LJ028-0054	6.311	79	663	He continued the building operations of his father, until Babylon became the greatest city of its age,
LJ028-0056	8.796	110	924	Nebuchadnezzar, or Nebuchadrezzar, as his name should be spelled, was the greatest character in Babylonian history,
LJ028-0058	4.431	56	475	Early he married Amuhia, a daughter of the Medean king.
LJ028-0060	1.319	17	153	In six oh five,
LJ028-0062	1.621	21	186	and drove them from Asia.
LJ028-0064	9.260	116	971	In five ninety-seven, when he sent his army to Jerusalem, he won the hatred of the Jews by taking Jehoiakin, the King, captive.
LJ028-0066	4.790	60	508	transported the Jews to Babylon, and brought the Hebrew kingdom to an end.
LJ028-0068	6.555	82	690	They tell how he forced the exiles to carry heavy bags of sand across the desert to increase their burdens;
LJ028-0070	8.900	112	939	and how, in punishment for all his wickedness, he became a calf, and for seven years grazed the grass in the fields about the city.
LJ028-0072	5.905	74	619	During all his reign there was little peace in his great mixed turbulent empire.
LJ028-0074	5.626	71	597	But in Babylonia stone was difficult to obtain, and sculptures were very rare.
LJ028-0076	5.220	66	554	However, several decades ago, an Oriental appeared at the Berlin Museum,
LJ028-0078	7.565	95	795	About the head was an inscription in Greek characters saying that the face was that of Nebuchadnezzar.
LJ028-0080	3.641	46	395	yet they took an impression of it, and returned it to its owner.
LJ028-0082	5.800	73	616	it was recognized that the cameo was genuine, and that it bore the likeness of the great King.
LJ028-0084	5.139	65	548	Its impression shows the face of a beardless young man, intelligent and refined.
LJ028-0086	6.126	77	647	the lips are thin, the chin prominent; the neck is that of a strong vigorous man.
LJ028-0088	7.333	92	769	Religion and cruelty frequently go hand in hand, and Nebuchadnezzar was exceedingly religious.
LJ028-0090	4.628	58	491	He was fond of restoring the ruined temples of the old Babylonian cities,
LJ028-0092	7.101	89	750	Read the introduction to any of his inscriptions, of which the following is one, and you will call him vain and proud,
LJ028-0094	8.076	101	850	Nebuchadnezzar, King of Babylon, the exalted prince, the favorite of Marduk, the lofty patesi,
LJ028-0096	8.471	106	887	who reverences their lordship; the untiring governor, who ponders daily concerning the maintenance of Esagil and Ezida,
LJ028-0098	4.709	59	502	the wise, the pious, the maintainer of Esagil and Ezida,
LJ028-0100	9.191	115	961	However cruel and religiously intolerant Nebuchadnezzar may have been, he was undoubtedly the greatest builder the world has ever seen.
LJ028-0102	7.774	98	817	There is scarcely a royal record from his reign which is not chiefly occupied with descriptions of his building operations.
LJ028-0104	5.220	66	559	lined the shores of the rivers with embankments, and spanned the rivers with bridges.
LJ028-0108	9.539	120	1004	Fortunately in several of his long inscriptions, recently discovered in the Babylonian mounds, Nebuchadnezzar speaks of the building of the walls.
LJ028-0110	9.260	116	970	I completed Imgur-Bel and Nimitti-Bel, the great walls of Babylon, the mighty city, the city of his exalted power.
LJ028-0112	3.293	42	359	My father did that which no previous king had done.
LJ028-0114	9.202	116	973	and I, with mortar and bricks, built a third great moat-wall, and joined it and united it closely with the moat-walls of my father.
LJ028-0116	8.064	101	843	I raised its summit mountain high. I constructed a moat-wall of burned bricks about the west wall of Babylon.
LJ028-0118	6.381	80	678	He built well the quays along the opposite shore of the Euphrates, but he did not finish all his work,
LJ028-0120	9.086	114	955	built the moat-walls of Arachtu with mortar and bricks, and, joining them together with those of my father, made them very solid.
LJ028-0122	9.492	119	994	To the west of Babylon, at a greater distance from the outer wall, I constructed an enclosing wall four thousand cubits in length about the city.
LJ028-0124	7.379	93	783	I walled up its side with mortar and burned bricks, and I united it securely with the moat-walls of my father.
LJ028-0126	5.603	71	601	Berossus, a priest of the temple of Bel at Babylon, writing about two fifty B.C.,
LJ028-0128	5.417	68	575	His brief description of them should not be omitted. He says that Nebuchadnezzar
LJ028-0130	9.342	117	980	And after he had walled the city, and adorned its gates, he built another palace before his father's palace; but so that they joined to it:
LJ028-0132	5.533	70	588	Yet as large and lofty as they were, they were completed in fifteen days.
LJ028-0134	3.513	44	375	He also erected what is called a pensile paradise:
LJ028-0137	2.921	37	319	Perhaps Herodotus had never been in Babylon;
LJ028-0139	3.943	50	424	yet he at least tried to be accurate. He says:
LJ028-0141	4.071	51	434	so that the entire circuit is four hundred and eighty furlongs.
LJ028-0143	7.356	92	774	It is surrounded, in the first place, by a broad and deep moat, full of water, behind which rises a wall
LJ028-0145	8.993	113	949	And here I may not omit to tell the use to which the mould dug out of the great moat was turned, nor the manner wherein the wall was wrought.
LJ028-0147	4.651	59	499	and when a sufficient number were completed they baked the bricks in kilns.
LJ028-0149	9.040	113	946	using throughout for their cement hot bitumen, and interposing a layer of wattled reeds at every thirtieth course of the bricks.
LJ028-0151	4.361	55	467	leaving between them room for a four-horse chariot to turn.
LJ028-0153	7.112	89	749	The bitumen used in the work was brought to Babylon from Is, a small stream which flows into the Euphrates
LJ028-0155	3.583	45	386	Lumps of bitumen are found in great abundance in this river.
LJ028-0157	9.574	120	1007	This river is the Euphrates, a broad, deep, swift stream, which rises in Armenia, and empties itself into the Erythraean Sea.
LJ028-0159	6.358	80	675	thence from the corners of the wall there is carried along each bank of the river a fence of burned bricks.
LJ028-0161	9.516	119	993	the streets all run in straight lines, not only those parallel to the river, but also the cross streets which lead down to the waterside.
LJ028-0163	5.301	67	569	which are, like the great gates in the outer wall, of brass, and open on the water.
LJ028-0165	7.379	93	782	There is, however, a second inner wall, of less thickness than the first, but very little inferior to it in strength.
LJ028-0167	5.441	69	584	In the one stood the palace of the kings, surrounded by a wall of great strength and size;
LJ028-0169	7.623	96	804	a square enclosure two furlongs each way, with gates of solid brass; which was also remaining in my time.
LJ028-0171	6.079	76	641	upon which was raised a second tower, and on that a third, and so on up to eight.
LJ028-0173	8.935	112	937	When one is about halfway up, one finds a resting place and seats, where persons are wont to sit sometimes on their way to the summit.
LJ028-0175	2.271	29	252	but they add little to our knowledge.
LJ028-0177	6.300	79	663	However, they teach us that in those early days when most cities were surrounded by enormous walls,
LJ028-0179	7.217	91	764	It is only from their ruins that we may hope to obtain accurate information of the strongest fortifications in the ancient world.
LJ028-0181	3.223	41	352	He was followed by three kings whose reigns were short,
LJ028-0183	6.056	76	643	Cyrus, the King of Persia, was rising to power, and after he had defeated the Medes
LJ028-0185	6.567	83	696	Perhaps Babylon was so strongly fortified that at first he made no attempt to add it to his empire,
LJ028-0187	2.991	38	326	Cyrus decided that Babylon must be taken.
LJ028-0189	6.102	77	649	The fall of Babylon with its lofty walls was a most important event in the history of the ancient world.
LJ028-0191	2.550	32	276	The old enemies of Babylon rejoiced.
LJ028-0193	3.142	40	342	and to them came hope of returning to Jerusalem.
LJ028-0195	9.133	115	963	It is a long story. Poets have sung it. Historians have written it. Prophets have preached it. Legends have gathered about it.
LJ028-0197	6.439	81	687	Belshazzar, the King, he was really the King's son, gave a feast to a thousand of his nobles.
LJ028-0199	4.210	53	447	there suddenly appeared upon the wall an armless hand.
LJ028-0201	4.291	54	457	"Thou art weighed in the balances and art found wanting."
LJ028-0203	9.260	116	969	Less picturesque than this Hebrew legend is the royal record of Babylon, which fortunately was inscribed upon a clay cylinder from the ruins of the city.
LJ028-0205	7.821	98	828	In the month Tammuz, when Cyrus fought the troops of Akkad (Babylonia) at Opis on the river Salsallat,
LJ028-0207	3.908	49	418	On the fourteenth day Sippar was taken without a battle.
LJ028-0209	4.512	57	483	On the sixteenth day the troops of Cyrus entered Babylon without a battle.
LJ028-0211	2.840	36	309	He appointed Gobrias governor of Babylon.
LJ028-0213	5.034	63	535	Nor does the royal record of Babylon contain the only contemporary account of the fall of the city,
LJ028-0215	5.626	71	600	Marduk, the great lord, looking with joy on his pious works and upright heart,
LJ028-0217	7.159	90	759	His many troops, whose number, like the waters of the river, could not be counted, marched in full armor at his side,
LJ028-0221	6.857	86	723	When I made my gracious entry into Babylon, with exceeding joy I took up my abode in the royal palace.
LJ028-0223	8.947	112	938	I gave heed to the needs of Babylon and its cities, and the servitude of the Babylonians, whatever was oppressive, I removed from them.
LJ028-0225	5.835	73	617	A much longer account of the capture of Babylon by Cyrus appears in the writings of Herodotus.
LJ028-0227	8.761	110	920	He certainly mentions details which neither Nabonidus nor Cyrus would care to have appear in their royal records. His story is as follows:
LJ028-0229	4.222	53	450	The Babylonians, encamped without their walls, awaited his coming.
LJ028-0231	3.316	42	356	whereupon they withdrew within their defenses.
LJ028-0233	8.657	109	912	for when they saw Cyrus conquering nation after nation, they were convinced that he would never stop, and their turn would come at last.
LJ028-0235	8.889	112	936	In this distress either someone made this suggestion to him, or he bethought himself of a plan which he proceeded to put in execution.
LJ028-0237	6.694	84	707	with orders to march into the town by the bed of the stream, as soon as the water became shallow enough:
LJ028-0239	8.819	111	930	where he did exactly what she had done formerly: he turned the Euphrates by a canal into the basin, which was then a marsh,
LJ028-0241	4.860	61	518	Hereupon the Persians who had been left for the purpose at Babylon by the river side
LJ028-0243	8.703	109	918	Had the Babylonians been apprised of what Cyrus was about, or had they noticed their danger, they would never have allowed the Persians to enter the city,
LJ028-0245	7.054	89	749	and mounting upon the walls along both sides of the stream, would so have caught the enemy as it were in a trap.
LJ028-0247	6.520	82	692	Owing to the vast size of the place, the inhabitants of the central parts (as the residents of Babylon declare),
LJ028-0249	5.034	63	530	continued dancing and reveling until they learned the capture but too certainly.
LJ028-0251	3.653	46	392	When Cyrus took Babylon, little or no force was employed.
LJ028-0255	2.341	30	259	In five twenty-nine Cyrus died.
LJ028-0257	6.625	83	701	and in five twenty-one Nebuchadnezzar the third, a native Babylonian, was placed on the throne.
LJ028-0259	6.532	82	692	That same year, when Darius Hystaspes came to the Persian throne, the Babylonians openly rebelled.
LJ028-0261	4.732	60	507	At last when the time came for rebelling openly they did as follows:
LJ028-0263	5.882	74	624	these alone were allowed to live, while all the rest were brought to one place and strangled.
LJ028-0265	2.666	34	295	When tidings reached Darius of what had happened,
LJ028-0267	3.838	48	410	The Babylonians, however, cared not a whit for his siege.
LJ028-0271	8.645	109	915	Now when a year and seven months had passed, Darius and his army were quite wearied out, finding that they could not anyhow take the city.
LJ028-0273	4.744	60	510	not even when he tried the means by which Cyrus had made himself master of the place.
LJ028-0275	1.900	24	212	At last, in the twentieth month,
LJ028-0277	3.049	39	338	One of his sumpter-mules gave birth to a foal.
LJ028-0279	6.950	87	732	after which he commanded his servants to tell no one what had come to pass, while he himself pondered the matter.
LJ028-0281	8.331	105	882	Till mules foal ye shall not take our city, he thought, as he reflected on this speech, that Babylon might now be taken,
LJ028-0285	5.220	66	557	Noble exploits in Persia are ever highly honored and bring their authors to greatness.
LJ028-0287	7.112	89	749	but found none by which he could hope to prevail, unless he maimed himself and then went over to the enemy.
LJ028-0289	7.855	99	830	For he cut off his own nose and ears, and then, clipping his hair close and flogging himself with a scourge,
LJ028-0291	6.160	78	657	Wrath stirred within the King at the sight of a man of his lofty rank in such a condition;
LJ028-0293	7.635	96	809	Zopyrus answered, "There is not a man in the world, but thou, O King, that could reduce me to such a plight
LJ028-0295	8.854	111	930	I maimed myself because I could not endure that the Assyrians should laugh at the Persians. "Wretched man," said Darius,
LJ028-0297	5.975	75	632	How will thy disfigurement, thou simpleton, induce the enemy to yield one day sooner?
LJ028-0299	6.451	81	687	"Had I told thee," rejoined the other, "what I was bent on doing, thou wouldst not have suffered it;
LJ028-0301	5.452	69	582	Now, therefore, if there be no failure on thy part, we shall take Babylon.
LJ028-0303	7.588	95	797	I think they will believe my words and entrust me with a command of troops. Thou, on thy part, must wait
LJ028-0305	4.268	54	458	troops for whose loss thou wilt care little, a thousand men.
LJ028-0307	9.005	113	942	then let twenty days pass, and at the end of that time station near the Chaldasan gates a body of four thousand.
LJ028-0309	8.900	112	935	After the twenty days are over, bid thy whole army attack the city on every side, and put me two bodies of Persians,
LJ028-0311	8.982	113	949	the Babylonians will entrust everything, even the keys of their gates, to me. Then it will be for me and my Persians to do the rest.
LJ028-0313	3.943	50	427	The men upon the towers, whose business it was to keep a lookout,
LJ028-0315	4.907	62	526	He replied that he was Zopyrus, and deserted to them from the Persians.
LJ028-0317	5.545	70	590	Introduced into their assembly, he began to bewail his misfortunes, telling them that
LJ028-0319	4.558	57	486	"And now," he went on to say, "my coming to you, Babylonians,
LJ028-0321	9.492	119	997	Verily he by whom I have been so mutilated shall not escape unpunished. And truly all the paths of his counsels are known to me.
LJ028-0323	7.461	94	790	The Babylonians, seeing a Persian of such exalted rank in so grievous a plight, his nose and ears cut off,
LJ028-0325	3.002	38	329	They were ready, therefore, to grant him anything he asked;
LJ028-0327	6.718	84	703	On the tenth day after his flight he led out his detachment, and surrounding the thousand men,
LJ028-0329	9.527	120	1001	Then the Babylonians, seeing that his deeds were as brave as his words, were beyond measure pleased, and set no bounds to their trust.
LJ028-0331	4.222	53	448	After this second exploit, his praise was in all mouths.
LJ028-0333	2.236	28	244	he put them also to the sword.
LJ028-0335	7.797	98	820	accordingly they committed to him the command of their whole army, and put the keys of their city into his hands.
LJ028-0337	6.880	87	730	attacked the walls on every side, whereupon Zopyrus played out the remainder of his stratagem.
LJ028-0339	4.779	60	509	he threw open the Cissian and Belian gates, and admitted the enemy.
LJ028-0341	7.739	97	811	the rest who did not see it kept at their posts, till at last they too learned that they were betrayed.
LJ028-0343	6.416	81	680	Darius having become master of the place, destroyed the wall, and tore down all the gates;
LJ028-0345	9.388	118	986	He then chose out near three thousand of the leading citizens and caused them to be crucified, while he allowed the remainder still to inhabit the city.
LJ028-0347	7.345	92	773	he provided wives for them in the room of those whom (as I explained before) they strangled to save their stores.
LJ028-0349	7.530	95	797	who were each required to send so large a number to Babylon, that in all there were collected no fewer than fifty thousand.
LJ028-0351	8.378	105	879	As for Zopyrus he was considered by Darius to have surpassed, in the greatness of his achievements, all other Persians,
LJ028-0353	8.773	110	926	Darius, as the story goes, would often say that "he had rather Zopyrus were unmaimed, than be master of twenty more Babylons."
LJ028-0355	8.227	103	861	he gave him likewise the government of Babylon for his life, free from tribute, and he also granted him many other favors.
LJ028-0357	7.588	95	798	yet we may be sure that Babylon was taken by Darius only by use of stratagem. Its walls were impregnable.
LJ028-0359	6.242	79	665	Darius, who besieged the rebellious city twice, weakened it by destroying some of its walls.
LJ028-0361	2.039	26	226	Yet Babylon continued to live,
LJ028-0363	5.069	64	541	and there on June thirteen, three twenty-three B.C., he met his death.
LJ028-0365	7.809	98	824	one of Alexander's generals, who for a time made it his home, but he was a Greek and cared little for things Babylonian.
LJ028-0367	3.316	42	362	The priests of the temple of Bel, so a story tells us,
LJ028-0369	3.432	43	364	they intentionally mentioned a most unfavorable hour.
LJ028-0371	5.824	73	614	Then the world metropolis, stripped of most of its population, became a mere village.
LJ028-0373	5.069	64	542	The Hebrew exiles, whose ancestors Nebuchadnezzar had brought from Jerusalem,
LJ028-0375	5.359	67	564	Slowly the few remaining walls fell, and were buried in their own ruins.
LJ028-0377	7.147	90	753	until at last the foundations of the temples and palaces were buried fully a hundred feet beneath the surface.
LJ028-0379	7.275	91	763	fearing the wild beasts and evil spirits which lurk among all old ruins, refused to pitch their tents there.
LJ028-0381	2.689	34	293	Wild beasts of the desert shall lie there;
LJ028-0383	7.519	94	787	and the wild beasts of the islands shall cry in their desolate houses, and dragons in their pleasant palaces.
LJ028-0385	5.731	72	606	It had become, as Dio Cassius said, "Mounds and legends and ruins."
LJ028-0387	8.064	101	846	The Sassanian kings of Persia were fond of hunting, and Babylon, then overgrown with trees, was their game preserve.
LJ028-0389	1.389	18	161	St. Jerome said:
LJ028-0391	7.403	93	782	that there is a royal hunting ground at Babylon, and that wild game of every kind is contained within the circuit of its walls.
LJ028-0393	3.560	45	384	As the Emperor Julian was marching forward through Babylonia,
LJ028-0395	7.914	99	832	It was a low rampart, enclosing a wide space planted with trees of every sort, in which all kinds of beasts were shut up;
LJ028-0397	9.063	114	955	When Julian saw this, he caused a large part of the wall to be overthrown, and as the beasts escaped they were shot down by his soldiers.
LJ028-0399	6.822	86	722	The spread of Mohammedanism caused new cities to be built, and Babylon was the quarry for their building material.
LJ028-0401	5.650	71	604	In the eleventh century, on the site of the southern part of Babylon, the city of Hillah was built.
LJ028-0403	2.016	26	230	The walls of the houses are built of them.
LJ028-0405	8.088	102	856	Many of the ten thousand people living in Hillah still gain their livelihood by digging the bricks from the ruins to sell to the modern builders.
LJ028-0407	3.931	50	428	The people of Hillah, too, are a survival of Babylonian times.
LJ028-0409	7.182	90	755	Some, calling themselves Christians, are the descendants of Babylonians, perhaps of Nebuchadnezzar himself.
LJ028-0411	7.089	89	750	dressing the same, eating the same food as did their ancestors when Nebuchadnezzar built the walls of Babylon.
LJ028-0413	1.807	23	203	In his quaint way he says:
LJ028-0415	6.277	79	665	but only part, and that a small part, of the great tower, which God hath suffered to stand
LJ028-0417	7.066	89	751	and that Arke of Nebuchadnezzar for as perpetual a memory of his great idolatry and condigne punishment.
LJ028-0419	7.751	97	821	and digging from the wall an inscribed square brick bearing the name of Nebuchadnezzar, he took it to Rome where it may still be seen.
LJ028-0421	5.951	75	633	it was the beginning of the great collections of Babylonian antiquities in the museums of the Western world.
LJ028-0423	8.680	109	908	In eighteen twelve, James Claudius Rich, the British Resident at Baghdad, made the first complete examination of the ruins.
LJ028-0425	8.192	103	859	was begun by the Deutsche Orientgesellschaft, in eighteen eighty-nine, and continued till the summer of nineteen fifteen.
LJ028-0427	8.564	108	910	The enormous amount of debris which buried the palaces and temples and walls of Nebuchadnezzar's city, in places to the depth of a hundred feet,
LJ028-0429	5.835	73	615	The excavations have shown that Babylon, as the ancients told us, was nearly square.
LJ028-0431	7.461	94	791	The city walls, of which the ancients were so proud, appear here and there like low ridges far out on the plain;
LJ028-0433	3.223	41	354	In the northern part of the enclosure to the east of the river,
LJ028-0435	7.356	92	773	Arabs, searching for bricks, have burrowed their way down deep into it, revealing massive walls and arches.
LJ028-0437	8.413	106	886	Here, it has been suggested, were the famous hanging gardens which some ancient authors included among the Seven Wonders of the World.
LJ028-0439	4.547	57	486	for none of the many building inscriptions from Nebuchadnezzar mentions them.
LJ028-0441	5.243	66	557	trees and overhanging vines were planted, and thus the travelers' tales arose.
LJ028-0443	4.268	54	457	because great masses of masonry used to project from its surface.
LJ028-0445	8.970	113	942	The mound still farther south is called Amran, because upon its summit stands the tomb of a Mohammedan saint of that name.
LJ028-0447	5.812	73	614	Upon the little mound Jumjuma farther on, an Arab village has long stood.
LJ028-0449	5.162	65	553	Parts of the walls of Nineveh are still standing to the height of one hundred and twenty-five feet,
LJ028-0451	6.311	79	665	In places even the bases have disappeared, and their moats have long been filled with the drifting sand.
LJ028-0453	7.670	96	806	The northeastern section may now be traced for a distance of less than three miles, and the southwestern "for more than a mile,
LJ028-0455	4.349	55	466	It seems that the circuit of the outer wall was about eleven miles.
LJ028-0457	7.728	97	815	The moat, ten feet deep, and of a width no longer known, ran close to its base. The wall was double.
LJ028-0459	8.842	111	924	Its bricks, measuring about thirteen inches square and three inches in thickness, were burned and stamped with the usual short inscription:
LJ028-0461	4.372	55	466	the first-born son of Nabopolassar, King of Babylon.
LJ028-0463	7.890	99	832	The inner part of the wall was constructed of unburned bricks, and at a distance of about thirty-six feet from the outer part.
LJ028-0465	4.651	59	502	served as an elevated road where several chariots might have been driven abreast.
LJ028-0467	6.741	85	713	The entire width of the outer defense, not including the moat, was therefore about eighty-two feet;
LJ028-0469	5.533	70	594	The inner wall of Babylon was called Imgur-Bel, and like the outer wall, it was double.
LJ028-0471	7.705	97	816	Nebuchadnezzar says that he built it of burned bricks, but only sun-dried bricks laid in mud now appear.
LJ028-0473	6.509	82	690	A space of about twenty-three feet separated it from its inner part, which was about twenty feet in width.
LJ028-0475	2.236	28	245	No traces of its moat have appeared.
LJ028-0477	4.268	54	459	To protect the sun-dried bricks of the inner wall from the winter rains
LJ028-0479	2.399	30	264	Nebuchadnezzar, King of Babylon,
LJ028-0481	7.182	90	757	Nabopolassar, the father, my begetter, built Imgur-Bel, the great wall of Babylon,
LJ028-0483	7.914	99	828	O Marduk, great god, look joyfully upon the precious work of my hands. Be thou my protector.
LJ028-0485	7.554	95	794	The outer and inner defenses of Babylon were so strong and so high that no enemy could hope to take them,
LJ028-0487	8.494	107	895	Fortunately its walls have suffered less from the hands of the brick hunters, and the German excavators have been able to reconstruct their plan.
LJ028-0489	9.585	120	1001	Had the enemy of Babylon succeeded in breaking through the outer and inner defenses of the city the royal palace would have still been far from his reach.
LJ028-0491	9.202	116	963	then a second wall still higher, a third and fourth and a fifth, each stronger and higher than the others,
LJ028-0493	5.487	69	583	whose summit reached into the sky as far, perhaps, as the tallest of the modern buildings.
LJ028-0495	6.961	88	737	It must have been an imposing sight to one standing without to have seen the walls, one after another,
LJ028-0497	4.558	57	484	We do not know their height, for the statements of the ancient writers disagree.
LJ028-0499	5.127	65	549	Ctesias mentions three hundred feet; probably they were not far from the truth.
LJ028-0501	4.326	55	468	Nor were the walls about the palace a great mass of dull brick masonry.
LJ028-0503	6.567	83	692	and decorated here and there with large reliefs representing bulls and lions and dragons,
LJ028-0505	9.423	118	983	It seems that the bricks of the reliefs were molded and glazed separately and so accurately that when built into the wall they fitted perfectly.
LJ028-0507	8.366	105	879	Some of these decorations, the most valuable objects found in the ruins of the great city, still remain in their places on the walls;
LJ028-0509	7.217	91	764	Nebuchadnezzar speaks of great bronze gates and of images of bronze, but none have been discovered.
LJ028-0513	6.346	80	675	Should you cross the river to search for the western inner wall, you would find but a small fragment of it.
LJ028-0515	1.900	24	211	Such were the walls of Babylon,
LJ028-0517	4.442	56	473	walls which no ancient army was ever able to take by storm.
LJ028-0519	8.053	101	845	or that the Babylonian soldier stood confidently upon their summit, and jeering at the Persian army encamped below, shouted:
LJ029-0002	3.246	41	350	Chapter two. The Assassination: Part one.
LJ029-0004	5.069	64	540	The narrative of these events is based largely on the recollections of the participants,
LJ029-0006	4.175	53	449	Beginning with the advance plans and Secret Service preparations for the trip,
LJ029-0008	6.056	76	638	the activities at Parkland Memorial Hospital, and the return of the Presidential party to Washington.
LJ029-0010	1.273	16	144	Planning the Texas Trip
LJ029-0014	9.713	122	1016	As a political leader, the President wished to resolve the factional controversy within the Democratic Party in Texas before the election of nineteen sixty-four.
LJ029-0016	8.273	104	869	As Chief of State, the President always welcomed the opportunity to learn, firsthand, about the problems which concerned the American people.
LJ029-0018	8.053	101	848	Vice President Johnson, and Governor Connally on June fifth, nineteen sixty-three, at the Cortez Hotel in El Paso, Texas.
LJ029-0020	6.439	81	682	and had stopped in El Paso to discuss the proposed visit and other matters with the Vice President and the Governor.
LJ029-0022	9.574	120	1004	The original plan called for the President to spend only one day in the State, making whirlwind visits to Dallas, Fort Worth, San Antonio, and Houston.
LJ029-0024	2.956	37	318	through the evening of Friday, November twenty-two.
LJ029-0026	4.651	59	502	it was agreed that the planning of events in Texas would be left largely to the Governor.
LJ029-0028	8.657	109	913	Everyone agreed that, if there was sufficient time, a motorcade through downtown Dallas would be the best way for the people to see their President.
LJ029-0030	7.170	90	753	once we got San Antonio moved from Friday to Thursday afternoon, where that was his initial stop in Texas,
LJ029-0032	5.336	67	569	According to O'Donnell, quote, we had a motorcade wherever we went, end quote.
LJ029-0034	8.819	111	930	In his experience, quote, it would be automatic, end quote, for the Secret Service to arrange a route which would, within the time allotted,
LJ029-0036	2.364	30	260	Advance Preparations for the Dallas Trip
LJ029-0038	9.202	116	968	Special Agent Winston G. Lawson, a member of the White House detail who acted as the advance agent, and Forrest V. Sorrels,
LJ029-0040	9.527	120	1004	Lawson received a tentative schedule of the Texas trip on November eight from Roy H. Kellerman, assistant special agent in charge of the White House detail,
LJ029-0042	8.401	106	883	As advance agent working closely with Sorrels, Lawson had responsibility for arranging the timetable for the President's visit to Dallas
LJ029-0044	7.983	100	834	Lawson's most important responsibilities were to take preventive action against anyone in Dallas considered a threat to the President,
LJ029-0046	7.321	92	765	Preventive Intelligence Activities. The Protective Research Section (PRS) of the Secret Service
LJ029-0048	2.735	35	300	On November eight, nineteen sixty-three,
LJ029-0050	7.902	99	826	A check of the geographic indexes there revealed no listing for any individual deemed to be a potential danger to the President
LJ029-0052	9.051	114	947	To supplement the PRS files, the Secret Service depends largely on local police departments and local offices of other Federal agencies
LJ029-0054	2.933	37	316	Upon his arrival in Dallas on November twelve
LJ029-0056	8.088	102	854	Although there was no mention in PRS files of the demonstration in Dallas against Ambassador Adlai Stevenson on October twenty-fourth,
LJ029-0060	6.195	78	657	A number of people who resembled some of those in the photographs were placed under surveillance at the Trade Mart.
LJ029-0062	8.482	107	891	It also advised the Secret Service of the circulation on November twenty-one of a handbill sharply critical of President Kennedy,
LJ029-0064	7.496	94	788	Shortly before, the Dallas police had reported to the Secret Service that the handbill had appeared on the streets of Dallas.
LJ029-0066	5.882	74	620	No one else was identified to the Secret Service through local inquiry as potentially dangerous,
LJ029-0068	5.870	74	623	The adequacy of the intelligence system maintained by the Secret Service at the time of the assassination,
LJ029-0070	1.841	24	210	is discussed in chapter eight.
LJ029-0072	2.852	36	308	The White House staff informed the Secret Service
LJ029-0074	5.255	66	559	and that following the luncheon the President would return to the airport by the most direct route.
LJ029-0078	3.513	44	378	The second, the Women's Building at the State Fair Grounds,
LJ029-0080	6.497	82	687	and had certain unattractive features, including a low ceiling with exposed conduits and beams.
LJ029-0082	8.668	109	914	several tiers of balconies surrounding the central court where the luncheon would be held, and several catwalks crossing the court at each level.
LJ029-0084	5.394	68	571	Lawson also evaluated the security hazards at the Trade Mart on November thirteen.
LJ029-0086	6.845	86	722	Once the Trade Mart had been selected, Sorrels and Lawson worked out detailed arrangements for security at the building.
LJ029-0088	6.811	86	719	securing the roof and insuring the presence of numerous police officers inside and around the building.
LJ029-0090	2.538	32	277	were deployed in and around the Trade Mart.
LJ029-0092	5.034	63	533	On November eight, when Lawson was briefed on the itinerary for the trip to Dallas,
LJ029-0094	6.903	87	731	Lawson was not specifically instructed to select the parade route, but he understood that this was one of his functions.
LJ029-0096	4.581	58	490	On November fourteen, Lawson and Sorrels attended a meeting at Love Field
LJ029-0100	5.580	70	591	through the downtown area along Main Street and then to the Trade Mart via Stemmons Freeway.
LJ029-0102	3.130	40	345	After the selection of the Trade Mart as the luncheon site,
LJ029-0104	8.181	103	861	Deputy Chief N. T. Fisher, and several other command officers to discuss details of the motorcade and possible routes.
LJ029-0106	8.587	108	905	The police officials agreed that the route recommended by Sorrels was the proper one and did not express a belief that any other route might be better.
LJ029-0108	9.411	118	986	Sorrels and Lawson drove over the selected route with Batchelor and other police officers, verifying that it could be traversed within forty-five minutes.
LJ029-0110	3.548	45	384	The route impressed the agents as a natural and desirable one.
LJ029-0112	9.179	115	958	in nineteen thirty-six, as testified that the traditional parade route in Dallas was along Main Street, since the tall buildings along the street
LJ029-0114	8.854	111	929	The route chosen from the airport to Main Street was the normal one, except where Harwood Street was selected as the means of access to Main Street
LJ029-0116	4.222	53	448	and could not accommodate spectators as conveniently as Harwood Street.
LJ029-0118	4.941	62	529	It afforded us wide streets most of the way, because of the buses that were in the motorcade.
LJ029-0120	7.345	92	777	where the crowds would be able to be controlled for a great distance, and we figured that the largest crowds would be downtown, which they were,
LJ029-0122	4.140	52	441	Elm Street, parallel to Main Street and one block north,
LJ029-0124	8.738	110	921	To reach the Trade Mart from Main Street the agents decided to use the Stemmons Freeway (Route Number seventy-seven), the most direct route.
LJ029-0126	9.086	114	958	to reach the northbound lanes of the Stemmons Freeway is via Elm Street, which Route Number seventy-seven traffic is instructed to follow in this part of the city.
LJ029-0128	3.397	43	367	going one block north and then turning left onto Elm.
LJ029-0130	7.716	97	812	the President's motorcade would pass the Texas School Book Depository Building on the northwest corner of Houston and Elm Streets.
LJ029-0132	6.869	86	722	From Houston Street, which forms the base of the triangle, three streets -- Commerce, Main, and Elm --
LJ029-0134	2.677	34	292	almost five hundred feet from Houston Street.
LJ029-0136	3.200	40	343	through the underpass and leads into an access road,
LJ029-0138	3.583	45	384	The Elm Street approach to the Stemmons Freeway is necessary
LJ029-0140	7.008	88	737	To create this traffic pattern, a concrete barrier between Main and Elm Streets presents an obstacle to a right turn
LJ029-0142	9.434	118	985	This concrete barrier extends far enough beyond the access road to make it impracticable for vehicles to turn right from Main directly to the access road.
LJ029-0144	6.590	83	694	In conformity with these arrangements, traffic proceeding west on Main is directed to turn right at Houston
LJ029-0146	6.265	79	661	The planning for the motorcade also included advance preparations for security arrangements along the route.
LJ029-0148	6.265	79	661	for controlling the crowds and traffic, watching the overpasses, and providing motorcycle escort.
LJ029-0150	6.706	84	704	Police were assigned to each overpass on the route and instructed to keep them clear of unauthorized persons.
LJ029-0152	7.310	92	770	to inspect buildings along the motorcade route since the Secret Service did not normally request or make such a check.
LJ029-0154	2.968	38	326	and Secret Service agents riding in the motorcade.
LJ029-0156	4.384	55	465	the two Dallas newspapers carried several reports of his motorcade route.
LJ029-0158	4.140	52	439	The following day, the newspaper reported that the Presidential party
LJ029-0160	7.379	93	779	on its way to the Trade Mart. On November nineteen, the Times-Herald afternoon paper detailed the precise route:
LJ029-0162	3.304	42	359	The motorcade will then pass through downtown on Harwood
LJ029-0164	9.551	120	997	Also on November nineteen, the Morning News reported that the President's motorcade would travel from Love Field along specified streets, then
LJ029-0166	9.492	119	992	On November twenty a front page story reported that the streets on which the Presidential motorcade would travel included "Main and Stemmons Freeway."
LJ029-0168	9.643	121	1012	the Morning News noted that the motorcade would travel through downtown Dallas onto the Stemmons Freeway, and reported that, quote, the motorcade will move slowly
LJ029-0170	1.574	20	176	Dallas Before the Visit
LJ029-0172	6.439	81	679	The two Dallas newspapers provided their readers with a steady stream of information and speculation about the trip,
LJ029-0174	3.699	47	398	Dallas, Fort Worth, San Antonio, and Houston
LJ029-0176	2.561	33	285	with Dallas scheduled as one of the stops.
LJ029-0178	4.500	57	481	reflected the feeling in the community toward the forthcoming Presidential visit.
LJ029-0180	3.676	46	390	An editorial in the Times-Herald of September seventeen
LJ029-0182	2.178	28	246	may not endorse him in 'sixty-four.
LJ029-0184	6.126	77	646	that President Kennedy would receive a "good welcome" and would not face demonstrations like those encountered
LJ029-0186	9.411	118	986	Increased concern about the President's visit was aroused by the incident involving the U.S. Ambassador to the United Nations, Adlai E. Stevenson.
LJ029-0188	8.749	110	917	Stevenson was jeered, jostled, and spat upon by hostile demonstrators outside the Dallas Memorial Auditorium Theater.
LJ029-0190	5.545	70	590	Mayor Earle Cabell called on the city to redeem itself during President Kennedy's visit.
LJ029-0192	4.698	59	497	On October twenty-six the press reported Chief of Police Curry's plans
LJ029-0194	4.291	54	457	Any thought that the President might cancel his visit to Dallas was ended
LJ029-0196	6.218	78	654	and that he would visit San Antonio, Houston, Fort Worth, Dallas, and Austin.
LJ029-0198	7.577	95	792	They conveyed the pleas of Dallas leaders that citizens not demonstrate or create disturbances during the President's visit.
LJ029-0200	8.958	112	933	Two days before the President's arrival Chief Curry warned that the Dallas police would not permit improper conduct during the President's visit.
LJ029-0202	9.492	119	994	the president of the Dallas Chamber of Commerce referred to the city's reputation for being the friendliest town in America and asserted that citizens would, quote,
LJ029-0204	5.673	71	599	Two days later, a local Republican leader called for a "civilized nonpartisan" welcome
LJ029-0206	7.020	88	737	Another reaction to the impending visit -- hostile to the President -- came to a head shortly before his arrival.
LJ029-0208	5.835	73	612	It was fashioned after the "wanted" circulars issued by law enforcement agencies.
LJ029-0210	7.182	90	754	end quote, followed by a scurrilous bill of particulars that constituted a vilification of the President.
LJ029-0212	9.016	113	943	"Welcome Mr. Kennedy to Dallas," sponsored by the American Fact-finding Committee, which the sponsor later testified was an ad hoc committee
LJ030-0003	2.143	27	234	Visits to Other Texas Cities
LJ030-0005	9.202	116	970	by helicopter at ten:forty-five A.M., Eastern Standard Time, on November twenty-one, nineteen sixty-three, for Andrews Air Force Base.
LJ030-0007	8.343	105	877	They were greeted by Vice President Johnson and Governor Connally, who joined the Presidential party in a motorcade through San Antonio.
LJ030-0009	5.603	71	599	Late in the afternoon he flew to Houston where he rode through the city in a motorcade,
LJ030-0011	4.512	57	481	At Rice Stadium a very large, enthusiastic crowd greeted the President.
LJ030-0013	9.202	116	967	David F. Powers of the President's staff later stated that when the President asked for his assessment of the day's activities, Powers replied
LJ030-0015	6.636	83	698	Late in the evening, the Presidential party flew to Fort Worth where they spent the night at the Texas Hotel.
LJ030-0017	4.790	60	506	The President liked outdoor appearances because more people could see and hear him.
LJ030-0019	3.943	50	426	According to O'Donnell, the President commented that, quote,
LJ030-0023	1.725	22	193	Arrival at Love Field
LJ030-0025	6.311	79	665	when Air Force One touched down at Love Field at eleven:forty a.m., Eastern Standard Time.
LJ030-0027	8.146	102	854	Vice President Johnson's airplane, Air Force Two, had arrived at Love Field at approximately eleven:thirty-five a.m.,
LJ030-0029	3.049	39	333	After a welcome from the Dallas reception committee,
LJ030-0031	8.947	112	934	Secret Service agents formed a cordon to keep the press and photographers from impeding their passage and scanned the crowd for threatening movements.
LJ030-0033	7.298	92	772	Vice President and Mrs. Johnson followed along the fence, guarded by four members of the Vice-Presidential detail.
LJ030-0035	1.865	24	209	Organization of the Motorcade
LJ030-0037	5.777	73	612	are designed to provide protection while permitting large numbers of people to see the President.
LJ030-0039	6.253	79	662	Men the motorcade slows or stops, agents take positions between the President and the crowd.
LJ030-0041	5.383	68	568	Motorcycles. -- Dallas police motorcycles preceded the pilot car.
LJ030-0043	7.066	89	747	Its function was to alert police along the route that the motorcade was approaching and to check for signs of trouble.
LJ030-0045	9.574	120	1001	The lead car. -- Described as a "rolling command car," this was an unmarked Dallas police car, driven by Chief of Police Curry
LJ030-0047	4.210	53	448	The occupants scanned the crowd and the buildings along the route.
LJ030-0049	8.413	106	883	Following normal practice, the lead automobile stayed approximately four to five car lengths ahead of the President's limousine.
LJ030-0051	5.441	69	576	The President's automobile was specially designed nineteen sixty-one Lincoln convertible
LJ030-0053	6.834	86	719	It was outfitted with a clear plastic bubbletop which was neither bulletproof nor bullet resistant.
LJ030-0057	6.172	78	656	If the weather is clear and it is not raining, have that bubbletop off, end quote,
LJ030-0059	8.390	105	877	was a metallic frame with four handholds that riders in the car could grip while standing in the rear seat during parades.
LJ030-0061	2.735	35	302	with a metallic handle for the rider to grasp.
LJ030-0063	6.265	79	663	He had repeated this wish only a few days before, during his visit to Tampa, Florida.
LJ030-0065	4.941	62	525	Governor Connally occupied the right jump seat, Mrs. Connally the left.
LJ030-0067	1.969	25	220	on his right sat Kellerman.
LJ030-0069	5.650	71	598	scanning the route, and getting out and standing near the President when the cars stopped.
LJ030-0071	5.568	70	591	They provided some cover for the President, but their main purpose was to keep back the crowd.
LJ030-0073	1.644	21	186	Presidential follow-up car.
LJ030-0075	2.863	36	309	followed closely behind the President's automobile.
LJ030-0077	7.345	92	768	Each agent carried a thirty-eight-caliber pistol, and a shotgun and automatic rifle were also available.
LJ030-0079	7.112	89	745	The agents in this car, under established procedure, had instructions to watch the route for signs of trouble,
LJ030-0081	9.492	119	988	They were instructed to watch particularly for thrown objects, sudden actions in the crowd, and any movements toward the Presidential car.
LJ030-0083	2.236	28	243	to a walking pace or stopped,
LJ030-0087	6.729	85	713	The Vice-Presidential automobile, a four-door Lincoln convertible obtained locally for use in the motorcade,
LJ030-0091	5.452	69	583	Rufus W. Youngblood, special agent in charge of the Vice President's detail,
LJ030-0093	2.283	29	253	Vice-Presidential follow-up car.
LJ030-0095	7.658	96	803	this vehicle was occupied by three Secret Service agents and Clifton C. Garter, assistant to the Vice President.
LJ030-0097	1.540	20	179	Remainder of motorcade.
LJ030-0099	5.023	63	528	telephone and Western Union vehicles, a White House communications car,
LJ030-0101	3.420	43	370	Admiral George G. Burkley, physician to the President,
LJ030-0103	2.050	26	225	Police car and motorcycles.
LJ030-0105	1.807	23	203	Communications in the motorcade.
LJ030-0107	3.200	40	341	Presidential car, Presidential follow-up car,
LJ030-0109	1.621	21	186	The Vice-Presidential car
LJ030-0111	1.725	22	192	The Drive through Dallas
LJ030-0113	3.734	47	398	through thinly populated areas on the outskirts of Dallas.
LJ030-0115	9.609	121	1010	During this brief stop, agents in the front positions on the running boards of the Presidential follow-up car came forward and stood beside the President's car,
LJ030-0117	7.031	88	740	On the other occasion, the President halted the motorcade to speak to a Catholic nun and a group of small children.
LJ030-0119	4.512	57	480	The crowds were so dense that Special Agent Clinton J. Hill
LJ030-0121	7.995	100	834	Several times Special Agent John D. Ready came forward from the right front running board of the Presidential follow-up car
LJ030-0123	9.202	116	967	Special Agent Glen A. Bennett once left his place inside the follow-up car to help keep the crowd away from the President's car.
LJ030-0125	8.947	112	937	On several occasions when the Vice President's car was slowed down by the throng, Special Agent Youngblood stepped out to hold the crowd back.
LJ030-0127	5.510	69	580	to the intersection of Houston Street, which marks the beginning of Dealey Plaza.
LJ030-0129	3.513	44	375	and headed toward the Texas School Book Depository Building.
LJ030-0131	8.030	101	845	which curves in a southwesterly direction as it proceeds downgrade toward the Triple Underpass and the Stemmons Freeway.
LJ030-0133	5.208	66	556	Evaluating the political overtones, Kenneth O'Donnell was especially pleased
LJ030-0137	1.145	15	135	The Assassination
LJ030-0139	9.051	114	948	toward the Triple Underpass, shots fired from a rifle mortally wounded President Kennedy and seriously injured Governor Connally.
LJ030-0141	4.802	61	516	a subsequent bullet, which was lethal, shattered the right side of his skull.
LJ030-0143	5.104	64	539	The exact time of the assassination was fixed by the testimony of four witnesses.
LJ030-0147	4.837	61	520	that it was twelve:thirty p.m., the time they were due at the Trade Mart.
LJ030-0149	5.232	66	563	looked at his watch and said "twelve:thirty" to the driver, Special Agent Greer.
LJ030-0151	3.815	48	409	and issued his initial orders at twelve:thirty p.m.
LJ030-0155	8.424	106	884	A more precise determination has been made from motion pictures taken on the scene by an amateur photographer, Abraham Zapruder.
LJ030-0159	4.814	61	515	Since the camera operates at a speed of eighteen point three frames per second,
LJ030-0161	3.571	45	384	This represents a speed of eleven point two miles per hour.
LJ030-0163	8.401	106	893	Mrs. John F. Kennedy, on the left of the rear seat of the limousine, looked toward her left and waved to the crowds along the route.
LJ030-0165	2.248	29	253	which caused her to look to her right.
LJ030-0167	7.554	95	795	Mrs. Kennedy then heard a second shot and saw the President's skull torn open under the impact of the bullet.
LJ030-0169	4.756	60	509	Oh, my God, they have shot my husband. I love you, Jack.
LJ030-0171	4.860	61	514	and the thought immediately crossed his mind that it was an assassination attempt.
LJ030-0173	5.742	72	607	he instinctively turned to his right because the shot appeared to come from over his right shoulder.
LJ030-0175	8.297	104	871	the Governor started to look back over his left shoulder, but he never completed the turn because he felt something strike him in the back.
LJ030-0177	3.896	49	419	Mrs. Connally, too, heard a frightening noise from her right.
LJ030-0179	4.152	52	443	She watched as he slumped down with an empty expression on his face.
LJ030-0181	5.150	65	550	Turning to his right in the direction of the noise, Kellerman heard the President say
LJ030-0183	5.824	73	618	As he told the driver, quote, Let's get out of here; we are hit, end quote,
LJ030-0185	5.174	65	548	quote, we are hit. Get us to the hospital immediately, end quote.
LJ030-0187	6.985	88	737	When he heard the same noise again, Greer glanced over his shoulder and saw Governor Connally fall.
LJ030-0189	9.028	113	947	he realized that something was wrong, and he pressed down on the accelerator as Kellerman said, quote, Get out of here fast, end quote.
LJ030-0191	4.407	56	475	According to Kellerman, Mrs. Kennedy then cried out, quote,
LJ030-0193	8.703	109	911	Kellerman saw Governor Connally in his wife's lap and Special Agent Clinton J. Hill lying across the trunk of the car.
LJ030-0195	7.844	99	829	Observing his blood-covered chest as he was pulled into his wife's lap, Governor Connally believed himself mortally wounded.
LJ030-0197	3.328	42	362	At first Mrs. Connally thought that her husband had been killed,
LJ030-0199	5.081	64	545	The Governor was lying with his head on his wife's lap when he heard a shot hit the President.
LJ030-0201	9.051	114	951	According to Governor and Mrs. Connally, it was after this shot that Kellerman issued his emergency instructions and the car accelerated.
LJ030-0203	3.444	44	378	From the left front running board of the President's follow-up car,
LJ030-0205	6.044	76	637	He estimated that the motorcade had slowed down to approximately nine or ten miles per hour
LJ030-0207	5.069	64	539	with the follow-up car trailing the President's automobile by approximately five feet.
LJ030-0209	7.565	95	797	He immediately looked to his right, quote, and, in so doing, my eyes had to cross the Presidential limousine
LJ030-0211	3.746	47	404	Hill jumped from the follow-up car and ran to the President's automobile.
LJ030-0213	7.112	89	749	Hill heard a second shot, proximately five seconds after the first, which removed a portion of the President's head.
LJ030-0215	9.225	116	968	the car lurched forward, causing him to lose his footing. He ran three or four steps, regained his position and mounted the car.
LJ030-0217	8.958	112	940	quote, Mrs. Kennedy had jumped up from the seat and was, it appeared to me, reaching for something coming off the fight rear bumper of the car,
LJ030-0219	7.948	100	841	She turned toward me and I grabbed her and put her back in the back seat, crawled up on top of the back seat and lay there.
LJ030-0221	9.121	115	964	stated that Mrs. Kennedy would probably have fallen off the rear end of the car and been killed if Hill had not pushed her back into the Presidential automobile.
LJ030-0223	5.116	64	541	Special Agent Ready, on the right front running board of the Presidential follow-up car,
LJ030-0225	6.485	82	691	But he was immediately called back by Special Agent Emory P. Roberts, in charge of the follow-up car,
LJ030-0227	6.056	76	641	Special Agent George W. Hickey, Jr., in the rear seat of the Presidential follow-up car,
LJ030-0229	5.684	72	608	At this point the cars were speeding through the underpass and had left the scene of the shooting,
LJ030-0231	4.547	57	485	Most of the other Secret Service agents in the motorcade had drawn their sidearms.
LJ030-0233	6.555	82	690	behind the Presidential follow-up car at the time of the shooting and signaled for it to move in closer.
LJ030-0235	5.557	70	593	As we were beginning to go down this incline, all of a sudden there was an explosive noise.
LJ030-0237	4.640	58	496	So I turned around and hit the Vice President on the shoulder and hollered, get down,
LJ030-0239	7.623	96	807	Youngblood was not positive that he was in the rear seat before the second shot, but thought it probable because of President Johnson's statement
LJ030-0241	5.580	70	585	President Johnson emphasized Youngblood's instantaneous reaction after the first shot:
LJ030-0243	8.401	106	886	but I had no time to speculate as to its origin because Agent Youngblood turned in a flash, immediately after the first explosion,
LJ030-0245	2.364	30	261	I was pushed down by Agent Youngblood.
LJ030-0247	8.262	104	871	I was bent over under the weight of Agent Youngblood's body, toward Mrs. Johnson and Senator Yarborough, end quote,
LJ030-0249	8.041	101	846	reported that Youngblood was in the rear seat using his body to shield the Vice President before the second and third shots were fired.
LJ030-0251	8.529	107	894	None stayed at the scene of the shooting, and none entered the Texas School Book Depository Building at or immediately after the shooting.
LJ030-0253	5.127	65	546	and not be diverted unless it is necessary to accomplish the protective assignment.
LJ030-0255	4.802	61	512	approximately twenty or twenty-five minutes after the shots were fired.
LJ031-0002	9.504	119	992	The Warren Commission Report. By The President's Commission on the Assassination of President Kennedy. Chapter two. The Assassination: Part three.
LJ031-0004	7.205	91	761	In the final instant of the assassination, the Presidential motorcade began a race to Parkland Memorial Hospital,
LJ031-0006	5.777	73	617	On receipt of the radio message from Kellerman to the lead car that the President had been hit,
LJ031-0008	7.960	100	834	Meanwhile, Chief Curry ordered the police base station to notify Parkland Hospital that the wounded President was en route.
LJ031-0010	7.879	99	828	Chief Curry radioed, quote, Go to the hospital -- Parkland Hospital. Have them stand by, end quote,
LJ031-0012	3.838	48	411	The base station replied, quote, They have been notified, end quote,
LJ031-0014	6.520	82	693	the Presidential limousine arrived at the emergency entrance of the Parkland Hospital at about twelve:thirty-five p.m.
LJ031-0016	9.086	114	957	Admiral Burkley, the President's physician, arrived at the hospital, quote, between three and five minutes following the arrival of the President, end quote.
LJ031-0018	8.181	103	861	When Parkland Hospital received the notification, the staff in the emergency area was alerted and trauma rooms one and two were prepared.
LJ031-0020	1.354	17	153	two rooms were prepared.
LJ031-0024	2.097	27	234	Gene C. Akin;
LJ031-0026	2.271	29	253	Dr. Fouad A. Bashour.
LJ031-0030	9.005	113	946	Governor Connally, who had lost consciousness on the ride to the hospital, regained consciousness when the limousine stopped abruptly at the emergency entrance.
LJ031-0032	8.993	113	949	Although he was reclining in his wife's arms, he lurched forward in an effort to stand upright and get out of the car, but he collapsed again.
LJ031-0034	4.129	52	443	The Governor was lifted onto a stretcher and taken into trauma room two.
LJ031-0036	7.066	89	750	but then Kellerman, Greer, and Lawson lifted the President onto a stretcher and pushed it into trauma room one.
LJ031-0038	7.646	96	806	The first physician to see the President at Parkland Hospital was Dr. Charles J. Carrico, a resident in general surgery.
LJ031-0040	7.287	92	773	Approximately two minutes later, Dr. Carrico saw the President on his back, being wheeled into the emergency area.
LJ031-0042	7.333	92	768	made no voluntary movements; had his eyes open with the pupils dilated without any reaction to light,
LJ031-0044	5.835	73	615	On the basis of these findings, Dr. Carrico concluded that President Kennedy was still alive.
LJ031-0046	5.592	70	591	and an extensive wound in the President's head where a sizable portion of the skull was missing.
LJ031-0048	6.160	78	656	followed by, quote, more profuse bleeding, end quote, after some circulation was established.
LJ031-0052	3.804	48	409	and also ragged tissue which indicated a tracheal injury.
LJ031-0054	9.492	119	997	At that point, direction of the President's treatment was undertaken by Dr. Malcolm O. Perry, who arrived at trauma room one a few moments after the President.
LJ031-0056	9.655	121	1014	Observing that an effective airway had to be established if treatment was to be effective, Dr. Perry performed a tracheotomy, which required three to five minutes.
LJ031-0058	3.641	46	392	to infuse blood and fluids into the circulatory system.
LJ031-0060	5.429	68	579	Dr. Robert N. McClelland entered at that point and assisted Dr. Perry with the tracheotomy.
LJ031-0062	2.515	32	278	then joined in the effort to revive the President.
LJ031-0064	5.383	68	572	Drs. Paul C. Peters and Charles R. Baxter initiated these procedures.
LJ031-0066	8.831	111	929	the doctors were able to maintain peripheral circulation as monitored at the neck (carotid) artery and at the wrist (radial) pulse.
LJ031-0068	2.538	32	276	While these medical efforts were in progress,
LJ031-0070	3.130	40	344	Dr. Clark, who most closely observed the head wound,
LJ031-0072	3.734	47	405	Dr. Clark did not see any other hole or wound on the President's head.
LJ031-0074	4.465	56	476	quote, could have easily been hidden in the blood and hair, end quote,
LJ031-0078	9.609	121	1010	At approximately one p.m., after last rites were administered to the President by Father Oscar L. Huber, Dr. Clark pronounced the President dead.
LJ031-0080	8.668	109	912	The time was fixed at one p.m., as an approximation, since it was impossible to determine the precise moment when life left the President.
LJ031-0082	4.907	62	525	From a medical viewpoint, President Kennedy was alive when he arrived at Parkland Hospital;
LJ031-0084	7.879	99	831	But his condition was hopeless, and the extraordinary efforts of the doctors to save him could not help but to have been unavailing.
LJ031-0086	4.140	52	442	the President remained on his back throughout his medical treatment at Parkland.
LJ031-0088	7.426	93	777	This man was in obvious extreme distress and any more thorough inspection would have involved several minutes -- well, several
LJ031-0090	7.577	95	797	A thorough inspection would have involved washing and cleansing the back, and this is not practical in treating an acutely injured patient.
LJ031-0092	2.840	36	313	Did you ever have occasion to look at the President's back?
LJ031-0094	2.677	34	292	and you have to establish adequate circulation.
LJ031-0096	7.438	93	779	Question: Was any effort made to inspect the President's back after he had expired? Answer: No, sir.
LJ031-0098	2.538	32	279	I suppose nobody really had the heart to do it.
LJ031-0100	1.516	19	169	Treatment of Governor Connally
LJ031-0102	4.802	61	519	Governor Connally was originally seen by Dr. Carrico and Dr. Richard Dulany.
LJ031-0104	3.722	47	403	At approximately twelve:forty-five p.m., Dr. Robert Shaw,
LJ031-0106	3.664	46	393	whose major wound fell within Dr. Shaw's area of specialization.
LJ031-0108	8.459	106	890	Rubber tubes were inserted between the second and third ribs to reexpand the right lung, which had collapsed because of the opening in the chest wall.
LJ031-0110	7.588	95	800	by cutting away the edges of the wound on the front of the Governor's chest and suturing the damaged lung and lacerated muscles.
LJ031-0112	7.368	93	778	in its greatest diameter, was treated by cutting away the damaged skin and suturing the back muscle and skin.
LJ031-0116	7.925	100	838	Dr. Charles F. Gregory, chief of orthopedic surgery, operated on the wounds of Governor Connally's right wrist,
LJ031-0118	8.982	113	947	The wound on the back of the wrist was left partially open for draining, and the wound on the palm side was enlarged, cleansed, and closed.
LJ031-0120	2.515	32	276	While the second operation was in progress,
LJ031-0122	2.364	30	262	treated the gunshot wound in the left thigh.
LJ031-0124	6.520	82	689	was cleansed and closed with sutures; but a small metallic fragment remained in the Governor's leg.
LJ031-0126	5.139	65	551	As President Kennedy and Governor Connally were being removed from the limousine onto stretchers,
LJ031-0128	3.955	50	424	and escorted them into Parkland Hospital through the emergency entrance.
LJ031-0130	5.789	73	614	Two men from the President's follow-up car were detailed to help protect the Vice President.
LJ031-0132	2.933	37	317	U.S. Representatives Henry B. Gonzalez,
LJ031-0134	8.424	106	888	On one occasion Mrs. Johnson, accompanied by two Secret Service agents, left the room to see Mrs. Kennedy and Mrs. Connally.
LJ031-0136	5.998	75	629	The Vice President decided to wait until he received definitive word of the President's condition.
LJ031-0138	5.139	65	547	Special Agent Youngblood learned from Mrs. Johnson the location of her two daughters
LJ031-0140	7.078	89	749	When consulted by the Vice President, O'Donnell advised him to go to the airfield immediately and return to Washington.
LJ031-0142	4.581	58	490	The Vice President conferred with White House Assistant Press Secretary Malcolm Kilduff
LJ031-0144	7.879	99	832	When told that Mrs. Kennedy refused to leave without the President's body, the Vice President said that he would not leave Dallas without her.
LJ031-0146	2.852	36	312	and wait for Mrs. Kennedy and the President's body.
LJ031-0148	8.982	113	945	Immediately after President Kennedy's stretcher was wheeled into trauma room one, Secret Service agents took positions at the door of the small emergency room.
LJ031-0150	6.079	76	637	Other Secret Service agents posted themselves in the corridors and other areas near the emergency room.
LJ031-0152	8.482	107	898	Agents Kellerman and Hill telephoned the head of the White House detail, Gerald A. Behn, to advise him of the assassination.
LJ031-0154	7.054	89	745	Secret Service agents stationed at later stops on the President's itinerary of November twenty-two were redeployed.
LJ031-0156	5.452	69	580	The Secret Service group awaiting the President in Austin were instructed to return to Washington.
LJ031-0158	6.915	87	733	As soon as one of the agents learned of the shooting, he asked the officer in charge of the police detail at the airport
LJ031-0160	2.794	35	301	The police were cautioned to prevent picture taking.
LJ031-0162	4.547	57	481	other terminal buildings and the neighboring parking lots, of all people.
LJ031-0164	2.376	30	260	and a move would require new measures.
LJ031-0166	7.170	90	752	Unmarked police cars took the Vice President and Mrs. Johnson from Parkland Hospital to Love Field.
LJ031-0168	7.716	97	808	In another car Mrs. Johnson was driven to the airport accompanied by Secret Service agents and Representative Brooks.
LJ031-0170	6.346	80	670	During the drive Vice President Johnson, at Youngblood's instruction, kept below window level.
LJ031-0172	6.195	78	655	While the team of doctors at Parkland Hospital tried desperately to save the life of President Kennedy,
LJ031-0174	2.167	28	243	After the President was pronounced dead,
LJ031-0176	4.314	54	459	A casket was obtained and the President's body was prepared for removal.
LJ031-0178	9.040	113	942	two Dallas officials informed members of the President's start that the body could not be removed from the city until an autopsy was performed.
LJ031-0180	7.530	95	797	At approximately two:fifteen p.m. the casket was loaded, with some difficulty because of the narrow airplane door,
LJ031-0182	7.170	90	759	Concerned that the local officials might try to prevent the plane's departure, O'Donnell asked that the pilot take off immediately.
LJ031-0184	2.039	26	227	Swearing in of the New President
LJ031-0186	5.742	72	606	who advised that Mr. Johnson take the Presidential oath of office before the plane left Dallas.
LJ031-0188	7.832	98	819	Members of the Presidential and Vice-Presidential parties filled the central compartment of the plane to witness the swearing in.
LJ031-0190	5.986	75	635	Mrs. Kennedy and Mrs. Johnson stood at the side of the new President as he took the oath of office.
LJ031-0192	1.853	24	211	Return to Washington, D.C.
LJ031-0194	3.014	38	328	At five:fifty-eight p.m. Eastern Standard Time,
LJ031-0196	5.789	73	614	Detailed security arrangements had been made by radio from the President's plane on the return flight.
LJ031-0198	5.266	66	554	Upon arrival, President Johnson made a brief statement over television and radio.
LJ031-0200	5.441	69	582	The President then walked to the Executive Office Building, where he worked until nine p.m.
LJ031-0202	6.636	83	696	Mrs. Kennedy chose the hospital in Bethesda for the autopsy because the President had served in the Navy.
LJ031-0206	5.429	68	575	Mrs. Kennedy was guarded by Secret Service agents in quarters assigned to her in the naval hospital.
LJ031-0208	6.137	77	647	The hospital received the President's body for autopsy at approximately seven:thirty-five p.m.
LJ031-0210	7.844	99	826	The autopsy report noted that President Kennedy was forty-six years of age, seventy-two and one half inches tall,
LJ031-0212	7.705	97	809	The body was muscular and well developed with no gross skeletal abnormalities except for those caused by the gunshot wounds.
LJ031-0214	4.082	52	440	The autopsy examination revealed two wounds in the President's head.
LJ031-0216	8.622	108	900	was located about an inch (two point five centimeters) to the right and slightly above the large bony protrusion
LJ031-0218	6.938	87	727	The second head wound measured approximately five inches (thirteen centimeters) in its greatest diameter,
LJ031-0222	7.867	99	822	The surgeons observed, through X-ray analysis, thirty or forty tiny dustlike fragments of metal
LJ031-0224	4.024	51	432	with a sizable metal fragment lying just above the right eye.
LJ031-0226	7.461	94	789	The autopsy also disclosed a wound near the base of the back of President Kennedy's neck slightly to the right of his spine.
LJ031-0228	7.995	100	842	concluded that the bullet had emerged from the front portion of the President's neck that had been cut away by the tracheotomy at Parkland.
LJ031-0230	6.694	84	704	After the autopsy was concluded at approximately eleven p.m., the President's body was prepared for burial.
LJ031-0232	6.602	83	692	Shortly thereafter, the President's wife, family and aides left Bethesda Naval Hospital.
LJ032-0003	6.822	86	717	The preceding chapter has established that the bullets which killed President Kennedy and wounded Governor Connally
LJ032-0005	4.396	55	467	and that the weapon which fired these bullets was a Mannlicher-Carcano
LJ032-0007	7.333	92	770	In this chapter the Commission evaluates the evidence upon which it has based its conclusion concerning the identity of the assassin.
LJ032-0009	4.640	58	493	(two) the means by which the weapon was brought into the Depository Building,
LJ032-0011	8.831	111	927	(four) the killing of Dallas Patrolman J. D. Tippit within forty-five minutes after the assassination, (five)
LJ032-0013	1.807	23	204	and killing Patrolman Tippit,
LJ032-0017	2.747	35	300	Ownership And Possession Of Assassination Weapon
LJ032-0019	9.272	116	968	Shortly after the Mannlicher-Carcano rifle was found on the sixth floor of the Texas School Book Depository Building, agents of the FBI
LJ032-0021	9.562	120	999	was a distributor of surplus Italian six point five-millimeter military rifles. During the evening of November twenty-two, nineteen sixty-three,
LJ032-0023	3.397	43	368	to Klein's Sporting Goods Co., of Chicago, Illinois.
LJ032-0025	8.877	111	928	the officers of Klein's discovered that a rifle bearing serial number C two seven six six had been shipped to one A. Hidell,
LJ032-0027	8.030	101	843	According to its microfilm records, Klein's received an order for a rifle on March thirteen, nineteen sixty-three,
LJ032-0029	8.877	111	930	The order coupon was signed, in handprinting, "A. Hidell, P.O. Box two nine one five, Dallas, Texas."
LJ032-0031	6.149	77	642	Document examiners for the Treasury Department and the FBI testified unequivocally
LJ032-0033	7.136	90	755	Oswald's writing on these and other documents was identified by comparing the writing and printing on the documents in question
LJ032-0035	8.088	102	854	In addition to the order coupon the envelope contained a. U.S. postal money order for twenty-one dollars, forty-five cents,
LJ032-0037	3.780	48	408	The canceled money order was obtained from the Post Office Department.
LJ032-0039	2.364	30	260	and opposite the printed word "From"
LJ032-0041	3.444	44	376	These words were also in the handwriting of Lee Harvey Oswald.
LJ032-0045	7.670	96	807	This price included nineteen dollars, ninety-five cents for the rifle and the scope, and one dollar, fifty cents for postage and handling.
LJ032-0047	3.769	48	409	According to the vice president of Klein's, William Waldman,
LJ032-0049	8.459	106	884	The specific rifle shipped against the order had been received by Klein's from Crescent on February twenty-one, nineteen sixty-three.
LJ032-0051	7.472	94	784	On that date, Klein's placed an internal control number V C eight three six on this rifle.
LJ032-0053	7.588	95	793	control number V C eight three six, serial number C two seven six six, was shipped parcel post to
LJ032-0055	8.657	109	906	Information received from the Italian Armed Forces Intelligence Service has established that this particular rifle was the only rifle of its type
LJ032-0057	9.144	115	959	The post office box to which the rifle was shipped was rented to "Lee H. Oswald" from October nine, nineteen sixty-two,
LJ032-0059	4.837	61	511	Experts on handwriting identification from the Treasury Department and the FBI
LJ032-0061	4.732	60	507	as was a change-of-address card dated May twelve, nineteen sixty-three,
LJ032-0065	9.423	118	982	In accordance with postal regulations, the portion of the application which lists names of persons, other than the applicant, entitled to receive mail
LJ032-0067	8.691	109	910	Postal Inspector Harry D. Holmes of the Dallas Post Office testified, however, that when a package is received for a certain box,
LJ032-0069	5.383	68	576	The person having access to the box then takes the notice to the window and is given the package.
LJ032-0071	8.854	111	933	Oswald's use of the name "Hidell" to purchase the assassination weapon was one of several instances in which he used this name as an alias.
LJ032-0073	7.786	98	824	purchased by mail-order coupon from Seaport-Traders, Inc., a mail-order division of George Rose and Co., Los Angeles.
LJ032-0075	3.931	50	426	with the address of post office box two nine one five in Dallas.
LJ032-0077	8.262	104	867	Among other identification cards in Oswald's wallet at the time of his arrest were a Selective Service notice of classification,
LJ032-0079	1.992	25	219	Also in his wallet at that time
LJ032-0081	6.776	85	715	On the Hidell Selective Service card there appeared a signature, "Alek J. Hidell,"
LJ032-0083	9.434	118	979	Experts on questioned documents from the Treasury Department and the FBI testified that the Hidell cards were counterfeit photographic reproductions
LJ032-0085	6.300	79	661	The Hidell signature on the notice of classification was in the handwriting of Oswald.
LJ032-0087	7.403	93	775	was a purported international certificate of vaccination signed by "Dr. A. J. Hideel,
LJ032-0089	7.403	93	777	It certified that Lee Harvey Oswald had been vaccinated for smallpox on June eight, nineteen sixty-three.
LJ032-0091	5.290	67	564	There is no "Dr. Hideel" licensed to practice medicine in Louisiana.
LJ032-0093	9.307	117	971	but Oswald had rented post office box three zero zero six one in New Orleans on June three, nineteen sixty-three,
LJ032-0095	9.075	114	948	as additional persons entitled to receive mail in the box. The New Orleans postal authorities had not discarded the portion of the application
LJ032-0097	6.160	78	652	Expert testimony confirmed that the writing on this application was that of Lee Harvey Oswald.
LJ032-0099	6.033	76	639	to serve as president of the so-called New Orleans Chapter of the Fair Play for Cuba Committee.
LJ032-0101	9.330	117	980	testified that she first learned of Oswald's use of the fictitious name "Hidell" in connection with his pro-Castro activities in New Orleans.
LJ032-0103	6.938	87	734	The name "Hidell" was stamped on some of the "Chapter's" printed literature and on the membership application blanks.
LJ032-0105	9.075	114	955	quote, I knew there was no such organization. And I know Hidell is merely an altered Fidel, and I laughed at such foolishness.
LJ032-0107	2.167	28	243	When seeking employment in New Orleans,
LJ032-0109	2.387	30	261	Both names were found to be fictitious.
LJ032-0111	5.754	72	607	Letters received by Marina Oswald from her husband signed "Alek" were given to the Commission.
LJ032-0113	7.658	96	805	Based on the above evidence, the Commission concluded that Oswald purchased the rifle found on the sixth floor of the Depository Building.
LJ032-0115	4.674	59	501	A few minutes after the rifle was discovered on the sixth floor of the Depository Building
LJ032-0117	7.496	94	787	He lifted the rifle by the wooden stock after his examination convinced him that the wood was too rough to take fingerprints.
LJ032-0119	6.056	76	640	but only after Day viewed the knob on the bolt through a magnifying glass and found no prints.
LJ032-0121	6.729	85	714	He applied fingerprint powder to the side of the metal housing near the trigger, and noticed traces of two prints.
LJ032-0123	7.809	98	818	the rifle was released to the FBI and forwarded to Washington where it was examined on the morning of November twenty-three
LJ032-0125	9.539	120	1003	In his testimony before the Commission, Latona stated that when he received the rifle, the area where prints were visible was protected by cellophane.
LJ032-0127	7.948	100	830	the formations, the ridge formations and characteristics, were insufficient for purposes of either effecting identification
LJ032-0129	7.391	93	778	Accordingly, my opinion simply was that the latent prints which were there were of no value, end quote.
LJ032-0131	9.446	119	994	He stated that the poor quality of the wood and the metal would cause the rifle to absorb moisture from the skin, thereby making a clear print unlikely.
LJ032-0133	6.265	79	667	Lieutenant Day of the Dallas Police Department had "lifted" a palmprint from the underside of the gun barrel
LJ032-0135	8.390	105	876	"Lifting" a print involves the use of adhesive material to remove the fingerprint powder which adheres to the original print.
LJ032-0137	7.763	98	825	The lifting had been so complete in this case that there was no trace of the print on the rifle itself when it was examined by Latona.
LJ032-0139	5.824	73	618	Day, on the other hand, believed that sufficient traces of the print had been left on the rifle barrel,
LJ032-0141	8.610	108	902	The print arrived in the FBI Laboratory in Washington on November twenty-nine, mounted on a card on which Lieutenant Day had written the words
LJ032-0143	3.676	46	392	The print's positive identity as having been lifted from the rifle
LJ032-0145	4.686	59	501	also bore impressions of the same irregularities that appeared on the barrel of the rifle.
LJ032-0147	2.782	35	303	At the request of the Commission, Arthur Mandella,
LJ032-0149	6.265	79	663	Latona's findings were also confirmed by Ronald G. Wittmus, another FBI fingerprint expert.
LJ032-0151	8.436	106	881	Experts testifying before the Commission agreed that palmprints are as unique as fingerprints for purposes of establishing identification.
LJ032-0153	8.320	104	874	A palmprint could not be placed on this portion of the rifle, when assembled, because the wooden foregrip covers the barrel at this point.
LJ032-0155	1.412	18	161	Fibers on Rifle
LJ032-0157	6.613	83	696	was a tuft of several cotton fibers of dark blue, gray-black, and orange-yellow shades.
LJ032-0159	8.413	106	887	these fibers were examined by Paul M. Stombaugh, a special agent assigned to the Hair and Fiber Unit of the FBI Laboratory.
LJ032-0161	6.207	78	654	This shirt was also composed of dark blue, gray- black and orange-yellow cotton fibers.
LJ032-0163	8.099	102	848	Stombaugh explained in his testimony that in fiber analysis, as distinct from fingerprint or firearms identification,
LJ032-0165	6.160	78	653	to the exclusion of all others because there are not enough microscopic characteristics present in fibers.
LJ032-0167	5.975	75	634	He concluded, quote, There is no doubt in my mind that these fibers could have come from this shirt.
LJ032-0169	4.163	53	449	Having considered the probabilities as explained in Stombaugh's testimony,
LJ032-0171	5.023	63	533	and that this was the same shirt which Oswald wore on the morning of the assassination.
LJ032-0173	6.822	86	721	The testimony of those who saw him after the assassination was inconclusive about the color of Oswald's shirt,
LJ032-0175	7.832	98	820	and identified the shirt as being the one worn by Oswald primarily because of a distinctive hole in the shirt's right elbow.
LJ032-0177	8.297	104	869	Although Oswald returned to his roominghouse after the assassination and when questioned by the police, claimed to have changed his shirt,
LJ032-0179	5.046	64	539	In light of these findings the Commission evaluated the additional testimony of Stombaugh
LJ032-0181	7.321	92	774	Although Stombaugh was unable to estimate the period of time the fibers were on the rifle he said that the fibers, quote,
LJ032-0183	8.773	110	920	The relative freshness of the fibers is strong evidence that they were caught on the rifle on the morning of the assassination or during the preceding evening.
LJ032-0185	7.914	99	825	Moreover, the Commission found no reliable evidence that Oswald used the rifle at any time between September twenty-three,
LJ032-0187	9.225	116	964	The fact that on the morning of the assassination Oswald was wearing the shirt from which these relatively fresh fibers most probably originated,
LJ032-0189	7.705	97	813	since there was limited, if any, opportunity for Oswald to handle the weapon during the two months prior to November twenty-two.
LJ032-0191	4.082	52	441	quote, put aside, end quote, after catching the fibers.
LJ032-0193	6.857	86	721	Because the relative freshness of these fibers might be explained by the continuous storage of the rifle in the blanket,
LJ032-0195	6.218	78	656	The Commission was able to conclude, however, that the fibers most probably came from Oswald's shirt.
LJ032-0197	2.457	31	266	Photograph of Oswald With Rifle
LJ032-0199	5.824	73	617	the Oswalds lived on Neely Street in Dallas in a rented house which had a small back yard.
LJ032-0201	5.615	71	595	and issues of two newspapers later identified as the Worker and the Militant.
LJ032-0205	9.121	115	960	photographed the rifle used in the assassination, attempting to duplicate the position of the rifle and the lighting in Exhibit Number one thirty-three A.
LJ032-0207	6.137	77	647	I found it to be the same general configuration. All appearances were the same, end quote,
LJ032-0211	5.917	74	621	The authenticity of these pictures has been established by expert testimony which links the second picture,
LJ032-0213	6.300	79	665	The negative of that picture, Commission Exhibit Number one thirty-three B, was found among Oswald's possessions.
LJ032-0215	6.102	77	650	Shaneyfelt compared this negative with a negative which he made by taking a new picture with Oswald's camera.
LJ032-0217	6.079	76	641	He could not test Exhibit Number one thirty-three A in the same way because the negative was never recovered.
LJ032-0219	2.248	29	252	They are photographs of the same scene.
LJ032-0221	8.680	109	911	it is reasonably certain that Exhibit Number one thirty-three A was taken by the same camera at the same time, as Marina Oswald testified.
LJ032-0223	3.444	44	379	and that Oswald's face had not been superimposed on another body.
LJ032-0225	9.191	115	961	and in many instances the details of these pictures differed from the original, and even from each other, particularly as to the configuration of the rifle.
LJ032-0227	8.877	111	927	Shaneyfelt testified that the published photographs appeared to be based on a copy of the original which the publications had each retouched differently.
LJ032-0229	2.747	35	299	This information enabled the Commission to conclude
LJ032-0231	1.853	24	211	and other details in the picture.
LJ032-0233	5.835	73	617	reinforce the belief that the rifle in the photograph is the rifle which Oswald bought from Klein's.
LJ032-0235	9.040	113	948	From an examination of one of the photographs, the Commission determined the dates of the issues of the Militant and the Worker which Oswald was holding in his hand.
LJ032-0237	4.918	62	524	it was established that the photographs must have been taken sometime after March twenty-seven.
LJ032-0239	2.352	30	260	on April ten, nineteen sixty-three.
LJ032-0241	8.262	104	865	ten days prior to the Walker attempt, Oswald had undoubtedly received the rifle shipped from Chicago on March twenty,
LJ032-0243	2.387	30	259	Rifle Among Oswald's Possessions
LJ032-0245	8.239	103	860	Moreover, it was the only rifle owned by her husband following his return from the Soviet Union in June nineteen sixty-two.
LJ032-0247	2.283	29	252	during the summer of nineteen sixty-three.
LJ032-0253	8.517	107	894	From September twenty-four, nineteen sixty-three, when Marina Oswald arrived in Irving from New Orleans, until the morning of the assassination,
LJ032-0255	2.735	35	302	About one week after the return from New Orleans,
LJ032-0257	4.198	53	452	When she started to open the blanket, she saw the stock of the rifle.
LJ032-0259	4.407	56	474	On several occasions, Michael Paine moved the blanket in the garage.
LJ032-0261	3.444	44	377	When he appeared before the Commission, Michael Paine lifted the blanket
LJ032-0263	5.928	75	629	About three hours after the assassination, a detective and deputy sheriff saw the blanket-roll,
LJ032-0265	6.961	88	741	Each man testified that he thought he could detect the outline of a rifle in the blanket, even though the blanket was empty.
LJ032-0267	6.567	83	694	examined the blanket and discovered a bulge approximately ten inches long midway in the blanket.
LJ032-0269	6.265	79	664	It could have been caused by the telescopic sight of the rifle which was approximately eleven inches long.
LJ032-0271	7.902	99	832	(two) Oswald's palmprint was on the rifle in a position which shows that he had handled it while it was disassembled,
LJ032-0273	7.577	95	795	(four) a photograph taken in the yard of Oswald's apartment showed him holding this rifle, and (five)
LJ032-0275	9.643	121	1006	the Commission concluded that the rifle used to assassinate President Kennedy and wound Governor Connally was owned and possessed by Lee Harvey Oswald.
LJ033-0002	3.165	40	341	Chapter four. The Assassin: Part two.
LJ033-0006	3.548	45	381	In this connection the Commission considered (one)
LJ033-0008	5.638	71	598	(two) the disappearance of the rifle from its normal place of storage, (three)
LJ033-0010	9.307	117	975	the presence of a long handmade brown paper bag near the point from which the shots were fired, and (five) the palmprint,
LJ033-0012	1.563	20	176	The Curtain Rod Story
LJ033-0014	8.343	105	880	Lee Harvey Oswald lived in a roominghouse in Dallas while his wife and children lived in Irving, at the home of Ruth Paine,
LJ033-0016	9.121	115	960	Oswald traveled between Dallas and Irving on weekends in a car driven by a neighbor of the Paines, Buell Wesley Frazier,
LJ033-0018	5.963	75	630	Oswald generally would go to Irving on Friday afternoon and return to Dallas Monday morning.
LJ033-0020	8.552	107	894	prior to November twenty-one, nineteen sixty-three, except on Monday, October twenty-one, when he visited his wife in the hospital
LJ033-0022	7.693	97	810	During the morning of November twenty-one, Oswald asked Frazier whether he could ride home with him that afternoon.
LJ033-0024	7.786	98	821	Oswald replied, quote, I'm going home to get some curtain rods to put in an apartment, end quote.
LJ033-0026	2.701	34	295	There was little conversation between them on the way home.
LJ033-0028	3.815	48	410	Frazier told her that Oswald had come home to get curtain rods.
LJ033-0030	7.902	99	830	Mrs. A. C. Johnson, his landlady, testified that Oswald's room at ten twenty-six North Beckley Avenue
LJ033-0032	4.547	57	485	In the Paines' garage, along with many other objects of a household character,
LJ033-0034	3.908	49	420	Oswald never asked Mrs. Paine about the use of curtain rods,
LJ033-0036	5.568	70	590	No curtain rods were known to have been discovered in the Depository Building after the assassination.
LJ033-0038	7.461	94	785	the Commission gave weight to the fact that Oswald gave a false reason for returning home on November twenty-one,
LJ033-0040	7.287	92	771	Before dinner on November twenty-one, Oswald played on the lawn of the Paines' home with his daughter June.
LJ033-0042	8.564	108	905	Between the hours of eight and nine p.m. they were occupied with the children in the bedrooms located at the extreme east end of the house.
LJ033-0044	9.609	121	1010	In the garage were the personal belongings of the Oswald family including, as the evidence has shown, the rifle wrapped in the old brown and green blanket.
LJ033-0046	6.381	80	676	went out to the garage to paint some children's blocks, and worked in the garage for half an hour or so.
LJ033-0048	4.465	56	480	Mrs. Paine was certain that she had not left the light on in the garage after dinner.
LJ033-0050	4.268	54	458	Marina Oswald testified that it was between nine and ten p.m.
LJ033-0052	9.585	120	999	The period between eight and nine p.m., however, provided ample opportunity for Oswald to prepare the rifle for his departure the next morning.
LJ033-0054	7.821	98	817	A firearms expert with the FBI assembled the rifle in six minutes using a ten-cent coin as a tool,
LJ033-0056	8.935	112	936	While the rifle may have already been disassembled when Oswald arrived home on Thursday, he had ample time that evening to disassemble the rifle
LJ033-0058	5.684	72	607	On the day of the assassination, Marina Oswald was watching television when she learned of the shooting.
LJ033-0060	5.324	67	563	Marina Oswald testified that at that time, quote, My heart dropped.
LJ033-0062	7.496	94	791	She did not unroll the blanket. She saw that it was in its usual position and it appeared to her to have something inside.
LJ033-0064	4.512	57	487	Mrs. Paine pointed out that most of the Oswalds' possessions were in the garage.
LJ033-0066	9.365	118	987	Mrs. Paine, who had no knowledge of the rifle, first said "No," but when the question was translated, Marina Oswald replied "Yes."
LJ033-0068	2.457	31	268	Mrs. Paine testified, quote,
LJ033-0070	9.075	114	959	And she indicated to me that she had peered into this roll and saw a portion of what she took to be a gun she knew her husband to have, a rifle.
LJ033-0072	5.174	65	552	I then stepped off of it and the officer picked it up in the middle and it bent so.
LJ033-0074	6.300	79	664	Marina Oswald testified that this was her first knowledge that the rifle was not in its accustomed place.
LJ033-0076	3.188	40	344	On the morning of November twenty-two, nineteen sixty-three,
LJ033-0078	8.784	110	927	Neither she nor Mrs. Paine saw him leave the house. About half-a-block away from the Paine house was the residence of Mrs. Linnie Mae Randle,
LJ033-0080	5.650	71	601	Mrs. Randle stated that on the morning of November twenty-two, while her brother was eating breakfast,
LJ033-0082	3.537	45	385	He carried a, quote, heavy brown bag, end quote.
LJ033-0084	4.616	58	492	It was more bulky toward the bottom, end quote, than toward the top.
LJ033-0086	7.112	89	744	Mrs. Randle estimated that the package was approximately twenty-eight inches long and about eight inches wide.
LJ033-0088	4.756	60	508	Frazier met Oswald at the kitchen door and together they walked to the car.
LJ033-0090	7.345	92	774	He asked, quote, What's the package, Lee? End quote. Oswald replied, quote, curtain rods, end quote.
LJ033-0092	9.481	119	1003	the main reason he was going over there that Thursday afternoon when he was to bring back some curtain rods, so I didn't think any more about it when he told me that, end quote,
LJ033-0094	8.227	103	866	As they sat in the car, Frazier asked Oswald where his lunch was, and Oswald replied that he was going to buy his lunch that day.
LJ033-0096	9.272	116	974	quote, when he rode with me, I say he always brought lunch except that one day on November twenty-two he didn't bring his lunch that day, end quote,
LJ033-0098	6.834	86	725	Oswald left the car first, picked up the brown paper bag, and proceeded toward the building ahead of Frazier.
LJ033-0100	6.787	85	718	Frazier recalled that one end of the package was under Oswald's armpit and the lower part was held with his right hand
LJ033-0102	5.940	75	634	When Oswald entered the rear door of the Depository Building, he was about fifty feet ahead of Frazier.
LJ033-0104	3.432	43	369	When Frazier entered the building, he did not see Oswald.
LJ033-0106	7.356	92	776	believed that he saw Oswald coming to work, but he does not remember that Oswald had anything in his hands as he entered the door.
LJ033-0108	6.207	78	657	In deciding whether Oswald carried the assassination weapon in the bag which Frazier and Mrs. Randle saw,
LJ033-0110	2.387	30	260	Frazier and Mrs. Randle testified
LJ033-0112	2.492	32	276	measured thirty-four point eight inches.
LJ033-0114	8.366	105	879	When Frazier appeared before the Commission and was asked to demonstrate how Oswald carried the package, he said, quote, Like I said,
LJ033-0116	8.181	103	864	Frazier placed the upper part of the package under his armpit and attempted to cup his right hand beneath the bottom of the bag.
LJ033-0118	7.159	90	757	Similarly, when the butt of the rifle was placed in Frazier's hand, it extended above his shoulder to ear level.
LJ033-0120	6.068	76	642	which he believed was where the bag reached when it was laid on the seat with one edge against the door.
LJ033-0122	3.374	43	368	Mrs. Randle said, when shown the paper bag,
LJ033-0124	4.059	51	436	And she folded the bag to length of about twenty-eight and a half inches.
LJ033-0126	2.329	30	260	that the width was approximately the same.
LJ033-0128	9.028	113	944	that the bag Oswald carried contained the assassination weapon and has concluded that Frazier and Randle are mistaken as to the length of the bag.
LJ033-0130	8.587	108	908	and her first remembrance is that it was held in Oswald's right hand, quote, and it almost touched the ground as he carried it, end quote.
LJ033-0134	9.492	119	998	Frazier could easily have been mistaken when he stated that Oswald held the bottom of the bag cupped in his hand with the upper end tucked into his armpit.
LJ033-0136	9.272	116	968	A handmade bag of wrapping paper and tape was found in the southeast corner of the sixth floor alongside the window from which the shots were fired.
LJ033-0138	4.407	56	474	It was the appropriate size to contain, in disassembled form,
LJ033-0140	8.610	108	905	Three cartons had been placed at the window apparently to act as a gun rest and a fourth carton was placed behind those at the window.
LJ033-0142	3.955	50	425	because the cartons stacked around the southeast corner would shield him.
LJ033-0144	9.655	121	1011	At the time the bag was found, Lieutenant Day of the Dallas police wrote on it, quote, Found next to the sixth floor window gun fired from.
LJ033-0146	4.129	52	439	Scientific Evidence Linking Rifle and Oswald to Paper Bag
LJ033-0148	4.163	53	446	Using a standard chemical method involving silver nitrates
LJ033-0150	5.464	69	582	Sebastian F. Latona, supervisor of the FBI's Latent Fingerprint Section,
LJ033-0152	8.320	104	875	The portion of the palm which was identified was the heel of the right palm, i.e., the area near the wrist, on the little finger side.
LJ033-0154	5.661	71	597	and by Arthur Mandella, a fingerprint expert with the New York City Police Department.
LJ033-0156	6.056	76	645	Oswald's palmprint on the bottom of the paper bag indicated, of course, that he had handled the bag.
LJ033-0158	3.246	41	353	The palmprint was found on the closed end of the bag.
LJ033-0160	2.306	29	250	Materials used to make bag.
LJ033-0162	5.835	73	614	from the shipping room of the Depository and forwarded it to the FBI Laboratory in Washington.
LJ033-0164	1.563	20	177	He testified, quote,
LJ033-0166	6.973	88	734	Among other tests, the paper and tape were submitted to fiber analysis and spectrographic examination.
LJ033-0168	7.867	99	821	When asked to explain the similarity of characteristics, Cadigan stated, quote, well briefly
LJ033-0170	7.287	92	775	the width of the tape, the knurled markings on the surface of the fiber, the texture of the fiber, the letting pattern
LJ033-0172	6.869	86	719	had the same observable characteristics both under the microscope and all the visual tests that I could conduct.
LJ033-0174	4.674	59	498	microscopic and UV (ultra violet) characteristics, end quote.
LJ033-0176	5.905	74	623	taken from the Texas School Book Depository shipping room on November twenty-two, nineteen sixty-three.
LJ033-0178	2.585	33	284	This was done as an investigatory aid
LJ033-0180	7.577	95	795	Cadigan found that the paper used to make this replica sack had different characteristics from the paper in the original bag.
LJ033-0182	5.708	72	604	Since the Depository normally used approximately one roll of paper every three working days,
LJ033-0184	6.091	77	645	had different characteristics from both the actual bag and the sample taken on November twenty-two.
LJ033-0186	5.882	74	621	one cannot estimate when, prior to November twenty-two, Oswald made the paper bag.
LJ033-0188	5.104	64	542	and the paper and tape found in the shipping room of the Depository on November twenty-two
LJ033-0190	8.947	112	933	The Depository shipping department was on the first floor to which Oswald had access in the normal performance of his duties filling orders.
LJ033-0192	5.104	64	540	When Paul M. Stombaugh of the FBI Laboratory examined the paper bag,
LJ033-0194	6.683	84	707	The blanket in which the rifle was stored was composed of brown and green cotton, viscose and woolen fibers.
LJ033-0196	6.335	80	671	The green cotton fibers found in the paper bag matched some of the green cotton fibers in the blanket
LJ033-0198	9.051	114	955	Despite these matches, however, Stombaugh was unable to render on opinion that the fibers which he found in the bag had probably come from the blanket,
LJ033-0200	1.470	19	169	He concluded, quote,
LJ033-0202	9.562	120	1002	because this blanket is composed of brown and green woolen fibers, brown and green delustered viscose fibers, and brown and green cotton fibers.
LJ033-0204	8.517	107	899	So if I found all of these then I would have been able to say these fibers probably had come from this blanket. But since I found so few,
LJ033-0206	6.404	81	683	Stombaugh confirmed that the rifle could have picked up fibers from the blanket and transferred them to the paper bag.
LJ033-0208	9.318	117	975	the Commission considered Stombaugh's testimony of probative value in deciding whether Oswald carried the rifle into the building in the paper bag.
LJ033-0210	5.394	68	575	told the curtain rod story to Frazier to explain both the return to Irving on a Thursday
LJ033-0212	8.540	107	897	(two) took paper and tape from the wrapping bench of the Depository and fashioned a bag large enough to carry the disassembled rifle;
LJ033-0214	5.359	67	565	(four) carried the rifle into the Depository Building, concealed in the bag;
LJ034-0002	8.982	113	943	The Warren Commission Report. By The President's Commission on the Assassination of President Kennedy. Chapter four. The Assassin: Part three.
LJ034-0004	9.016	113	942	Lee Harvey Oswald was hired on October fifteen, nineteen sixty-three, by the Texas School Book Depository as an "order filler."
LJ034-0006	6.242	79	665	He had ready access to the sixth floor, from the southeast corner window of which the shots were fired.
LJ034-0008	5.731	72	606	in deciding whether Lee Harvey Oswald was present at this window at the time of the assassination.
LJ034-0010	4.709	59	500	Below the southeast corner window on the sixth floor was a large carton of books
LJ034-0012	8.819	111	925	Atop this carton was a small carton marked "Rolling Readers," measuring approximately thirteen by nine by eight inches.
LJ034-0014	4.535	57	485	These two small cartons had been moved from a stack about three aisles away.
LJ034-0016	5.324	67	564	Behind these boxes was another carton placed on the floor on which a man sitting
LJ034-0018	5.336	67	562	Next to these cartons was the handmade paper bag, previously discussed,
LJ034-0020	3.200	40	343	The cartons were forwarded to the FBI in Washington.
LJ034-0022	6.892	87	725	testified that twenty identifiable fingerprints and eight palmprints were developed on these cartons.
LJ034-0024	7.170	90	757	The other "Rolling Readers" carton, however, contained a palmprint and a fingerprint which were identified by Latona
LJ034-0030	4.651	59	501	They could be easily adjusted and were still solid enough to serve as a gun rest.
LJ034-0032	8.134	102	859	had been one of these moved by the floor layers from the west wall to near the east side of the building in preparation for the laying of the floor.
LJ034-0034	9.214	116	974	Lieutenant Day of the Dallas police dusted this carton with powder and developed a palmprint on the top edge of the carton on the side nearest the window.
LJ034-0036	2.619	33	286	the bottom of the palm rested on the box.
LJ034-0038	9.492	119	992	This print which had been cut out of the box was also forwarded to the FBI and Latona identified it as Oswald's right palmprint.
LJ034-0042	5.057	64	541	that he could only testify with certainty that the print was less than three days old.
LJ034-0044	7.078	89	745	The freshness of this print could be estimated only because the Dallas police developed it through the use of powder.
LJ034-0046	7.588	95	796	When the FBI in Washington received the cartons, the remaining prints, including Oswald's on the Rolling Readers carton,
LJ034-0048	3.792	48	408	The freshness of prints developed in this manner cannot be estimated,
LJ034-0050	4.628	58	494	Most of the prints were found to have been placed on the cartons by an FBI clerk
LJ034-0052	5.777	73	611	In his independent investigation, Arthur Mandella of the New York City Police Department
LJ034-0054	5.383	68	576	In addition, Mandella was of the opinion that the print taken from the carton on the floor
LJ034-0056	9.434	118	985	Another expert with the FBI, Ronald G. Wittmus, conducted a separate examination and also agreed with Latona that the prints were Oswald's.
LJ034-0058	5.963	75	630	the Commission considered the possibility that Oswald handled these cartons as part of his normal duties.
LJ034-0060	9.400	118	988	who, like Oswald, might have handled the cartons. They were also compared with the prints of those law enforcement officials who might have handled the cartons.
LJ034-0062	4.674	59	498	Although a person could handle a carton and not leave identifiable prints,
LJ034-0064	8.540	107	899	This finding, in addition to the freshness of one of the prints and the presence of Oswald's prints on two of the four cartons and the paper bag
LJ034-0066	8.262	104	870	that Oswald was at the window from which the shots were fired, although the prints do not establish the exact time he was there.
LJ034-0068	4.616	58	489	Additional testimony linking Oswald with the point from which the shots were fired
LJ034-0070	8.018	101	848	During the morning of November twenty-two, Givens was working with the floor-laying crew in the southwest section of the sixth floor.
LJ034-0072	8.912	112	938	The employees raced the elevators to the first floor. Givens saw Oswald standing at the gate on the fifth floor as the elevator went by.
LJ034-0074	8.738	110	924	I discovered I left my cigarettes in my jacket pocket upstairs, and I took the elevator back upstairs to get my jacket with my cigarettes in it, end quote.
LJ034-0076	6.300	79	668	Givens said to Oswald, quote, Boy are you going downstairs? It's near lunch time, end quote.
LJ034-0078	8.064	101	849	Oswald was referring to the west elevator which operates by pushbutton and only with the gate closed. Givens said, "Okay,"
LJ034-0080	5.127	65	552	When he reached the first floor, the west elevator -- the one with the gate was not there.
LJ034-0082	5.069	64	542	None of the Depository employees is known to have seen Oswald again until after the shooting.
LJ034-0084	5.986	75	630	became apparent on December two, nineteen sixty-three, when an employee, Frankie Kaiser,
LJ034-0086	4.001	51	434	This clipboard had been made by Kaiser and had his name on it.
LJ034-0088	9.133	115	960	Three invoices on this clipboard, each dated November twenty-two, were for Scott-Foresman books, located on the first and sixth floors.
LJ034-0090	2.701	34	289	Eyewitness Identification of Assassin
LJ034-0092	7.217	91	762	in reaching the conclusion that the shots came from the sixth floor, southeast corner window of the Depository Building.
LJ034-0094	9.260	116	974	whom he viewed in a police lineup on the night of the assassination, was the man he saw fire the shots from the sixth-floor window of the Depository Building.
LJ034-0096	7.612	96	805	on the southwest corner of Elm and Houston Streets, looking north at the Depository Building which was directly in front of him.
LJ034-0098	9.539	120	1006	In the six to eight minute period before the motorcade arrived, Brennan saw a man leave and return to the window, quote, a couple of times, end quote,
LJ034-0102	4.709	59	498	Within minutes of the assassination, Brennan described the man to the police.
LJ034-0104	7.821	98	821	slender, weighing about one sixty-five pounds, about five foot ten inches tall, and in his early thirties.
LJ034-0106	9.388	118	990	Brennan described the man in similar terms, except that he gave the weight as between one hundred sixty-five and one hundred seventy-five pounds and the height was omitted.
LJ034-0108	8.053	101	843	man in his early thirties, fair complexion, slender, but neat, neat slender, possible five foot ten
LJ034-0110	4.698	59	500	Oswald was five foot nine inches, slender and twenty-four years old.
LJ034-0112	7.728	97	812	The New Orleans police records of his arrest in August of nineteen sixty-three show a weight of one hundred thirty-six pounds.
LJ034-0114	7.983	100	839	Brennan's description should also be compared with the eyewitness description broadcast over the Dallas police radio at one:twenty-two p.m.
LJ034-0116	9.191	115	958	The suspect was described as, quote, a white male about thirty, five foot eight, black hair, slender, end quote.
LJ034-0118	8.471	106	889	that the description of the suspect in the Tippit shooting was similar to the description which had been given by Brennan in connection with the assassination.
LJ034-0120	8.436	106	893	the police radio reported that, quote, an eyeball witness, end quote, described the suspect in the Tippit shooting as, quote, a white male,
LJ034-0122	6.358	80	671	As will be discussed fully below, the Commission has concluded that this suspect was Lee Harvey Oswald.
LJ034-0124	7.600	96	804	The half-open window, the arrangement of the boxes, and the angle of the shots virtually preclude a standing position.
LJ034-0126	6.671	84	705	shows three employees looking out of the fifth-floor window directly below the window from which the shots were fired.
LJ034-0128	6.903	87	729	But the testimony of these employees, together with photographs subsequently taken of them at the scene of the assassination,
LJ034-0130	4.825	61	517	Since the window ledges in the Depository Building are lower than in most buildings,
LJ034-0132	4.384	55	466	From the street, this creates the impression that the person is standing.
LJ034-0134	3.142	40	338	Shortly after the assassination Brennan noticed
LJ034-0136	6.578	83	696	When the three employees appeared before the Commission, Brennan identified the two whom he saw leave the building.
LJ034-0138	5.406	68	567	they saw and heard Brennan describing what he had seen.
LJ034-0141	3.699	47	403	and he said that the shots came from inside the building, end quote.
LJ034-0143	3.304	42	360	but he said he was unable to make a positive identification.
LJ034-0145	9.643	121	1012	Brennan had seen Oswald's picture on television, and he told the Commission that whether this affected his identification, quote, is something I do not know.
LJ034-0147	4.790	60	509	Brennan stated that he was sure that the person firing the rifle was Oswald.
LJ034-0149	5.603	71	596	Brennan appeared to revert to his earlier inability to make a positive identification,
LJ034-0151	2.364	30	261	of what he said on November twenty-two.
LJ034-0153	6.253	79	663	but did not do so because he felt that the assassination was, quote, a Communist activity,
LJ034-0155	2.561	33	282	When specifically asked before the Commission
LJ034-0157	8.935	112	939	Brennan stated, quote, I could at that time -- I could, with all sincerity, identify him as being the same man, end quote.
LJ034-0159	4.895	62	524	The Commission, therefore, does not base its conclusion concerning the identity of the assassin
LJ034-0161	2.689	34	291	Immediately after the assassination, however,
LJ034-0163	3.130	40	342	The Commission is satisfied that, at the least,
LJ034-0165	1.470	19	168	Lee Harvey Oswald.
LJ034-0167	8.064	101	840	of the sixth floor approximately one minute before the assassination, although neither witness saw the shots being fired.
LJ034-0169	3.699	47	400	the same corner where Brennan was sitting on a concrete wall.
LJ034-0171	5.023	63	534	Edwards said, quote, Look at that guy there in that window, end quote,
LJ034-0173	5.336	67	567	He said that the man held his attention until the motorcade came because the man, quote,
LJ034-0175	7.739	97	817	He looked like he was looking down toward the Trinity River and the Triple Underpass down at the end -- toward the end of Elm Street. And
LJ034-0177	7.461	94	792	Fischer placed the man in the easternmost window on the south side of the Depository Building on either the fifth or the sixth floor.
LJ034-0179	3.664	46	395	and, quote, seemed to be sitting a little forward, end quote,
LJ034-0181	8.355	105	879	and he had brown hair, a slender face and neck with light complexion, and looked to be twenty-two or twenty-four years old.
LJ034-0183	2.538	32	276	Boxes and cases were stacked behind him.
LJ034-0185	4.570	58	495	In his testimony he said, quote, I told them that that could have been the man.
LJ034-0187	6.996	88	745	Fischer described the man's hair as some shade of brown, quote, it wasn't dark, and it wasn't light, end quote.
LJ034-0189	7.461	94	791	Fischer explained that he did not mean by the earlier statement that the man was blond, but rather that his hair was not black.
LJ034-0191	9.121	115	966	he saw nothing of importance, quote, except maybe one individual who was up there in the corner room of the sixth floor which was crowded in among boxes, end quote.
LJ034-0193	5.162	65	550	Fischer and Edwards did not see the man clearly enough or long enough to identify him.
LJ034-0195	3.432	43	370	based on other evidence, to have fired the shots from the window.
LJ034-0197	7.809	98	826	who was one of the first witnesses to alert the police to the Depository as the source of the shots, as has been discussed in chapter three.
LJ034-0201	6.578	83	698	but a radio reporter testified that Euins described the man to him as, quote, colored, end quote.
LJ034-0203	8.993	113	949	Euins stated that he could not ascertain the man's race and that the statement in the affidavit was intended to refer only to the white spot on the man's head
LJ034-0205	6.195	78	653	A Secret Service agent who spoke to Euins approximately twenty to thirty minutes after the assassination
LJ034-0207	9.272	116	973	Accordingly, Euins' testimony is considered probative as to the source of the shots but is inconclusive as to the identity of the man in the window.
LJ034-0209	6.892	87	730	the Commission has considered the allegation that Oswald was photographed standing in front of the building when the shots were fired.
LJ034-0211	5.940	75	633	who was standing on the south side of Elm Street between the Triple Underpass and the Depository Building.
LJ034-0213	5.870	74	625	Just before snapping the picture Altgens heard a noise which sounded like the popping of a firecracker.
LJ034-0215	2.294	29	254	which entered the back of the President's neck.
LJ034-0217	4.152	52	440	One of these employees was alleged to resemble Lee Harvey Oswald.
LJ034-0219	6.927	87	728	Standing alongside him were Buell Wesley Frazier and William Shelley, who also identified Lovelady.
LJ035-0002	7.391	93	774	Chapter four. The Assassin: Part four. Oswald's Actions in Building After Assassination.
LJ035-0004	7.542	95	792	the Commission has reviewed the testimony of witnesses who saw Oswald in the building within minutes after the assassination.
LJ035-0006	4.535	57	485	are consistent with his having been at the window at twelve:thirty p.m.
LJ035-0008	7.530	95	795	The first person to see Oswald after the assassination was Patrolman M. L. Baker of the Dallas Police Department.
LJ035-0010	6.660	84	705	As he turned the corner from Main onto Houston at a speed of about five to ten miles per hour,
LJ035-0012	3.258	41	350	At about this time he heard the first shot.
LJ035-0014	3.455	44	375	it sounded high and I immediately kind of looked up,
LJ035-0016	9.121	115	965	He saw pigeons flutter upward. He was not certain, quote, but I am pretty sure they came from the building right on the northwest corner, end quote.
LJ035-0018	6.381	80	673	end quote, After the third shot, he, quote, revved that motorcycle up, end quote,
LJ035-0020	9.225	116	972	As he was parking he noted that people were, quote, falling, and they were rolling around down there grabbing their children, end quote, and rushing about.
LJ035-0022	9.597	120	1009	Baker, quote, had it in mind that the shots came from the top of this building here, end quote, so he ran straight to the entrance of the Depository Building.
LJ035-0024	4.988	63	537	and this man, Mr. Truly, spoke up and says, it seems to me like he says,
LJ035-0026	9.748	122	1016	Baker and building superintendent Roy Truly went through a second set of doors and stopped at a swinging door where Baker bumped into Truly's back.
LJ035-0028	5.232	66	560	to the northwest corner of the floor where Truly hoped to find one of the two freight elevators.
LJ035-0030	6.149	77	646	Truly pushed the button for the west elevator which operates automatically if the gate is closed.
LJ035-0034	6.242	79	670	The stairs from one floor to the next are "L-shaped," with both legs of the "L" approximately the same length.
LJ035-0036	5.290	67	567	On the second-floor landing there is a small open area with a door at the east end.
LJ035-0038	6.056	76	643	The lunchroom door is usually open, but the first door is kept shut by a closing mechanism on the door.
LJ035-0040	9.342	117	980	As Baker reached the second floor, he was about twenty feet from the vestibule door. He intended to continue around to his left toward the stairway going up
LJ035-0044	5.081	64	545	If the man had passed from the vestibule into the lunchroom, Baker could not have seen him.
LJ035-0046	8.297	104	880	I was coming out this one on the second floor, and I don't know, I was kind of sweeping this area as I come up, I was looking from right to left
LJ035-0048	4.686	59	505	I can't say whether he had gone on through that door [the lunchroom door] or not.
LJ035-0050	5.116	64	542	With his revolver drawn, Baker opened the vestibule door and ran into the vestibule.
LJ035-0052	4.686	59	505	Baker stopped at the door of the lunchroom and commanded, quote, Come here, end quote.
LJ035-0054	2.782	35	304	He had been proceeding toward the rear of the lunchroom.
LJ035-0056	4.024	51	433	Meanwhile, Truly had run up several steps toward the third floor.
LJ035-0058	5.429	68	580	Baker turned to Truly and said, quote, Do you know this man, does he work here? end quote.
LJ035-0060	7.449	94	795	Baker stated later that the man did not seem to be out of breath; he seemed calm. Quote, He never did say a word or nothing.
LJ035-0064	6.044	76	644	Truly thought that the officer's gun at that time appeared to be almost touching the middle portion of Oswald's body.
LJ035-0066	3.931	50	426	In an effort to determine whether Oswald could have descended to the lunchroom
LJ035-0068	2.747	35	302	until Baker came upon Oswald in the lunchroom.
LJ035-0070	1.934	25	221	Truly stood in front of the building.
LJ035-0072	8.053	101	843	On the first test, the elapsed time between the simulated first shot and Baker's arrival on the second-floor stair landing
LJ035-0074	3.769	48	407	The second test run required one minute and fifteen seconds.
LJ035-0076	9.678	121	1009	Special Agent John Howlett of the Secret Service carried a rifle from the southeast corner of the sixth floor along the east aisle to the northeast corner.
LJ035-0078	5.336	67	567	Then Howlett walked down the stairway to the second-floor landing and entered the lunchroom.
LJ035-0080	4.895	62	525	the second test, at a "fast walk" took one minute, fourteen seconds.
LJ035-0082	8.366	105	879	The only interval was the time necessary to ride in the elevator from the second to the sixth floor and walk back to the southeast corner.
LJ035-0084	8.308	104	871	The minimum time required by Baker to park his motorcycle and reach the second-floor lunchroom was within three seconds of the time needed to walk
LJ035-0086	9.620	121	1009	The time actually required for Baker and Truly to reach the second floor on November twenty-two was probably longer than in the test runs. For example,
LJ035-0088	3.432	43	368	park it, and run forty-five feet to the building.
LJ035-0090	8.657	109	914	possible delayed reaction to the shot, jostling with the crowd of people on the steps and scanning the area along Elm Street and the parkway.
LJ035-0092	5.313	67	575	and this would be the minimum, because I am sure that I, you know, it took me a little longer, end quote,
LJ035-0094	8.517	107	896	the Commission concluded that Oswald could have fired the shots and still have been present in the second-floor lunchroom when seen by Baker and Truly.
LJ035-0096	6.381	80	674	is consistent with the movements of the two elevators, which would have provided the other possible means of descent.
LJ035-0098	5.464	69	584	he was certain that both elevators, which occupy the same shaft, were on the fifth floor.
LJ035-0100	5.557	70	591	In the few seconds which elapsed while Baker and Truly ran from the first to the second floor,
LJ035-0102	5.046	64	542	Truly and Baker continued up the stairs after the encounter with Oswald in the lunchroom.
LJ035-0104	5.580	70	590	The east elevator was on the fifth floor when they arrived; the west elevator was not.
LJ035-0106	3.629	46	392	Jack Dougherty, an employee working on the fifth floor,
LJ035-0108	4.918	62	526	Eddie Piper, the janitor, told Dougherty that the President had been shot,
LJ035-0110	6.903	87	729	Both Dougherty and Piper were confused witnesses. They had no exact memory of the events of that afternoon.
LJ035-0112	5.023	63	533	The west elevator was not on the fifth floor when Baker and Truly reached that floor,
LJ035-0114	4.198	53	450	Neither elevator could have been used by Oswald as a means of descent.
LJ035-0116	3.177	40	341	Three employees -- James Jarman, Jr.,
LJ035-0118	4.732	60	506	They rushed to the west windows after the shots were fired and remained there
LJ035-0120	6.602	83	697	While they were at the west windows their view of the stairwell was completely blocked by shelves and boxes.
LJ035-0122	9.167	115	963	Dougherty took the elevator down from the fifth floor after Jarman, Norman, and Williams ran to the west windows and were deciding what to do.
LJ035-0124	5.174	65	546	Neither Jarman, Norman, Williams, or Dougherty saw Oswald.
LJ035-0126	7.043	89	747	claimed that within about one minute following the shots she ran from a window on the south side of the fourth floor,
LJ035-0128	6.590	83	698	If her estimate of time is correct, she reached the bottom of the stairs before Truly and Baker started up,
LJ035-0130	9.237	116	969	Actually she noticed no one on the back stairs. If she descended from the fourth to the first floor as fast as she claimed in her testimony,
LJ035-0132	7.124	90	754	When she reached the first floor, she actually saw Shelley and Lovelady slightly east of the east elevator.
LJ035-0134	8.169	103	864	that they were watching the parade from the top step of the building entrance when Gloria Calverly, who works in the Depository Building,
LJ035-0136	2.654	34	295	Lovelady and Shelley moved out into the street.
LJ035-0138	8.958	112	941	Shelley and Lovelady, at a fast walk or trot, turned west into the railroad yards and then to the west side of the Depository Building.
LJ035-0140	6.149	77	648	On entering, Lovelady saw a girl on the first floor who he believes was Victoria Adams.
LJ035-0142	4.314	54	460	then her estimate of the time when she descended from the fourth floor is incorrect,
LJ035-0144	1.853	24	212	Oswald's departure from building.
LJ035-0146	6.195	78	659	saw him walk through the clerical office on the second floor toward the door leading to the front stairway.
LJ035-0148	5.116	64	539	She testified that she heard three shots which she thought came from the building.
LJ035-0150	3.153	40	342	As she approached her desk, she saw Oswald.
LJ035-0152	6.996	88	738	carrying a full bottle of Coca-Cola in his hand, presumably purchased after the encounter with Baker and Truly.
LJ035-0154	5.011	63	534	Oswald mumbled something and walked by. She paid no more attention to him.
LJ035-0156	5.510	69	584	Mrs. Reid testified that when she saw Oswald, he was wearing a T-shirt and no jacket.
LJ035-0158	9.342	117	975	A blue jacket, later identified by Marina Oswald as her husband's, was subsequently found in the building, apparently left behind by Oswald.
LJ035-0160	7.623	96	803	Reconstructing her movements, Mrs. Reid ran the distance three times and was timed in two minutes by stopwatch.
LJ035-0162	7.217	91	757	approximately thirty to forty-five seconds after Oswald's lunchroom encounter with Baker and Truly.
LJ035-0164	1.888	24	210	three minutes after the shooting.
LJ035-0166	4.500	57	483	While it was difficult to determine exactly when the police sealed off the building,
LJ035-0168	7.681	97	814	One of the police officers assigned to the corner of Elm and Houston Streets for the Presidential motorcade, W. E. Barnett,
LJ035-0170	7.612	96	807	He then returned to the corner of Elm and Houston where he met a sergeant who instructed him to find out the name of the building.
LJ035-0172	7.345	92	770	There he was met by a construction worker -- in all likelihood Howard Brennan, who was wearing his work helmet.
LJ035-0174	6.195	78	655	where upon Barnett posted himself at the front door to make certain that no one left the building.
LJ035-0178	3.687	47	402	Sgt. D. V. Harkness of the Dallas police
LJ035-0180	5.336	67	568	that a witness (Amos Euins) had seen shots fired from a window of the building.
LJ035-0182	4.895	62	526	Harkness did not know whether or not two officers with Sawyer were guarding the doors.
LJ035-0184	6.416	81	682	He then entered the building and took the front passenger elevator as far as it would go -- the fourth floor.
LJ035-0186	8.575	108	905	After he returned to the street he directed Sergeant Harkness to station two patrolmen at the front door and not let anyone in or out;
LJ035-0188	4.872	61	519	This was no earlier than twelve:thirty-seven p.m. and may have been later.
LJ035-0190	8.343	105	876	testified that after driving to Parkland Hospital, he returned to the Depository Building about twenty minutes after the shooting,
LJ035-0192	9.133	115	961	Although Oswald probably left the building at about twelve:thirty-three p.m., his absence was not noticed until at least one-half hour later.
LJ035-0194	6.811	86	720	Approximately fifteen men worked in the warehouse and Truly noticed that Oswald was not among those being questioned.
LJ035-0196	2.956	37	320	The address listed was for the Paine home in Irving.
LJ035-0198	6.880	87	727	Truly estimated that he gave this information to Fritz about fifteen or twenty minutes after the shots,
LJ035-0200	5.057	64	540	Fritz believed that he learned of Oswald's absence after the rifle was found.
LJ035-0202	7.577	95	792	Fingerprint and palmprint evidence establishes that Oswald handled two of the four cartons next to the window
LJ035-0204	7.890	99	827	Oswald was seen in the vicinity of the southeast corner of the sixth floor approximately thirty-five minutes before the assassination
LJ035-0206	8.343	105	876	An eyewitness to the shooting immediately provided a description of the man in the window which was similar to Oswald's actual appearance.
LJ035-0210	7.205	91	760	On the basis of these findings the Commission has concluded that Oswald, at the time of the assassination,
LJ036-0002	3.362	43	365	Chapter four. The Assassin: Part five.
LJ036-0006	9.388	118	991	At about one:sixteen p.m., a Dallas police officer, J. D. Tippit, was shot less than one mile from Oswald's roominghouse.
LJ036-0008	6.195	78	651	(one) positive identification of the killer by two eyewitnesses who saw the shooting
LJ036-0010	7.043	89	740	(two) testimony of firearms identification experts establishing the identity of the murder weapon,
LJ036-0012	4.407	56	471	(four) evidence establishing the ownership of a zipper jacket
LJ036-0014	3.676	46	391	Oswald's Movements After Leaving Depository Building
LJ036-0016	5.893	74	617	Lee Harvey Oswald left the building approximately three minutes after the assassination.
LJ036-0018	8.494	107	897	where he boarded a bus which was heading back in the direction of the Depository Building, on its way to the Oak Cliff section of Dallas.
LJ036-0020	7.914	99	830	The transfer was dated "Friday November twenty-two, 'sixty-three" and was punched in two places by the bus driver.
LJ036-0022	9.098	114	951	the transfer was conclusively identified as having been issued by Cecil J. McWatters, a busdriver for the Dallas Transit Co.
LJ036-0024	9.353	117	980	on a trip which passed a check point at St. Paul and Elm Streets at twelve:thirty-six p.m., November twenty-two, nineteen sixty-three.
LJ036-0026	7.507	94	787	and he estimated that it took him three to four minutes to drive three blocks west from the checkpoint to Field Street,
LJ036-0028	7.136	90	756	McWatters' recollection is that he issued this transfer to a man who entered his bus just beyond Field Street,
LJ036-0030	6.509	82	689	About two blocks later, a woman asked to get off to make a one o'clock train at Union Station
LJ036-0032	6.950	87	735	So I gave her a transfer and opened the door and she was going out the gentleman I had picked up about two blocks [back]
LJ036-0034	5.406	68	575	It was the intersection near Lamar Street, it was near Poydras and Lamar Street.
LJ036-0036	6.799	85	719	At about six:thirty p.m. on the day of the assassination, McWatters viewed four men in a police lineup.
LJ036-0038	5.301	67	567	and who, during the ride south on Marsalis, had an argument with a woman passenger.
LJ036-0042	7.287	92	771	However, McWatters' recollection alone was too vague to be a basis for placing Oswald on the bus.
LJ036-0044	9.353	117	985	Oswald had rented a room from Mrs. Bledsoe about six weeks before, on October seven, but she had asked him to leave at the end of a week.
LJ036-0046	9.272	116	977	She testified, quote, I didn't like his attitude. There was just something about him I didn't like or want him. Just didn't want him around me, end quote,
LJ036-0048	7.379	93	779	She boarded the Marsalis bus at St. Paul and Elm Streets to return home. She testified further, quote,
LJ036-0050	6.509	82	692	Oswald got on. He looks like a maniac. His sleeve was out here. His shirt was undone.
LJ036-0052	6.184	78	658	he looked so bad in his face, and his face was so distorted. Hole in his sleeve right here.
LJ036-0054	7.797	98	823	When Oswald was arrested in the Texas Theatre, he was wearing a brown sport shirt with a hole in the right sleeve at the elbow.
LJ036-0056	9.040	113	944	Mrs. Bledsoe recalled that Oswald sat halfway to the rear of the bus which moved slowly and intermittently as traffic became heavy.
LJ036-0058	8.993	113	943	People on the bus began talking about it. As the bus neared Lamar Street, Oswald left the bus and disappeared into the crowd.
LJ036-0060	8.111	102	850	south on Houston, and southwest across the Houston viaduct to service the Oak Cliff area along Marsalis.
LJ036-0062	7.821	98	818	followed the same route as the Marsalis bus through downtown Dallas, except that it continued west on Elm,
LJ036-0064	3.235	41	351	Marsalis Street is seven blocks from Beckley.
LJ036-0066	6.520	82	692	He could not reach his roominghouse on the Marsalis bus, but the Beckley bus stopped across the street.
LJ036-0068	4.326	55	464	Both buses stopped within one block of the Depository Building.
LJ036-0070	4.105	52	444	rather than wait for one which stopped across the street from his roominghouse.
LJ036-0072	6.427	81	677	to Murphy and Elm three times, averaging six point five minutes for the three trips.
LJ036-0074	4.419	56	476	If Oswald left the Depository Building at twelve:thirty-three p.m.,
LJ036-0076	7.774	98	824	he would have boarded the bus at approximately twelve:forty p.m. and left it at approximately twelve:forty-four p.m.
LJ036-0078	8.111	102	848	claimed that about fifteen minutes after the assassination he saw a man, whom he later identified as Oswald,
LJ036-0080	6.973	88	738	toward a light-colored Rambler station wagon, which was moving slowly along Elm toward the underpass:
LJ036-0082	6.300	79	659	Craig testified that later in the afternoon he saw Oswald in the police interrogation room
LJ036-0084	5.905	74	620	Craig also claimed that when Fritz pointed out to Oswald that Craig had identified him,
LJ036-0086	4.024	51	432	The Commission could not accept important elements of Craig's testimony.
LJ036-0088	2.701	34	294	and told him a similar story to Craig's.
LJ036-0090	5.905	74	622	If Craig saw Oswald that afternoon, he saw him through the glass windows of the office.
LJ036-0092	4.802	61	516	and said, quote, Everybody will know who I am now, end quote.
LJ036-0094	8.482	107	895	Craig may have seen a person enter a white Rambler station wagon fifteen or twenty minutes after the shooting and travel west on Elm Street
LJ036-0096	5.510	69	581	because of the overwhelming evidence that Oswald was far away from the building by that time.
LJ036-0098	7.229	91	760	William Whaley, a taxicab driver, told his employer on Saturday morning, November twenty-three
LJ036-0100	5.557	70	591	Notified of Whaley's statement, the police brought him to the police station that afternoon.
LJ036-0102	4.082	52	439	He testified that Oswald looked older than the other boys.
LJ036-0104	1.691	22	193	Whaley picked Oswald.
LJ036-0106	3.920	49	419	You could have picked him out without identifying him by just listening to him.
LJ036-0108	7.170	90	761	and they asked me which one and I told them. It was him all right, the same man. He showed no respect for the policemen,
LJ036-0110	9.225	116	972	Whaley believes that Oswald's conduct did not aid him in his identification, quote, because I knew he was the right one as soon as I saw him.
LJ036-0112	3.328	42	360	Whaley said that Oswald was the man under Number two.
LJ036-0114	8.146	102	853	Only two of the men in the lineup with Oswald were teenagers: John T. Horn, aged eighteen, was Number one;
LJ036-0116	2.341	30	258	Lee Oswald was Number three;
LJ036-0118	2.724	35	300	When he first testified before the Commission,
LJ036-0120	2.271	29	254	unloaded at twelve:fifteen p.m.,
LJ036-0122	4.767	60	510	and a pickup from Greyhound (bus station) at twelve:thirty p.m.,
LJ036-0124	7.310	92	771	Whaley testified that he did not keep an accurate time record of his trips but recorded them by the quarter hour,
LJ036-0126	8.703	109	910	As he unloaded his Continental bus station passenger in front of Greyhound, he started to get out to buy a package of cigarettes.
LJ036-0128	9.411	118	985	The man was dressed in faded blue color khaki work clothes, a brown shirt, and some kind of work jacket that almost matched his pants.
LJ036-0130	3.978	50	423	Whaley described the ensuing events as follows, quote,
LJ036-0132	6.126	77	653	Driver, will you call me a cab down here? She had seen him get this cab and she wanted one, too,
LJ036-0134	6.137	77	654	I asked him where he wanted to go. And he said, "five hundred North Beckley. Well, I started up,
LJ036-0136	2.712	34	298	What the hell. I wonder what the hell is the uproar?
LJ036-0140	7.275	91	775	He gave me a dollar bill and didn't say anything, just got out and closed the door and walked around the front of the cab over to the other side of the street
LJ036-0142	4.024	51	435	Whaley was somewhat imprecise as to where he unloaded his passenger.
LJ036-0144	7.252	91	768	He said, quote, Yes, sir; that is right, because that is the five hundred block of North Beckley, end quote,
LJ036-0146	7.043	89	749	Neches is within one-half block of the roominghouse at ten twenty-six North Beckley where Oswald was living.
LJ036-0148	7.705	97	809	After a review of these inconsistencies in his testimony before the Commission, Whaley was interviewed again in Dallas.
LJ036-0150	7.972	100	838	He directed the driver of the car to a point twenty feet north of the northwest corner of the intersection of Beckley and Neely
LJ036-0152	3.130	40	342	This was the seven hundred block of North Beckley
LJ036-0154	9.063	114	952	The walk from Beckley and Neely to ten twenty-six North Beckley was timed by Commission counsel at five minutes and forty-five seconds.
LJ036-0156	1.679	21	187	He was in error, however.
LJ036-0158	7.438	93	783	Moreover, Mrs. Bledsoe saw Oswald in the bus without a jacket and wearing a shirt with a hole at the elbow.
LJ036-0160	6.068	76	636	He also stated he saw a silver identification bracelet on his passenger's left wrist.
LJ036-0164	9.539	120	1001	And when interrogated about a cab ride, Oswald also admitted that he left the slow-moving bus and took a cab to his roominghouse.
LJ036-0166	7.983	100	838	is three to four short blocks south of Lamar and Elm. If Oswald left the bus at twelve:forty-four p.m.
LJ036-0168	5.150	65	547	If the cab ride was approximately six minutes, as was the reconstructed ride,
LJ036-0170	5.731	72	607	If he was discharged at Neely and Beckley and walked directly to his roominghouse,
LJ036-0172	5.057	64	543	From the five hundred block of North Beckley, the walk would be a few minutes longer,
LJ036-0174	6.439	81	683	This is the approximate time he entered the roominghouse, according to Earlene Roberts, the housekeeper there.
LJ036-0176	6.288	79	665	Earlene Roberts, housekeeper for Mrs. A. C. Johnson at ten twenty-six North Beckley
LJ036-0178	6.753	85	713	She first saw him the day he rented a room at that address on October fourteen, nineteen sixty-three.
LJ036-0180	6.694	84	702	Mrs. Roberts testified that on Thursday, November twenty-one, Oswald did not come home.
LJ036-0182	4.477	56	475	She recalled that it was subsequent to the time the President had been shot.
LJ036-0184	6.880	87	734	When Oswald came in she said, quote, Oh, you are in a hurry, end quote, but Oswald did not respond.
LJ036-0186	6.242	79	669	Oswald had entered the house in his shirt sleeves, but when he left, he was zipping up a jacket.
LJ036-0188	3.955	50	427	Oswald was next seen about nine-tenths of a mile away
LJ036-0190	6.068	76	640	If Oswald left his roominghouse shortly after one p.m. and walked at a brisk pace,
LJ036-0192	5.859	74	625	Tippit's murder was recorded on the police radio tape at about one:sixteen p.m.
LJ036-0194	6.172	78	657	Patrolman J. D. Tippit joined the Dallas Police Department in July nineteen fifty-two.
LJ036-0196	7.658	96	801	Tippit patroled district Number seventy-eight in the Oak Cliff area of Dallas during daylight hours.
LJ036-0198	7.890	99	828	Tippit rode alone, as only one man was normally assigned to a patrol car in residential areas during daylight shifts.
LJ036-0200	9.643	121	1003	the radio dispatcher on channel one ordered all downtown patrol squads to report to Elm and Houston, code three (emergency).
LJ036-0202	8.018	101	846	At twelve:fifty-four p.m., Tippit reported that he was in the central Oak Cliff area at Lancaster and Eighth.
LJ036-0204	5.359	67	566	According to Chief Curry, Tippit was free to patrol the central Oak Cliff area.
LJ036-0206	5.104	64	544	again at twelve:forty-eight p.m., and again at twelve:fifty-five p.m.
LJ036-0210	6.520	82	689	At approximately one:fifteen p.m., Tippit, who was cruising east on tenth Street,
LJ036-0212	7.530	95	794	About one hundred feet past the intersection Tippit stopped a man walking east along the south side of Patton.
LJ036-0214	2.944	37	321	Tippit stopped the man and called him to his car.
LJ036-0216	3.746	47	403	Tippit got out and started to walk around the front of the car
LJ036-0218	3.339	42	359	Four bullets hit Tippit and killed him instantly.
LJ037-0002	3.177	40	341	Chapter four. The Assassin: Part six.
LJ037-0004	8.308	104	871	At least twelve persons saw the man with the revolver in the vicinity of the Tippit crime scene at or immediately after the shooting.
LJ037-0006	2.503	32	276	A sixth did so the next day.
LJ037-0008	4.071	51	432	Two witnesses testified that Oswald resembled the man they had seen.
LJ037-0010	2.782	35	301	A taxi driver, William Scoggins,
LJ037-0012	6.590	83	698	A police car moving east on tenth at about ten or twelve miles an hour passed in front of his cab.
LJ037-0014	4.918	62	526	Scoggins lost sight of him behind some shrubbery on the southeast corner lot,
LJ037-0016	7.066	89	750	Scoggins hurriedly left his seat and hid behind the cab as the man came back toward the corner with gun in hand.
LJ037-0018	6.218	78	658	Scoggins saw him and heard him mutter either "Poor damn cop" or "Poor dumb cop."
LJ037-0020	2.225	28	243	In his testimony before the Commission,
LJ037-0022	5.893	74	624	He had not seen Oswald on television and had not been shown any photographs of Oswald by the police.
LJ037-0026	5.592	70	592	By this time the pickup truck was across the street and about twenty-five feet from the police car.
LJ037-0028	5.812	73	615	He saw him empty the gun and throw the shells into some bushes on the southeast corner lot.
LJ037-0030	3.072	39	337	quote, We've had a shooting out here, end quote,
LJ037-0032	3.014	38	326	Benavides never saw Oswald after the arrest.
LJ037-0034	3.479	44	378	As a result, they did not take him to the police station.
LJ037-0036	8.227	103	863	Just prior to the shooting, Mrs. Helen Markham, a waitress in downtown Dallas, was about to cross tenth Street at Patton.
LJ037-0038	4.628	58	489	at the southeast corner of the intersection, approximately fifty feet away.
LJ037-0040	7.972	100	843	She saw the man come to the right window of the police car. As he talked, he leaned on the ledge of the right window with his arms.
LJ037-0042	8.076	101	847	The man pulled a gun. Mrs. Markham heard three shots and saw the policeman fall to the ground near the left front wheel.
LJ037-0044	6.265	79	667	She peered through her fingers, lowered her hands, and saw the man doing something with his gun. Quote,
LJ037-0046	6.950	87	734	The man, quote, in kind of a little trot, end quote, headed down Patton toward Jefferson Boulevard, a block away.
LJ037-0048	2.956	37	321	Helen Markham was screaming as she leaned over the body.
LJ037-0050	6.091	77	649	Her description and that of other eyewitnesses led to the police broadcast at one:twenty-two p.m.
LJ037-0052	2.550	32	282	At about four:thirty p.m., Mrs. Markham,
LJ037-0054	3.827	48	409	She identified Lee Harvey Oswald as the man who shot the policeman.
LJ037-0056	6.230	78	663	testified that she was, quote, quite hysterical, end quote, and was, quote, crying and upset, end quote.
LJ037-0058	6.753	85	710	In testimony before the Commission, Mrs. Markham confirmed her positive identification of Lee Harvey Oswald
LJ037-0060	7.728	97	819	That Mrs. Markham described the man who killed Patrolman Tippit as, quote, short, a little on the heavy side, end quote.
LJ037-0062	7.821	98	820	The Commission reviewed the transcript of a phone conversation in which Mrs. Markham is alleged to have provided such a description.
LJ037-0064	7.554	95	791	that Mrs. Markham strongly reaffirmed her positive identification of Oswald and denied having described the killer
LJ037-0066	6.172	78	660	Although she used the words, quote, a little bit bushy, end quote, to describe the gunman's hair,
LJ037-0068	2.074	26	228	taken at the time of his arrest.
LJ037-0070	8.436	106	887	within minutes of the shooting and before the lineup, Mrs. Markham described the man to the police as five foot eight inches tall.
LJ037-0072	6.590	83	693	She has subsequently admitted the existence of the conversation and offered an explanation for her denial.
LJ037-0074	7.519	94	782	and her positive identification of Oswald at a police lineup, the Commission considers her testimony reliable.
LJ037-0076	1.110	14	128	Two young women,
LJ037-0078	3.896	49	419	when they heard the sound of gunfire and the screams of Helen Markham.
LJ037-0082	2.097	27	236	On the evening of November twenty-two,
LJ037-0084	8.993	113	945	Barbara Jeanette Davis testified that no one had shown her a picture of Oswald before the identification and that she had not seen him on television.
LJ037-0086	4.094	52	442	Her reaction when she saw Oswald in the lineup was that, quote,
LJ037-0088	9.632	121	1008	Similarly, Virginia Davis had not been shown pictures of anyone prior to the lineup and had not seen either television or the newspapers during the afternoon.
LJ037-0090	4.280	54	461	she testified, quote, I would say that was him for sure, end quote.
LJ037-0092	7.867	99	826	Each woman whispered Oswald's number to the detective. Each testified that she was the first to make the identification.
LJ037-0094	5.870	74	625	He looked west on tenth and saw a man running to the west and a policeman falling to the ground.
LJ037-0096	5.835	73	612	Several days later he reported what he had seen and was questioned by FBI agents.
LJ037-0098	7.205	91	767	that he saw Oswald on television the night of the murder and thought that Oswald was the man he had seen running away from the shooting.
LJ037-0100	5.650	71	599	Later, the FBI showed Smith a picture of Oswald. In the picture the hair was brown.
LJ037-0102	6.950	87	735	He stated further that from, quote, What I saw of him, end quote, the man looked like the man in the picture.
LJ037-0104	9.121	115	961	manager of a used-car lot on the northeast corner of Patton Avenue and Jefferson Boulevard, and Sam Guinyard, a porter at the lot.
LJ037-0106	6.218	78	659	Both ran to the sidewalk on the east side of Patton at a point about a half a block south of tenth.
LJ037-0108	6.009	76	644	From across the street Callaway yelled, quote, Hey, man, what the hell is going on? End quote.
LJ037-0110	8.134	102	856	Guinyard claimed that the man ran down the east side of Patton and passed within ten feet of him before crossing to the other side.
LJ037-0112	5.278	66	557	Apparently he had reached for his gun; it lay beneath him outside of the holster.
LJ037-0114	5.893	74	629	He and Scoggins attempted to chase down the gunman in Scoggin's taxicab, but he had disappeared.
LJ037-0116	9.272	116	969	Guinyard and Callaway viewed the same lineup of four men from which Mrs. Markham had earlier made her identification of Lee Harvey Oswald.
LJ037-0118	4.210	53	451	Callaway told the Commission, quote, So they brought four men in.
LJ037-0120	6.822	86	726	Guinyard said, quote, I told them that was him right there. I pointed him out right there, end quote.
LJ037-0122	6.857	86	721	The Dallas Police Department furnished the Commission with pictures of the men who appeared in the lineups with Oswald,
LJ037-0124	3.804	48	408	The Commission is satisfied that the lineups were conducted fairly.
LJ037-0126	3.246	41	349	located on the southeast corner of this intersection.
LJ037-0128	6.683	84	709	were on the lot at the time, and they saw a white male with a revolver in his hands running south on Patton.
LJ037-0130	2.677	34	294	Reynolds and Patterson decided to follow him.
LJ037-0132	5.800	73	613	Neither Reynolds nor Patterson saw the man after he turned off Jefferson at the service station.
LJ037-0134	8.680	109	913	Russell and Patterson were shown a picture of Oswald and they stated that Oswald was the man they saw on November twenty-two, nineteen sixty-three.
LJ037-0136	8.273	104	868	Patterson, when asked later to confirm his identification by affidavit said he did not recall having been shown the photograph.
LJ037-0138	5.487	69	580	Reynolds did not make a positive identification when interviewed by the FBI, but
LJ037-0140	9.667	121	1012	L.J. Lewis said in an interview that because of the distance from which he observed the gunman he would hesitate to state whether the man was identical with Oswald.
LJ037-0142	3.722	47	398	serial number V five one zero two one zero.
LJ037-0144	6.869	86	719	All three identified Exhibit Number one forty-three as the revolver taken from Oswald when he was arrested.
LJ037-0146	2.933	37	318	Barbara Jeanette Davis, and Virginia Davis.
LJ037-0148	4.419	56	472	in Oswald's possession to the exclusion of all other weapons.
LJ037-0152	5.324	67	561	Identification was effected through breech face marks and firing pin marks.
LJ037-0154	5.928	75	629	independently examined the four cartridge cases and arrived at the same conclusion as Cunningham.
LJ037-0158	4.210	53	450	He concluded that all of these cartridges were fired from the same weapon.
LJ037-0162	7.972	100	835	Consecutive bullets fired from the revolver by the FBI experts could not be identified as having been fired from that revolver.
LJ037-0164	2.480	32	276	All four bullets were fired from a weapon
LJ037-0166	6.973	88	740	He concluded, however, that he could not say whether the four bullets were fired from the revolver in Oswald's possession.
LJ037-0168	4.802	61	518	Nicol differed with the FBI experts on one bullet taken from Tippit's body.
LJ037-0170	9.191	115	963	But he agreed that because the other three bullets were mutilated, he could not determine if they had been fired from the same weapon as the test bullets.
LJ037-0172	2.376	30	260	even though only four bullets were recovered.
LJ037-0174	9.214	116	966	but only two of the four discarded cartridge cases found on the lawn at tenth Street and Patton Avenue were of Winchester-Western manufacture.
LJ037-0176	8.285	104	868	And though only one bullet of Remington-Peters manufacture was recovered, two empty cartridge cases of that make were retrieved.
LJ037-0178	6.845	86	721	or one used Remington-Peters cartridge case, which may have been in the revolver before the shooting,
LJ037-0180	9.701	122	1015	If a bullet is missing, five were fired. This corresponds with the observation and memory of Ted Callaway, and possibly Warren Reynolds,
LJ037-0182	1.458	19	168	Ownership of Revolver
LJ037-0184	8.099	102	852	agents of the FBI determined that George Rose and Co. of Los Angeles was a major distributor of this type of revolver.
LJ037-0186	4.222	53	447	disclosed that on January three, nineteen sixty-three,
LJ037-0188	8.668	109	909	Among these guns was a thirty-eight Special caliber Smith and Wesson revolver, serial Number V five one zero two one zero,
LJ037-0190	5.998	75	632	George Rose and Co. had the barrel shortened by a gunsmith to two and one quarter inches.
LJ037-0192	7.693	97	812	Seaport Traders, Incorporated, received through the mail a mail-order coupon for one, quote, point three-eight
LJ037-0194	2.178	28	243	Ten dollars in cash was enclosed.
LJ037-0196	8.285	104	873	A. J. Hidell, aged twenty-eight, end quote. The date of the order was January twenty-seven. No year shown.
LJ037-0200	3.571	45	387	The name written in this space was D. F. Drittal.
LJ037-0202	7.008	88	737	identified records of Seaport Traders, Incorporated, which showed that a, quote, point three eight
LJ037-0204	8.866	111	931	was shipped on March twenty, nineteen sixty-three, to A. J. Hidell, Post Office Box two nine one five, Dallas, Texas.
LJ037-0206	4.326	55	466	The balance due on the purchase was nineteen dollars, ninety-five cents.
LJ037-0208	8.390	105	884	nineteen dollars, ninety-five cents, plus one dollar, twenty-seven cents shipping charge, had been collected from the consignee, Hidell.
LJ037-0210	4.907	62	523	testified before the Commission that the writing on the coupon was Oswald's.
LJ037-0212	8.169	103	866	who attested that the fictitious Hidell was an American citizen and had not been convicted of a felony, was also in Oswald's handwriting.
LJ037-0214	5.975	75	631	When shown the revolver, she stated that she recognized it as the one owned by her husband.
LJ037-0216	8.099	102	854	in the picture she took in late March or early April nineteen sixty-three when the family was living on Neely Street in Dallas.
LJ037-0218	7.879	99	826	Marina Oswald testified that this was the holster which contained the revolver in the photographs taken on Neely Street.
LJ037-0220	6.207	78	657	Approximately fifteen minutes before the shooting of Tippit, Oswald was seen leaving his roominghouse.
LJ037-0222	3.153	40	344	When Oswald was arrested, he did not have a jacket.
LJ037-0226	7.263	91	761	According to Patrolman Poe this description came from Mrs. Markham and Mrs. Barbara Jeanette Davis.
LJ037-0230	8.285	104	870	Mrs. Davis gave Poe the same general description: a, quote, white male in his early twenties, around five foot seven inches
LJ037-0232	1.934	25	218	As has been discussed previously,
LJ037-0234	7.855	99	832	Mrs. Mary Brock, the wife of a mechanic who worked at the station, was there at the time and she saw a white male,
LJ037-0236	4.593	58	490	She last saw him in the parking lot directly behind the service station.
LJ037-0238	6.555	82	686	she identified a picture of Oswald as being the same person she saw on November twenty-two.
LJ037-0240	4.163	53	451	At one:twenty-four p.m., the police radio reported, quote,
LJ037-0242	7.287	92	767	Police Capt. W. R. Westbrook and several other officers concentrated their search along Jefferson Boulevard.
LJ037-0244	8.099	102	849	Westbrook identified Commission Exhibit Number one sixty-two as the light-colored jacket which he discovered underneath the automobile.
LJ037-0246	7.484	94	787	The blue jacket was found in the Texas School Book Depository and was identified by Marina Oswald as her husband's.
LJ037-0248	3.606	46	391	The eyewitnesses vary in their identification of the jacket.
LJ037-0250	4.756	60	508	said that she may have seen the gray zipper jacket but she was not certain.
LJ037-0252	8.018	101	841	Ted Callaway, who saw the gunman moments after the shooting, testified that Commission Exhibit Number one sixty-two
LJ037-0254	4.210	53	449	Two other witnesses, Sam Guinyard and William Arthur Smith,
LJ037-0256	8.482	107	897	Mrs. Markham and Barbara Davis thought that the jacket worn by the slayer of Tippit was darker than the jacket found by Westbrook.
LJ037-0258	8.030	101	847	There is no doubt, however, that Oswald was seen leaving his roominghouse at about one p.m. wearing a zipper jacket,
LJ037-0260	7.960	100	835	that he was seen running along Jefferson Boulevard, that a jacket was found under a car in a lot adjoining Jefferson Boulevard
LJ037-0262	8.239	103	862	These facts warrant the finding that Lee Harvey Oswald disposed of his jacket as he fled from the scene of the Tippit killing.
LJ037-0264	4.790	60	507	and seven eyewitnesses who saw the flight of the gunman with revolver in hand
LJ037-0266	9.214	116	970	(two) the cartridge cases found near the scene of the shooting were fired from the revolver in the possession of Oswald at the time of his arrest,
LJ037-0268	9.225	116	967	(three) the revolver in Oswald's possession at the time of his arrest was purchased by and belonged to Oswald, and (four)
LJ038-0001	3.862	49	418	Report of the President's Commission on the Assassination of President Kennedy.
LJ038-0003	1.505	19	169	Oswald's Arrest
LJ038-0005	7.229	91	761	from where several witnesses last saw Oswald running west on Jefferson Boulevard. Shortly after the Tippit murder,
LJ038-0007	9.051	114	955	One of the persons who heard the sirens was Johnny Calvin Brewer, manager of Hardy's Shoestore, a few doors east of the Texas Theatre.
LJ038-0009	6.485	82	692	When he heard police sirens, he, quote, looked up and saw the man enter the lobby, end quote.
LJ038-0011	4.489	57	485	A police car made a U-turn, and as the sirens grew fainter,
LJ038-0013	4.384	55	468	The man wore a T-shirt beneath his outer shirt and he had no jacket.
LJ038-0015	5.034	63	532	Mrs. Julia Postal, selling tickets at the box office of the Texas Theatre,
LJ038-0017	6.288	79	669	Attracted by the sound of the sirens, Mrs. Postal stepped out of the box office and walked to the curb.
LJ038-0019	7.600	96	810	She said, quote, No; by golly, he didn't, end quote, and turned around, but the man was nowhere in sight.
LJ038-0021	7.705	97	814	She sent Brewer into the theatre to find the man and check the exits, told him about the assassination, and said, quote,
LJ038-0027	7.263	91	762	Detective Paul L. Bentley rushed to the balcony and told the projectionist to turn up the house lights.
LJ038-0029	6.056	76	642	stepped out onto the stage with them and pointed out the man who had come into the theatre without paying.
LJ038-0031	6.462	81	681	About six or seven people were seated on the theatre's main floor and an equal number in the balcony.
LJ038-0033	3.002	38	328	He walked out of the row up the right center aisle.
LJ038-0035	3.746	47	401	Oswald rose from his seat, bringing up both hands.
LJ038-0037	7.496	94	790	Oswald then struck McDonald between the eyes with his left fist; with his right hand he drew a gun from his waist.
LJ038-0039	6.648	84	704	Three other officers, moving toward the scuffle, grabbed Oswald from the front, rear and side.
LJ038-0041	5.162	65	549	McDonald felt the pistol scratch his cheek as he wrenched it away from Oswald.
LJ038-0043	5.533	70	586	The other officers who helped subdue Oswald corroborated McDonald in his testimony
LJ038-0045	6.636	83	700	Deputy Sheriff Eddy R. Walthers recalled such a remark but he did not reach the scene of the struggle
LJ038-0049	3.153	40	345	Although the witnesses did not hear the sound of a misfire,
LJ038-0051	3.072	39	332	Two patrons of the theatre and John Brewer
LJ038-0053	7.879	99	826	George Jefferson Applin, Jr., confirmed that Oswald fought with four or five officers before he was handcuffed.
LJ038-0055	5.255	66	556	No other theatre patron or officer has testified that Oswald was hit by a gun.
LJ038-0057	7.577	95	796	Deputy Sheriff Walthers brought a shotgun into the theatre but laid it on some seats before helping subdue Oswald.
LJ038-0059	8.308	104	876	that there was no one near Oswald who had a shotgun and he saw no one strike Oswald in the back with a rifle butt or the butt of a gun.
LJ038-0061	4.210	53	449	He saw no shotgun in the possession of any policeman near Oswald.
LJ038-0063	3.548	45	384	but that once he was subdued, no officer struck him.
LJ038-0065	6.021	76	639	It is unlikely that any of the police officers referred to Oswald as a suspect in the assassination.
LJ038-0067	6.509	82	689	As Oswald, handcuffed, was led from the theatre, he was, according to McDonald, quote,
LJ038-0069	8.320	104	870	At one:fifty-one p.m., police car two reported by radio that it was on the way to headquarters with the suspect.
LJ038-0071	7.797	98	820	When he entered the homicide and robbery bureau office, he saw two detectives standing there with Sgt. Gerald L. Hill,
LJ038-0073	7.403	93	780	Hill testified that Fritz told the detective to get a search warrant, go to an address on Fifth Street in Irving,
LJ038-0075	9.225	116	974	Fritz replied, quote, Well, he was employed down at the Book Depository and he had not been present for a roll call of the employees, end quote.
LJ038-0077	2.538	32	275	Statements of Oswald during Detention.
LJ038-0079	1.447	19	169	on November twenty-four.
LJ038-0083	2.712	34	291	They occasionally participated in the questioning.
LJ038-0085	6.880	87	726	A full discussion of Oswald's detention and interrogation is presented in chapter five of this report.
LJ038-0087	7.414	93	778	in an apparent effort to determine, by means of a scientific test, whether Oswald had recently fired a weapon.
LJ038-0089	2.236	28	241	Expert testimony before the Commission
LJ038-0091	6.718	84	705	The Commission has, therefore, placed no reliance on the paraffin tests administered by the Dallas police.
LJ038-0093	7.914	99	833	Frequently, however, he was confronted with evidence which he could not explain, and he resorted to statements which are known to be lies.
LJ038-0095	8.610	108	902	by the Commission, they had probative value in deciding the weight to be given to his denials that he assassinated President Kennedy
LJ038-0097	3.583	45	384	the Commission gave little weight to his denials of guilt.
LJ038-0099	3.629	46	390	From the outset, Oswald denied owning a rifle.
LJ038-0101	7.763	98	824	Oswald said that this was not true. Oswald denied that he had a rifle wrapped up in a blanket in the Paine garage.
LJ038-0103	4.709	59	499	On the afternoon of November twenty-three, Officers H. M. Moore,
LJ038-0105	5.580	70	587	They discovered two photographs, each showing Oswald with a rifle and a pistol.
LJ038-0107	9.434	118	987	According to Fritz, Oswald sneered, saying that they were fake photographs, that he had been photographed a number of times the day before by the police,
LJ038-0109	9.028	113	948	was either made from the larger, or the larger photograph was made from the smaller and that at the proper time he would show that the pictures were fakes.
LJ038-0111	4.489	57	480	At that point, Oswald refused to answer any further questions.
LJ038-0113	1.888	24	212	when they lived on Neely Street.
LJ038-0115	7.182	90	751	At the first interrogation, Oswald claimed that his only crime was carrying a gun and resisting arrest.
LJ038-0117	8.041	101	847	He falsely alleged that he bought the revolver in Fort Worth, when in fact he purchased it from a mail-order house in Los Angeles.
LJ038-0119	8.854	111	926	The arresting officers found a forged selective service card with a picture of Oswald and the name "Alek J. Hidell"
LJ038-0121	2.910	37	317	or to answer any questions concerning the card.
LJ038-0123	6.126	77	647	Captain Fritz produced the selective service card bearing the name "Alek J. Hidell."
LJ038-0125	9.202	116	981	Now, I've told you all I'm going to tell you about that card in my billfolds -- you have the card yourself and you know as much about it as I do, end quote.
LJ038-0127	4.895	62	525	but denied that he had received a package in this box addressed to Hidell.
LJ038-0129	8.807	111	927	Holmes reminded Oswald that A. J. Hidell was listed on post office box three zero zero six one, New Orleans,
LJ038-0131	4.593	58	494	Oswald replied, quote, I don't know anything about that, end quote.
LJ038-0133	8.111	102	857	Oswald responded that the landlady simply made a mistake, because he told her that his name was Lee, meaning his first name.
LJ038-0135	1.447	19	168	The Curtain Rod Story
LJ038-0137	7.925	100	834	the Commission found that Oswald lied when he told Frazier that he was returning to Irving to obtain curtain rods.
LJ038-0139	6.648	84	708	He denied that he had ever told Frazier that he wanted a ride to Irving to get curtain rods for an apartment.
LJ038-0141	3.293	42	360	therefore, he made his weekly visit on Thursday night.
LJ038-0143	9.086	114	954	When told that Frazier and Mrs. Randle had seen him carrying a long heavy package, Oswald replied, quote, Well, they was mistaken.
LJ038-0145	5.127	65	549	In one interview, he told Fritz that the only sack he carried to work that day
LJ038-0147	5.313	67	563	Frazier testified before the Commission that Oswald carried no lunch sack that day.
LJ038-0149	8.866	111	924	During the first interrogation on November twenty-two, Fritz asked Oswald to account for himself at the time the President was shot.
LJ038-0151	4.210	53	449	He acknowledged the encounter with the police officer on the second floor.
LJ038-0153	6.764	85	716	He said that he left work because Bill Shelley said that there would be no more work done that day in the building.
LJ038-0155	3.014	38	326	The next day, Oswald added to his story.
LJ038-0157	6.358	80	671	The only employee at the Depository Building named "Junior" was James Jarman, Jr.
LJ038-0159	3.629	46	391	Jarman did talk to Oswald that morning: Quote,
LJ038-0161	8.273	104	880	and he asked me did I know which way he was coming, and I told him, yes, he probably come down Main and turn on Houston and then back again on Elm.
LJ038-0163	1.667	21	185	Prior attempt to kill.
LJ038-0165	8.657	109	912	At approximately nine p.m., on April ten, nineteen sixty-three, in Dallas, Texas, Maj. Gen. Edwin A. Walker,
LJ038-0167	9.202	116	966	narrowly escaped death when a rifle bullet fired from outside his home passed near his head as he was seated at his desk.
LJ038-0169	8.993	113	945	he saw two men, in separate cars, drive out of a church parking lot adjacent to Walker's home. A friend of Walker's testified that
LJ038-0171	6.242	79	665	General Walker gave this information to the police before the shooting, but it did not help solve the crime.
LJ038-0173	7.078	89	743	General Walker hired two investigators to determine whether a former employee might have been involved in the shooting.
LJ038-0175	5.882	74	619	Until December three, nineteen sixty-three, the Walker shooting remained unsolved.
LJ038-0177	3.989	50	427	A note which Oswald left for his wife on the evening of the shooting,
LJ038-0179	6.207	78	654	(three) firearm identification of the bullet found in Walker's home, and (four)
LJ038-0181	8.796	110	918	On December two, nineteen sixty-three, Mrs. Ruth Paine turned over to the police some of the Oswalds' belongings,
LJ038-0183	3.711	47	399	In translation, the note read as follows: one.
LJ038-0185	5.580	70	590	This is the same street where the drugstore, in which you always waited is located.
LJ038-0187	3.467	44	378	I paid for the box last month so don't worry about it.
LJ038-0191	9.260	116	971	five. The money from work will possibly be coming. The money will be sent to our post office box. Go to the bank and cash the check.
LJ038-0193	5.777	73	616	However, I prefer that you hold on to my personal papers (military, civil, etc.).
LJ038-0197	2.852	36	312	ten. I left you as much money as I could,
LJ038-0199	2.770	35	303	eleven. If I am alive and taken prisoner,
LJ038-0201	8.320	104	865	James C. Cadigan, FBI handwriting expert, testified that this note was written by Lee Harvey Oswald.
LJ038-0203	5.708	72	608	He had quit these classes at least a week before the shooting, which occurred on a Wednesday night.
LJ038-0205	4.071	51	434	She thought he was attending a class or was on his own business.
LJ038-0207	4.570	58	492	When he came back I asked him what had happened. He was very pale.
LJ038-0209	4.245	54	461	Oswald told his wife that he did not know whether he had hit Walker;
LJ038-0211	9.678	121	1011	he said that he, quote, was very sorry that he had not hit him, end quote. Marina Oswald's testimony was fully supported by the note itself
LJ038-0213	2.759	35	300	The last paragraph directed her to the jail
LJ038-0215	8.726	110	922	It is clear that the note was written while the Oswalds were living in Dallas before they moved to New Orleans in the spring of nineteen sixty-three.
LJ038-0219	8.749	110	921	would be consistent with the period when the Oswalds were living on Neely Street since the apartment was rented on March three, nineteen sixty-three.
LJ038-0221	4.686	59	500	and the second month's rent was paid on either April two or April three.
LJ038-0223	5.800	73	612	from October nine, nineteen sixty-two, to May fourteen, nineteen sixty-three.
LJ038-0225	8.436	106	884	which would indicate that it was probably written before the birth of Oswald's second child on October twenty, nineteen sixty-three.
LJ038-0227	7.693	97	812	From Neely Street the Oswalds would have traveled downtown on the Beckley bus, across the Commerce Street viaduct
LJ038-0229	6.091	77	653	Either the viaduct or the underpass might have been the "bridge" mentioned in the last paragraph of the note.
LJ038-0231	4.523	57	480	In her testimony before the Commission in February nineteen sixty-four,
LJ038-0233	9.376	118	983	He showed her a notebook three days later containing photographs of General Walker's home and a map of the area where the house was located.
LJ038-0235	5.278	66	553	were identified by Marina Oswald as photographs of General Walker's house.
LJ038-0237	8.575	108	901	The Commission confirmed, by comparison with other photographs, that these were, indeed, photographs of the rear of Walker's house.
LJ038-0239	6.335	80	673	indicated that the bullet was fired from a position near the point where one of the photographs was taken.
LJ038-0241	6.288	79	663	Also seen in the picture is the fence on which Walker's assailant apparently rested the rifle.
LJ038-0243	6.648	84	702	and twelve, nineteen sixty-three, and most probably on either March nine or March ten.
LJ038-0245	2.782	35	298	A photography expert with the FBI
LJ038-0247	4.210	53	447	A fourth photograph, showing a stretch of railroad tracks,
LJ038-0249	7.124	90	753	Investigation determined that this photograph was taken approximately seven-tenths of a mile from Walker's house.
LJ038-0251	7.646	96	802	but investigation revealed that it was taken from a point slightly less than half a mile from General Walker's house.
LJ038-0253	8.506	107	896	he replied that he had buried it in the ground or hidden it in some bushes and that he also mentioned a railroad track in this connection.
LJ038-0255	2.016	26	224	Firearms identification.
LJ038-0257	2.585	33	287	which had come to rest on a stack of paper.
LJ038-0259	4.256	54	458	The oral report was negative because of the battered condition of the bullet.
LJ038-0261	5.197	65	546	the Dallas Police Department forwarded it on December two, nineteen sixty-three.
LJ038-0265	8.842	111	929	and, further, on this basis the bullet could have been fired from the rifle on the basis of its land and groove impressions, end quote.
LJ038-0267	8.471	106	882	Unless the missile or cartridge case can be identified as coming from a particular weapon to the exclusion of all others,
LJ038-0269	6.218	78	651	Frazier testified, however, that he found no microscopic characteristics or other evidence
LJ038-0271	3.211	41	350	It was a six point five-millimeter bullet
LJ038-0273	1.458	19	169	Joseph D. Nicol,
LJ038-0277	6.126	77	649	I am aware of their position. This is not, I am sure, arrived at without careful consideration.
LJ038-0279	3.061	39	335	I think is going overboard in the other direction.
LJ038-0281	8.343	105	877	in the absence of very definite negative evidence, I think it is permissible to say that in an exhibit such as five seven three
LJ038-0283	7.159	90	756	without going so far as to say to the exclusion of all other guns. This I could not do, end quote.
LJ038-0285	9.481	119	990	that the bullet which missed General Walker was fired from Oswald's rifle to the exclusion of all others, this testimony was considered probative
LJ038-0287	2.236	28	241	Additional corroborative evidence.
LJ038-0289	7.078	89	743	As shown above, the note and the photographs of Walker's house and of the nearby railroad tracks
LJ038-0291	7.310	92	763	Other details described by Marina Oswald coincide with facts developed independently of her statements.
LJ038-0293	7.333	92	775	until that Wednesday because he had heard that there was to be a gathering at the church next door to Walker's house on that evening.
LJ038-0295	9.028	113	940	An official of this church told FBI agents that services are held every Wednesday at the church except during the month of August.
LJ038-0297	2.747	35	300	A study of the bus routes indicates that
LJ038-0299	5.975	75	633	It would have been possible for him to take different routes in approaching and leaving the scene of the shooting.
LJ038-0301	4.291	54	455	(two) the photographs found among Oswald's possessions,
LJ038-0303	9.585	120	1003	the Commission has concluded that Lee Harvey Oswald attempted to take the life of Maj. Gen. Edwin A. Walker (Resigned, U.S. Army)
LJ038-0305	6.973	88	733	The finding that Lee Harvey Oswald attempted to murder a public figure in April nineteen sixty-three
LJ039-0001	5.545	70	588	For more information, or to volunteer, please visit librivox dot org.
LJ039-0003	6.009	76	638	The Warren Commission Report. By The President's Commission on the Assassination of President Kennedy.
LJ039-0005	2.039	26	225	Richard M. Nixon Incident
LJ039-0007	6.671	84	700	In January nineteen sixty-four, Marina Oswald and her business manager, James Martin,
LJ039-0009	7.124	90	749	When Marina Oswald testified before the Commission on February three to six, nineteen sixty-four,
LJ039-0011	2.782	35	301	toward any official of the United States.
LJ039-0013	2.852	36	309	and to the Commission on February twenty-one.
LJ039-0015	9.632	121	1005	and testified that a few days before her husband's departure from Dallas to New Orleans on April twenty-four, nineteen sixty-three,
LJ039-0017	8.703	109	917	I asked him where he was going, and why he was getting dressed. He answered Nixon is coming. I want to go and have a look, end quote.
LJ039-0019	5.917	74	622	She reminded him that after the Walker shooting he had promised never to repeat such an act.
LJ039-0021	6.787	85	716	I called him into the bathroom and I closed the door and I wanted to prevent him and then I started to cry.
LJ039-0023	7.159	90	755	I remember that I held him. We actually struggled for several minutes and then he quieted down. End quote.
LJ039-0025	1.412	18	159	After further questioning
LJ039-0027	1.470	19	169	Oswald's revolver
LJ039-0029	9.458	119	988	No edition of either Dallas newspaper during the period January one, nineteen sixty-three, to May fifteen, nineteen sixty-three,
LJ039-0031	6.009	76	638	Mr. Nixon advised the Commission that the only time he was in Dallas in nineteen sixty-three
LJ039-0033	8.633	108	898	An investigation failed to reveal any invitation extended to Mr. Nixon during the period when Oswald's threat reportedly occurred.
LJ039-0035	4.686	59	500	he was not actually planning to shoot Mr. Nixon at that time in Dallas.
LJ039-0037	6.927	87	731	Vice President Lyndon B. Johnson was in Dallas for a visit which had been publicized in the Dallas newspapers
LJ039-0039	5.870	74	624	there is no question that in this incident it was a question of Mr. Nixon, end quote.
LJ039-0041	3.061	39	335	I am getting a little confused with so many questions.
LJ039-0043	9.643	121	1004	She stated further that Oswald had only mentioned Nixon's name once during the incident. Marina Oswald might have misunderstood her husband.
LJ039-0045	7.774	98	817	This was one day before Oswald left for New Orleans and Marina appeared certain that the Nixon incident, quote,
LJ039-0047	6.474	81	676	Marina Oswald speculated that the incident may have been unrelated to an actual threat.
LJ039-0051	5.684	72	605	In the absence of other evidence that Oswald actually intended to shoot someone at this time,
LJ039-0053	7.658	96	801	was of no probative value in the Commission's decision concerning the identity of the assassin of President Kennedy.
LJ039-0055	6.845	86	719	In deciding whether Lee Harvey Oswald fired the shots which killed President Kennedy and wounded Governor Connally,
LJ039-0057	7.821	98	818	possessed the capability to hit his target with two out of three shots under the conditions described in chapter three.
LJ039-0061	5.568	70	589	For a rifleman situated on the sixth floor of the Texas School Book Depository Building
LJ039-0063	7.565	95	797	with the alinement of the assassin's rifle, at a range of one hundred seventy-seven to two hundred sixty-six feet.
LJ039-0065	5.951	75	632	so that the President would have been moving in an almost straight line away from the assassin's rifle.
LJ039-0067	6.625	83	695	which is ordinarily required when a marksman must raise his rifle as a target moves farther away.
LJ039-0069	7.356	92	770	Maj. Eugene D. Anderson, assistant head of the Marksmanship Branch of U.S. Marine Corps
LJ039-0071	6.718	84	702	Robert A. Frazier, FBI expert in firearms identification and training, said, quote,
LJ039-0073	9.075	114	953	when you shoot at one hundred seventy-five feet or two hundred sixty feet, which is less than a hundred yards, with a telescopic sight,
LJ039-0075	5.116	64	546	once you know that you must put the crosshairs on the target and that is all that is necessary.
LJ039-0079	9.342	117	976	by Master Sgt. James A. Zahm, noncommissioned officer in charge of the Marksmanship Training Unit in the Weapons Training Battalion
LJ039-0081	5.940	75	630	Referring to a rifle with a four-power telescope, Sergeant Zahm said, quote,
LJ039-0083	9.376	118	983	Using the scope, rapidly working a bolt and using the scope to relocate your target quickly and at the same time when you locate that target
LJ039-0085	7.066	89	749	it just takes a minor move in aiming to bring the crosshairs to bear, and then it is a quick squeeze.
LJ039-0087	8.448	106	890	It allows you to see your target clearly, and it is still of a minimum amount of power that it doesn't exaggerate your own body movements.
LJ039-0089	8.053	101	847	in relation to the target as opposed to iron sights with aligning the sights and then aligning them on the target, end quote.
LJ039-0091	8.262	104	869	Sergeant Zahm expressed the opinion that the shot which struck President Kennedy in the neck at one hundred seventy-six point nine
LJ039-0093	7.078	89	746	at a distance of two hundred sixty-five point three feet was, quote, an easy shot, end quote.
LJ039-0095	2.201	28	244	Zahm stated further, quote,
LJ039-0097	7.031	88	736	made an almost stationary target while he was aiming in, very little movement if any, end quote.
LJ039-0099	6.811	86	716	In accordance with standard Marine procedures, Oswald received extensive training in marksmanship.
LJ039-0101	9.562	120	997	He went through a series of exercises called dry firing where he assumed all positions which would later be used in the qualification course.
LJ039-0103	7.797	98	819	Oswald, like all Marine recruits, received training on the rifle range at distances up to five hundred yards,
LJ039-0105	8.308	104	867	Following that training, Oswald was tested in December of nineteen fifty-six, and obtained a score of two hundred twelve,
LJ039-0109	3.931	50	425	forty-five caliber pistol, and twelve-gauge riot gun.
LJ039-0111	5.243	66	555	head, Records Branch, Personnel Department, Headquarters U.S. Marine Corps,
LJ039-0113	3.049	39	336	as a, quote, rather poor shot, end quote.
LJ039-0115	5.661	71	592	Major Anderson said, quote, when he fired that two twelve
LJ039-0117	4.489	57	479	He had the services of an experienced highly trained coach.
LJ039-0119	8.204	103	863	We have nothing here to show under what conditions the B course was fired. It might well have been a bad day for firing the rifle
LJ039-0121	7.507	94	791	and he probably didn't have as high a motivation because he was no longer in recruit training and under the care of the drill instructor.
LJ039-0123	6.764	85	714	because he may well have carried this rifle for quite some time, and it got banged around in normal usage.
LJ039-0125	6.485	82	690	that Oswald was a good shot, somewhat better than or equal to -- better than the average let us say.
LJ039-0127	9.376	118	988	When Sergeant Zahm was asked whether Oswald's Marine Corps training would have made it easier to operate a rifle with a four-power scope, he replied, quote,
LJ039-0129	2.097	27	236	firing it, with ten rounds.
LJ039-0131	7.205	91	766	Sergeant Zahm concluded, quote, I would say in the Marine Corps he is a good shot, slightly above average,
LJ039-0133	3.165	40	341	Oswald's Rifle Practice Outside the Marines
LJ039-0135	6.207	78	655	using a twenty-two caliber bolt-action rifle belonging either to Robert or Robert's in-laws.
LJ039-0137	7.345	92	767	On that occasion Oswald again used a bolt-action twenty-two caliber rifle; and according to Robert,
LJ039-0141	6.776	85	713	he again went hunting with his brother, Robert, and used a borrowed twenty-two caliber bolt-action rifle.
LJ039-0143	9.144	115	961	Marina Oswald testified that on one occasion she saw him take the rifle, concealed in a raincoat, from the house on Neely Street.
LJ039-0145	5.963	75	632	According to George De Mohrenschildt, Oswald said that he went target shooting with that rifle.
LJ039-0147	3.896	49	416	sighting with the telescopic lens and operating the bolt.
LJ039-0149	5.626	71	595	established that they had been previously loaded and ejected from the assassination rifle,
LJ039-0151	1.482	19	167	Accuracy of Weapon
LJ039-0153	6.950	87	727	that the assassin in all probability hit two out of the three shots during the maximum time span of
LJ039-0155	9.748	122	1014	or, if either the first or third shots missed, the assassin fired the three shots during a minimum time span of seven point one
LJ039-0157	7.159	90	749	A series of tests were performed to determine whether the weapon and ammunition used in the assassination
LJ039-0159	7.995	100	833	The ammunition used by the assassin was manufactured by Western Cartridge Co. of East Alton, Illinois.
LJ039-0161	6.683	84	703	and the Infantry Weapons Evaluation Branch of the U.S. Army. There were no misfires.
LJ039-0163	8.192	103	855	the Infantry Weapons Evaluation Branch of the Ballistics Research Laboratory had expert riflemen fire the assassination weapon
LJ039-0165	6.195	78	656	The target at two hundred sixty-five feet was placed to the right of the two hundred forty-foot target
LJ039-0169	8.053	101	840	In the first series the firers required time spans of four point six, six point seven five,
LJ039-0171	8.018	101	840	On the second series they required five point one five, six point four five, and seven seconds.
LJ039-0173	5.208	66	556	They had not even pulled the trigger because of concern about breaking the firing pin.
LJ039-0175	6.265	79	661	For the first four attempts, the firers missed the second shot by several inches.
LJ039-0177	7.681	97	813	was greater than from the second to the third shot and required a movement in the basic firing position of the marksmen.
LJ039-0179	7.426	93	776	stated that there was a shorter interval between shots two and three than between shots one and two.
LJ039-0181	6.973	88	736	the shots would have been evenly spaced and the assassin would not have incurred so sharp an angular movement.
LJ039-0185	8.459	106	882	the highest level of firing performance which would have been required of the assassin and the C two seven six six rifle
LJ039-0187	7.078	89	746	In fact, one of the firers in the rapid fire test in firing his two series of three shots,
LJ039-0189	8.633	108	907	The others would have been able to reduce their times if they had been given the opportunity to become familiar with the movement of the bolt and the trigger pull.
LJ039-0191	6.497	82	687	Oswald engaged in such practice. If the assassin missed either the first or third shot,
LJ039-0193	8.378	105	873	and a total minimum time period of from seven point one to seven point nine seconds for all three shots.
LJ039-0195	7.078	89	746	were able to fire the rounds within the time period which would have been available to the assassin under those conditions.
LJ039-0197	7.530	95	793	The purpose of this experiment was not to test the rifle under conditions which prevailed at the time of the assassination
LJ039-0199	9.272	116	963	The three FBI experts each fired three shots from the weapon at fifteen yards in six, seven, and nine seconds,
LJ039-0201	7.670	96	801	fired two series of three shots at twenty-five yards in four point six and four point eight seconds.
LJ039-0203	8.227	103	861	The shots fired by Frazier at the range of twenty-five yards landed within an area of two inches and five inches respectively.
LJ039-0205	3.002	38	326	five point six, and six point five seconds.
LJ039-0207	4.663	59	502	Although all of the shots were a few inches high and to the right of the target,
LJ039-0209	8.378	105	876	They were instead firing to determine how rapidly the weapon could be fired and the area within which three shots could be placed.
LJ039-0211	6.439	81	681	Moreover, the defect was one which would have assisted the assassin aiming at a target which was moving away.
LJ039-0213	8.099	102	855	So that if you aimed with this weapon as it actually was received at the laboratory, it would not be necessary to take any lead whatsoever
LJ039-0215	3.769	48	411	Frazier added that the scope would cause a slight miss to the right.
LJ039-0217	7.182	90	748	Based on these tests the experts agreed that the assassination rifle was an accurate weapon.
LJ039-0219	6.869	86	719	Frazier testified that the rifle was accurate, that it had less recoil than the average military rifle
LJ039-0221	8.076	101	844	The various tests showed that the Mannlicher-Carcano was an accurate rifle and that the use of a four-power scope
LJ039-0223	9.075	114	947	Oswald's Marine training in marksmanship, his other rifle experience and his established familiarity with this particular weapon
LJ039-0225	2.701	34	293	Based on the known facts of the assassination,
LJ039-0227	5.023	63	530	with two hits, within four point eight and five point six seconds.
LJ039-0229	2.341	30	261	Sergeant Zahm testified, quote,
LJ039-0231	1.691	22	192	Having fired this slot
LJ039-0233	5.847	74	623	On the basis of Oswald's training and the accuracy of the weapon as established by the tests,
LJ039-0235	9.086	114	952	The probability of hitting the President a second time would have been markedly increased if, in fact, he had missed either the first or third shots
LJ039-0237	4.744	60	506	The Commission agrees with the testimony of Marine marksmanship expert Zahm
LJ039-0239	1.853	24	211	would include the President's head.
LJ039-0241	6.497	82	684	owned and possessed the rifle used to kill President Kennedy and wound Governor Connally,
LJ039-0243	6.462	81	682	(three) was present, at the time of the assassination, at the window from which the shots were fired
LJ039-0245	7.310	92	767	(five) resisted arrest by drawing a fully loaded pistol and attempting to shoot another police officer,
LJ039-0247	8.494	107	894	(seven) attempted, in April nineteen sixty-three, to kill Maj. Gen. Edwin A. Walker, and (eight)
LJ040-0003	9.492	119	988	The evidence reviewed above identifies Lee Harvey Oswald as the assassin of President Kennedy and indicates that he acted alone in that event.
LJ040-0005	8.622	108	901	There remains the question of what impelled Oswald to conceive and to carry out the assassination of the President of the United States.
LJ040-0007	2.457	31	268	the existence of some personal grievance,
LJ040-0009	8.273	104	866	None of these possibilities satisfactorily explains Oswald's act if it is judged by the standards of reasonable men.
LJ040-0011	8.181	103	864	For a motive that appears incomprehensible to other men may be the moving force of a man whose view of the world has been twisted,
LJ040-0013	6.369	80	673	Oswald's complete state of mind and character are now outside of the power of man to know.
LJ040-0015	4.384	55	466	There is, however, a large amount of material available in his writings
LJ040-0017	1.598	20	177	Since Oswald is dead,
LJ040-0019	7.612	96	798	Under our system of justice no forum could properly make that determination unless Oswald were before it.
LJ040-0021	7.333	92	767	ascertained the facts surrounding the assassination but did not draw conclusions concerning Oswald's legal guilt.
LJ040-0025	5.069	64	536	His life was characterized by isolation, frustration, and failure.
LJ040-0027	2.155	27	235	He was never satisfied with anything.
LJ040-0029	4.721	60	506	He seemed to prefer the Soviet Union and he spoke highly of Cuba.
LJ040-0031	7.438	93	780	who were accorded special privileges and who he thought were betraying communism, and he spoke well of the United States.
LJ040-0033	5.220	66	562	At the same time he professed his love for her and said that he could not get along without her.
LJ040-0037	4.709	59	497	His wife testified that he compared himself with great readers of history.
LJ040-0039	4.779	60	507	He had a great hostility toward his environment, whatever it happened to be,
LJ040-0041	6.578	83	695	There was some quality about him that led him to act with an apparent disregard for possible consequences.
LJ040-0043	8.935	112	932	He assassinated the President, shot Officer Tippit, resisted arrest and tried to kill another policeman in the process.
LJ040-0045	6.056	76	637	In the Marines, he evidenced a strong conviction as to the correctness of Marxist doctrine,
LJ040-0047	3.420	43	367	That associate did not think that Oswald was a Communist.
LJ040-0049	5.870	74	621	He stated several times that he was a Communist but apparently never joined any Communist Party.
LJ040-0051	7.345	92	769	While there is doubt about how fully Oswald understood the doctrine which he so often espoused, it seems clear
LJ040-0053	9.063	114	952	It was an obvious element in his decision to go to Russia and later to Cuba and it probably influenced his decision to shoot at General Walker.
LJ040-0055	9.098	114	948	The discussion below will describe the events known to the Commission which most clearly reveals the formation and nature of Oswald's character.
LJ040-0057	9.075	114	950	It will examine his defection to the Soviet Union in nineteen fifty-nine, his subsequent return to the United States and his life here
LJ040-0061	6.311	79	660	Various possible motives will be treated in the appropriate context of the discussion outlined above.
LJ040-0063	8.378	105	875	Significant in shaping the character of Lee Harvey Oswald was the death of his father, a collector of insurance premiums.
LJ040-0065	5.487	69	578	That death strained the financial fortunes of the remainder of the Oswald family.
LJ040-0067	8.215	103	861	and his half-brother John Pic, who had been born in nineteen thirty-two during Marguerite's previous marriage.
LJ040-0069	5.847	74	623	Reminding her sons that they were orphans and that the family's financial condition was poor,
LJ040-0073	8.076	101	849	Marguerite Oswald withdrew Lee from the orphans' home and took him with her to Dallas when he was a little over four years old.
LJ040-0075	9.469	119	992	Apparently that action was taken in anticipation of her marriage to Edwin A. Ekdahl, which took place in May of nineteen forty-five.
LJ040-0077	5.475	69	580	where they stayed, except for vacations, until the spring of nineteen forty-eight.
LJ040-0079	5.650	71	599	John Pic testified that he thought Lee found in Ekdahl the father that he never had.
LJ040-0083	6.776	85	707	After the divorce Mrs. Oswald complained considerably about how unfairly she was treated,
LJ040-0085	4.570	58	495	John Pic, however, did not think her position was worse than that of many other people.
LJ040-0087	9.005	113	943	that she could not afford to send them back to the military school and she asked Pic to quit school entirely to help support the family.
LJ040-0089	9.504	119	991	In order to supplement their income further she falsely swore that Pic was seventeen years old so that he could join the Marine Corps Reserves.
LJ040-0091	9.086	114	950	but he returned to high school in January of nineteen forty-nine, where he stayed until three days before he was scheduled to graduate,
LJ040-0093	8.680	109	907	he accepted the responsibility for that decision himself and signed his mother's name to all his own excuses and report cards.
LJ040-0095	8.645	109	916	Referring to the period after the divorce from Ekdahl, which was apparently caused in part by Marguerite's desire to get more money from him,
LJ040-0097	9.098	114	955	Lee was brought up in this atmosphere of constant money problems, and I am sure it had quite an effect on him, and also Robert, end quote.
LJ040-0099	3.328	42	361	When she worked for a time as an insurance saleslady,
LJ040-0101	4.907	62	527	When she worked during the school year, Lee had to leave an empty house in the morning,
LJ040-0103	6.787	85	713	An indication of the nature of Lee's character at this time was provided in the spring of nineteen fifty,
LJ040-0105	4.907	62	525	Despite their urgings, he refused to play with the other children his own age.
LJ040-0107	8.517	107	897	but apparently was not able to spend as much time with them as he would have liked, because of the age gaps of five and seven years,
LJ040-0109	5.441	69	580	Whatever problems may have been created by Lee's home life in Louisiana and Texas,
LJ040-0111	2.828	36	309	with no behavior or truancy problems.
LJ040-0113	8.227	103	862	They moved shortly after Robert joined the Marines; they lived for a time with John Pic who was stationed there with the Coast Guard.
LJ040-0115	3.699	47	403	Pic and his wife would have been happy to have kept Lee, however,
LJ040-0117	8.691	109	908	The short-lived stay with the Pics was terminated after an incident in which Lee allegedly pulled out a pocket knife during an argument
LJ040-0121	6.126	77	644	On September thirty, nineteen fifty-two, Lee enrolled in P.S. one seventeen
LJ040-0123	6.300	79	664	He began to stay away from school, preferring to read magazines and watch television at home by himself.
LJ040-0125	9.225	116	972	Truancy charges were brought against him alleging that he was, quote, beyond the control of his mother insofar as school attendance is concerned, end quote.
LJ040-0127	8.285	104	867	or for detention pending court appearance or commitment to a child-caring or custodial institution such as a training school.
LJ040-0129	5.975	75	631	during which time he was examined by its Chief Psychiatrist, Dr. Renatus Hartogs,
LJ040-0131	6.729	85	714	Marguerite Oswald visited her son at Youth House, where she recalled that she waited in line, quote,
LJ040-0133	9.202	116	972	She said that her pocketbook was searched, quote, because the children in this home were such criminals, dope fiends, and had been in criminal offenses,
LJ040-0135	4.686	59	504	She recalled that Lee cried and said, quote, Mother, I want to get out of here.
LJ040-0137	7.368	93	779	Marguerite Oswald said that she had not realized until then in what kind of place her son had been confined.
LJ040-0139	9.609	121	1009	while he liked Youth House, he missed the freedom of doing what he wanted. He indicated that he did not miss his mother, end quote.
LJ040-0141	8.285	104	874	reported that Lee, quote, confided that the worse thing about Youth House was the fact that he had to be with other boys all the time,
LJ040-0143	9.179	115	956	Contrary to reports that appeared after the assassination, the psychiatric examination did not indicate that Lee Oswald was a potential assassin,
LJ040-0145	9.643	121	1008	Dr. Hartogs did find Oswald to be a tense, withdrawn, and evasive boy who intensely disliked talking about himself and his feelings.
LJ040-0147	4.349	55	469	so that he was not bothered and did not have to make the effort of communicating.
LJ040-0149	6.764	85	710	intense anxiety, shyness, feelings of awkwardness and insecurity, end quote.
LJ040-0151	4.442	56	475	He was also described as having a, quote, Vivid fantasy life,
LJ040-0153	3.397	43	366	Dr. Hartogs summarized his report by stating:
LJ040-0155	4.918	62	524	in spite of chronic truancy from school which brought him into Youth House.
LJ040-0157	9.388	118	982	Lee has to be diagnosed as, quote, personality pattern disturbance with schizoid features and passive-aggressive tendencies, end quote.
LJ040-0159	5.266	66	550	who suffers under the impact of really existing emotional isolation
LJ040-0161	9.655	121	1005	Dr. Hartogs recommended that Oswald be placed on probation on condition that he seek help and guidance through a child guidance clinic.
LJ040-0163	9.632	121	1005	He also recommended that Mrs. Oswald seek, quote, psychotherapeutic guidance through contact with a family agency, end quote.
LJ040-0167	2.701	34	295	which grows as one speaks to him, end quote.
LJ040-0169	6.776	85	714	She observed that since Lee's mother worked all day, he made his own meals and spent all his time alone
LJ040-0171	7.101	89	750	where he did as he wanted and he didn't have to live by any rules or come into contact with people, end quote.
LJ040-0173	4.744	60	509	He always felt like a burden that she simply just had to tolerate, end quote.
LJ040-0175	4.721	60	510	through which they could not reach him, but that he preferred the veil to remain intact.
LJ040-0177	3.595	45	384	He took the position that such matters were his own business.
LJ040-0179	5.243	66	555	Irving Sokolow, a Youth House psychologist reported that, quote,
LJ040-0181	5.696	72	603	They reflect a considerable amount of impoverishment in the social and emotional areas.
LJ040-0183	7.484	94	788	There is some indication that he may relate to men more easily than to women in view of the more mature conceptualisation.
LJ040-0185	8.912	112	929	He exhibits some difficulty in relationship to the maternal figure suggesting more anxiety in this area than in any other.
LJ040-0187	9.516	119	991	According to Sokolow, this indicated a, quote, present intellectual functioning in the upper range of bright normal intelligence, end quote.
LJ040-0189	8.053	101	840	On the Monroe Silent Reading Test, Lee's score indicated no retardation in reading speed and comprehension;
LJ040-0191	8.506	107	894	Lee told Carro, his probation officer, that he liked to be by himself because he had too much difficulty in making friends.
LJ040-0193	8.796	110	918	Carro reported that Lee was disruptive in class after he returned to school on a regular basis in the fall of nineteen fifty-three.
LJ040-0195	7.902	99	831	It appears that he did not want to do any of the things which the authorities suggested in their efforts to bring him out of the shell
LJ040-0197	4.489	57	486	He told Mrs. Siegel that he would run away if sent to a boarding school.
LJ040-0201	2.550	32	276	After her interview with Mrs. Oswald,
LJ040-0203	5.568	70	586	but essentially a, quote, defensive, rigid, self-involved person
LJ040-0205	9.562	120	1001	and of the, quote, protective shell he has drawn around himself, end quote. Dr. Hartogs reported that Mrs. Oswald did not understand
LJ040-0207	5.870	74	621	and represents his reaction to a complete absence of any real family life, end quote.
LJ040-0209	4.268	54	462	well I've got to live with her. I guess I love her, end quote.
LJ040-0211	5.371	68	573	This would make him approximately ten, well, almost eleven years old. End quote.
LJ040-0213	4.442	56	474	that he had great difficulty in adapting himself to conditions in that city.
LJ040-0215	6.137	77	642	Those factors indicated a severe inability to enter into relationships with other people.
LJ040-0217	4.605	58	489	Lee had apparently been experiencing similar problems before going to New York,
LJ040-0219	7.194	90	754	It would be incorrect, however, to believe that those aspects of Lee's personality which were observed in New York
LJ040-0221	9.225	116	967	Carro was the only one of Oswald's three principal observers who recommended that he be placed in a boy's home or similar institution.
LJ040-0223	7.519	94	786	his lack of friends, the apparent unavailability of any agency assistance and the ineffectualness of his mother
LJ040-0227	3.595	45	386	Mrs. Siegel concluded her report with the statement that, quote,
LJ040-0229	4.477	56	471	in a sustained relationship with one therapist might bring results.
LJ040-0231	2.248	29	251	Lee Oswald never received that help.
LJ040-0233	3.653	46	395	and when one of the city's clinics did find room to handle him,
LJ040-0235	5.684	72	607	When Lee became a disciplinary problem upon his return to school in the fall of nineteen fifty-three,
LJ040-0237	5.429	68	570	authorities were finally forced to consider placement in a home for boys.
LJ040-0239	6.822	86	720	Before the court took any action, the Oswalds left New York in January of nineteen fifty-four,
LJ041-0003	3.153	40	342	Return to New Orleans and Joining the Marine Corps
LJ041-0005	2.979	38	326	He concluded that school had nothing to offer him.
LJ041-0007	6.404	81	680	Neighbors and others who knew him at that time recall an introverted boy who read a great deal.
LJ041-0009	7.089	89	751	Mrs. Murret believes that he talked at length with a girl on the telephone, but no one remembers that he had any dates.
LJ041-0011	7.728	97	808	Several witnesses testified that Lee Oswald was not aggressive. He was, however, involved in some fights.
LJ041-0013	7.588	95	798	Another time, he fought with two brothers who claimed that he had picked on the younger of them, three years Oswald's junior.
LJ041-0015	7.345	92	775	accosted Oswald on the way home from school and punched him in the mouth, making his lip bleed and loosening a tooth.
LJ041-0017	8.912	112	938	Voebel also recalled that Oswald once outlined a plan to cut the glass in the window of a store on Rampart Street and steal a pistol,
LJ041-0019	8.064	101	856	Voebel said that Oswald, quote, wouldn't start any fights, but if you wanted to start one with him, he was going to make sure that he ended it,
LJ041-0021	6.358	80	676	In a space for the names of, quote, close friends, end quote, on the ninth grade personal history record,
LJ041-0025	8.540	107	895	It has been suggested that this misspelling of names, apparently on a phonetic basis, was caused by a reading-spelling disability
LJ041-0029	5.383	68	573	Oswald started to read Communist literature, which he obtained from the public library.
LJ041-0031	9.585	120	1006	Oswald praised Khrushchev and suggested that he and McBride join the Communist Party, quote, to take advantage of their social functions, end quote.
LJ041-0033	7.507	94	787	The association's then president, William E. Wulf, testified that he remembered an occasion when Oswald, quote,
LJ041-0035	6.996	88	742	and then came out with a statement that he was looking for a Communist cell in town to join but he couldn't find any.
LJ041-0037	9.365	118	988	and subsequently, after this conversation, my father came in and we were kind of arguing back and forth about the situation, and my father came in the room,
LJ041-0039	4.663	59	500	and that is the last I have seen or spoken with Oswald. End quote.
LJ041-0041	6.764	85	716	This was one year before his actual enlistment and just a little over two point five years after he left New York.
LJ041-0043	6.149	77	649	In fact, he had quit school in an attempt to obtain his mother's assistance to join the Marines.
LJ041-0045	6.369	80	669	he was nevertheless unable to convince the proper authorities that he was really seventeen years old.
LJ041-0047	7.658	96	798	approximately three years before. Robert Oswald had given his Marine Corps manual to his brother Lee,
LJ041-0051	9.365	118	992	Oswald was motivated to join the Marines in large part by a desire, quote, to get from out and under the yoke of oppression from my mother, end quote.
LJ041-0053	5.742	72	606	continued during this period in New Orleans (nineteen fifty-four to nineteen fifty-six).
LJ041-0055	4.442	56	471	a dissatisfaction which seemed to find expression at this particular point
LJ041-0057	2.039	26	226	His study of Communist literature,
LJ041-0059	8.506	107	893	His difficulty in relating to other people and his general dissatisfaction with the world around him continued while he was in the Marine Corps.
LJ041-0061	8.680	109	908	who, shortly after Oswald's defection, wrote an as yet unpublished novel based in considerable part on Oswald's life,
LJ041-0063	6.520	82	687	He said that Oswald, quote, seemed to guard against developing real close friendships, end quote,
LJ041-0065	6.753	85	712	testified that Oswald seemed, quote, always to be striving for a relationship, but whenever he did
LJ041-0067	5.464	69	581	Other marines also testified that Oswald had few friends and kept very much to himself.
LJ041-0069	4.326	55	466	he did not adjust well to conditions which he found in that service.
LJ041-0071	3.072	39	333	His Marine career was not helped by his attitude
LJ041-0073	7.995	100	838	While Oswald did not seem to object to authority in the abstract, he did think that he should be the one to exercise it.
LJ041-0075	9.040	113	943	that authority, particularly the Marine Corps, ought to be able to recognize talent such as his own, without a given magic college degree,
LJ041-0081	5.557	70	589	Oswald probably engaged his superiors in arguments on a subject that he had studied
LJ041-0083	6.741	85	715	Thornley also testified that he thought that Oswald's extreme personal sloppiness in the Marine Corps, quote,
LJ041-0085	5.870	74	630	Oswald, quote, seemed to be a person who would go out of his way to get into trouble, end quote,
LJ041-0087	8.970	113	943	as a means of getting or attempting to get sympathy, end quote. In Thornley's view, Oswald labored under a persecution complex
LJ041-0089	6.253	79	669	Thornley added, quote, I think it was kind of necessary to him to believe that he was being picked on.
LJ041-0091	3.885	49	415	Powers considered Oswald to be meek and easily led
LJ041-0093	9.156	115	960	Powers also testified that Oswald was reserved and seemed to be, quote, somewhat the frail, little puppy in the litter, end quote.
LJ041-0095	7.507	94	797	Oswald read a good deal, said Powers, but, quote, he would never be reading any of the shoot-em-up westerns or anything like that.
LJ041-0097	3.211	41	349	According to Powers, Oswald said, quote,
LJ041-0099	5.975	75	628	Powers believed that when Oswald arrived in Japan he acquired a girlfriend, quote,
LJ041-0101	7.194	90	761	aggressive and even somewhat pugnacious, although Powers, quote, wouldn't say that this guy is a troublemaker, end quote.
LJ041-0103	5.185	65	553	Oswald once told Powers that he didn't care if he returned to the United States at all.
LJ041-0105	6.718	84	709	led to an incident in which he spilled a drink on one of his sergeants and abusively challenged him to fight.
LJ041-0107	8.355	105	880	He testified that he had felt the sergeant had a grudge against him and that he had unsuccessfully sought a transfer from the sergeant's unit.
LJ041-0111	5.162	65	545	for possessing an unauthorized pistol with which he had accidentally shot himself.
LJ041-0113	8.877	111	923	Oswald was transferred from active duty to the Marine Corps Reserve under honorable conditions in September of nineteen fifty-nine,
LJ041-0115	9.725	122	1016	He was undesirably discharged from the Marine Corps Reserve, to which he had been assigned on inactive status following his transfer from active duty,
LJ041-0117	2.991	38	325	In an attempt to have this discharge reversed,
LJ041-0119	6.683	84	706	stating that he would, quote, employ all means to right this gross mistake or injustice, end quote.
LJ041-0121	7.101	89	742	It is thus clear that Oswald knew that Governor Connally was never directly concerned with his discharge
LJ041-0123	9.434	118	982	In that connection, it does not appear that Oswald ever expressed any dissatisfaction of any kind with either the President or Governor Connally.
LJ041-0125	9.400	118	984	Mrs. Oswald said that her husband did not say anything about Governor Connally after his return to the United States. She testified, quote,
LJ041-0127	9.411	118	991	Oswald must have already learned that the Governor could not help him with his discharge because he was no longer Secretary of the Navy, at the time he made that remark.
LJ041-0129	7.763	98	819	he continued to be concerned about his undesirable discharge. It is clear that he thought he had been unjustly treated.
LJ041-0131	7.763	98	818	and also because he had not received any notice of the original discharge proceedings, since his whereabouts were not known.
LJ041-0133	8.099	102	848	which finally declined to modify the discharge and so advised him in a letter dated July nineteen sixty-three.
LJ041-0135	9.516	119	992	In that connection, it should be noted that Marina Oswald testified on September six, nineteen sixty-four, that she thought her husband, quote,
LJ041-0137	6.068	76	634	In support of her conclusion Mrs. Oswald noted her husband's undesirable discharge
LJ041-0139	9.179	115	964	It should be noted, however, that at the time Oswald fired the shots at the Presidential limousine the Governor occupied the seat in front of the President,
LJ041-0141	7.670	96	806	Oswald could have shot the Governor as the car approached the Depository or as it was making the turn onto Elm Street.
LJ041-0143	7.461	94	786	the President almost completely blocked Oswald's view of the Governor prior to the time the first shot struck the President.
LJ041-0145	9.249	116	965	he had more protection than usual. It would appear, therefore, that to the extent Oswald's undesirable discharge affected his motivation,
LJ041-0147	1.551	20	175	Interest in Marxism
LJ041-0149	6.265	79	664	He told Aline Mosby, a reporter who interviewed him after he arrived in Moscow, quote,
LJ041-0151	9.353	117	986	An old lady handed me a pamphlet about saving the Rosenbergs. I looked at that paper and I still remember it for some reason, I don't know why. End quote.
LJ041-0153	5.057	64	542	at least in the unit to which he was assigned after his return from the Far East.
LJ041-0155	6.880	87	729	He always wanted to play the red pieces in chess because, as he said in an apparently humorous context,
LJ041-0157	8.192	103	860	He studied the Russian language, read a Russian language newspaper and seemed interested in what was going on in the Soviet Union.
LJ041-0159	9.075	114	965	I think you could sit down and argue with him for a number of years, and I don't think you could have changed his mind on that unless you knew why he believed it in the first place.
LJ041-0161	7.646	96	809	It was just -- never getting back to looking at things from any other way once he had become a Marxist, whenever that was, end quote.
LJ041-0163	9.086	114	953	out of a combination of Oswald's known Marxist sympathies and George Orwell's book "nineteen eighty-four," one of Oswald's favorite books
LJ041-0167	5.127	65	550	While waiting for the parade to start they talked briefly about "nineteen eighty-four"
LJ041-0169	7.972	100	842	and on how angry it made him, to which Thornley replied, quote, Well, comes the revolution you will change all that, end quote.
LJ041-0171	7.925	100	844	And I remember his voice cracked as he said this. He was definitely disturbed at what I had said and I didn't really think I had said that much.
LJ041-0173	5.069	64	546	Thornley said that he had made his remark only in the context of "nineteen eighty-four"
LJ041-0177	7.716	97	812	and expressed opposition to the Batista regime and sympathy for Castro, an attitude which, Donovan said, was, quote,
LJ041-0179	8.993	113	944	that he never heard Oswald express a desire personally to take part in the elimination of injustices anywhere in the world and that he, quote,
LJ041-0181	8.924	112	933	Delgado testified that Oswald was, quote, a complete believer that our way of government was not quite right, end quote.
LJ041-0183	8.982	113	940	Delgado and Oswald talked more about Cuba than Russia, and sometimes imagined themselves as leaders in the Cuban Army or Government,
LJ041-0187	9.167	115	969	and he wanted to be on the winning side so that ten thousand years from-now people would look in the history books and say, "Well, this man was ahead of his time."
LJ041-0189	9.516	119	998	He was concerned with his image in history and I do think that is why he chose the particular method of defecting he chose and did it in the way he did.
LJ041-0191	6.973	88	739	Thornley thought that Oswald not only wanted a place in history but also wanted to live comfortably in the present.
LJ041-0193	6.369	80	675	I think he would then throw himself entirely on the other thing he also wanted, which was the image in history.
LJ041-0195	3.920	49	418	Oswald's interest in Marxism led some people to avoid him,
LJ041-0197	7.321	92	769	as excuses for his difficulties in getting along in the world, which were usually caused by entirely different factors.
LJ041-0199	9.330	117	976	is shown most clearly by his employment relations after his return from the Soviet Union. Of course, he made his real problems worse to the extent
LJ041-0201	1.667	21	184	Of greater importance,
LJ041-0203	6.811	86	721	to engage in activities on behalf of the Fair Play for Cuba Committee in the summer of nineteen sixty-three,
LJ042-0002	8.982	113	941	The Warren Commission Report. By The President's Commission on the Assassination of President Kennedy. Chapter seven. Lee Harvey Oswald:
LJ042-0004	2.016	26	226	Defection to the Soviet Union
LJ042-0006	6.195	78	653	he almost immediately left for the Soviet Union where he attempted to renounce his citizenship.
LJ042-0008	4.616	58	489	of his willingness to act on his beliefs in quite extraordinary ways.
LJ042-0010	5.278	66	551	it appears that personal and psychological factors were also involved.
LJ042-0012	6.671	84	704	who had arranged a radio debate on Oswald's activities on behalf of the Fair Play for Cuba Committee,
LJ042-0014	1.853	24	210	was his service in Japan.
LJ042-0016	4.698	59	500	He said it was in Japan that he made up his mind to go to Russia
LJ042-0018	9.609	121	1008	On the other hand, at least one person who knew Oswald after his return thought that his defection had a more personal and psychological basis.
LJ042-0020	7.995	100	835	indicating that his motivation was at least in part a personal one. On November twenty-six, nineteen fifty-nine,
LJ042-0022	9.562	120	1001	he wrote to his brother Robert that the Soviet Union was a country which, quote, I have always considered to be my own, end quote,
LJ042-0024	6.927	87	735	He wrote in another letter that he would, quote, never return to the United States which is a country I hate, end quote.
LJ042-0028	5.975	75	630	Oswald had managed to save enough money to cover the expenses of his forthcoming trip.
LJ042-0030	9.481	119	992	it would have taken considerable discipline to save whatever amount was required to finance his defection out of the salary of a low ranking enlisted man.
LJ042-0032	6.114	77	646	and of his initial commitment to that country can best be understood, however, in the context
LJ042-0035	8.448	106	884	and communist's would like to see the present capitalist government of the U.S. overthrown, end quote, Oswald stated
LJ042-0037	6.683	84	706	and under which, quote, art, culture and the sprit of man are subjected to commercial enterprising,
LJ042-0039	4.384	55	462	economic system and plans for war, end quote.
LJ042-0041	7.252	91	756	unemployment, automation, and the use of military forces to suppress other populations.
LJ042-0043	3.420	43	368	Ask me and I will tell you I fight for communism.
LJ042-0045	6.985	88	745	I do not wish to be a part of it, nor do I ever again wish to be used as a tool in its military aggressions.
LJ042-0049	9.040	113	944	I never believed I would find more material advantages at this stage of development in the Soviet Union than I might of had in the U.S.
LJ042-0051	5.835	73	612	and what I observed plus my Marxist learning brought me here to the Soviet Union.
LJ042-0053	4.396	55	468	Responding to Robert's statement that he had not "renounced" him,
LJ042-0055	8.726	110	917	In the event of war I would kill any American who put a uniform on in defense of the American government -- any American.
LJ042-0057	8.552	107	898	three. That I want to, and I shall, live a normal happy and peaceful life here in the Soviet Union for the rest of my life.
LJ042-0059	2.852	36	307	Despite this commitment to the Soviet Union
LJ042-0061	8.749	110	915	It seems that Oswald immediately attempted suicide -- a striking indication of how much he desired to remain in the Soviet Union.
LJ042-0063	8.703	109	909	with few readily available alternatives at hand. He was shocked to find that the Soviet Union did not accept him with open arms.
LJ042-0065	5.684	72	605	I am shocked! My dreams! I have waited for two years to be accepted.
LJ042-0067	9.376	118	982	Soak fist in cold water to numb the pain. Then slash my left wrist. Than plunge wrist into bathtub of hot water.
LJ042-0069	8.076	101	844	I think to myself "How easy to Die" and "A Sweet Death, (to violins), end quote.
LJ042-0071	6.973	88	737	He was taken to a hospital in Moscow where he was kept until October twenty-eight, nineteen fifty-nine.
LJ042-0073	6.311	79	666	Oswald went on October thirty-one, to the American Embassy to renounce his U.S. citizenship.
LJ042-0075	7.066	89	745	testified that Oswald was extremely sure of himself and seemed, quote, to know what his mission was.
LJ042-0077	9.597	120	995	Quote, I Lee Harvey Oswald do hereby request that my present citizenship in the United States of America, be revoked.
LJ042-0079	9.330	117	974	My request for citizenship is now pending before the Supreme Soviet of the U.S.S.R. I take these steps for political reasons.
LJ042-0083	9.051	114	953	Oswald stated, quote, I am a Marxist, end quote. He also alluded to hardships endured by his mother as a worker,
LJ042-0085	9.597	120	1000	He said that his Marine service in Okinawa and elsewhere had given him, quote, a chance to observe American imperialism, end quote.
LJ042-0089	8.970	113	941	I leave Embassy, elated at this showdown, returning to my hotel I feel now my energies are not spent in vain.
LJ042-0091	4.581	58	488	The Soviet authorities finally permitted Oswald to remain in their country.
LJ042-0093	5.290	67	567	They sent him to Minsk to work in a radio and television factory as a metal worker.
LJ042-0095	6.567	83	697	to attend a university in Moscow, but they gave him a monthly allowance of seven hundred rubles a month
LJ042-0097	6.300	79	662	and considerably better living quarters than those accorded to Soviet citizens of equal age and station.
LJ042-0099	6.393	80	674	gave Oswald an income which he said approximated that of the director of the factory in which he worked.
LJ042-0101	7.774	98	822	he envied his wife's uncle, a colonel in the MVD, because of the larger apartment in which he lived.
LJ042-0103	8.390	105	874	Oswald apparently resented the exercise of authority over him and the better treatment afforded to Communist Party officials.
LJ042-0105	9.179	115	958	he took the position that the Communist Party officials in the Soviet Union were opportunists who were betraying their positions for personal gain.
LJ042-0107	5.092	64	540	Oswald apparently continued to have personal difficulties while he was in Minsk.
LJ042-0109	8.157	102	853	one of the members of the Russian community in Dallas with which the Oswalds became acquainted upon their arrival in the United States,
LJ042-0111	3.386	43	370	Jeanne De Mohrenschildt, another member of that group,
LJ042-0113	7.159	90	754	George De Mohrenschildt thought that Oswald must have become disgusted with life in the Soviet Union as the novelty
LJ042-0115	6.660	84	707	The best description of Oswald's state of mind, however, is set forth in his own "Historic Diary."
LJ042-0117	6.671	84	709	he noted that one of his acquaintances, quote, relates many things I do not know about the U.S.S.R.
LJ042-0119	4.907	62	523	Under the entry for August to September of that year he wrote, quote,
LJ042-0121	6.776	85	706	Mass gymnastics, compulsory afterwork meeting, usually political information meeting.
LJ042-0123	8.691	109	918	A "patriotic duty" to bring in the harvest. The opinions of the workers (unvoiced) are that it's a great pain in the neck:
LJ042-0127	5.754	72	605	Finally, the entry of January four to thirty-one of nineteen sixty-one, quote,
LJ042-0129	8.819	111	923	No night clubs or bowling alleys, no places of recreation except the trade union dances. I have had enough.
LJ042-0131	7.635	96	802	Oswald opened negotiations with the U.S. Embassy in Moscow looking toward his return to the United States.
LJ042-0133	6.416	81	680	a great change must have occurred in Oswald's thinking to induce him to return to the United States.
LJ042-0137	4.535	57	481	The dramatic break with society in America now had to be undone.
LJ042-0139	8.111	102	848	Marina Oswald confirmed the fact that her husband was experiencing psychological difficulties at the time of his return.
LJ042-0141	6.764	85	717	She added that while he helped her as he had done before, he became more of a recluse, that, quote,
LJ042-0143	6.335	80	669	during the period from November nineteen, nineteen sixty-two to March of nineteen sixty-three.
LJ042-0145	5.162	65	548	In general, our family life began to deteriorate after we arrived in America.
LJ042-0147	6.950	87	727	Lee became very irritable, and sometimes some completely trivial thing would drive him into a rage.
LJ042-0149	7.925	100	837	but I had to change my character a great deal in order to maintain a more or less peaceful family life. End quote.
LJ042-0151	5.650	71	598	with what he wrote while on the way back to the United States and after his return.
LJ042-0153	8.738	110	917	This was a fairly coherent description of life in that country, basically centered around the radio and television factory in which he worked.
LJ042-0155	3.804	48	409	it appears to be the work of a fairly well organized person.
LJ042-0157	9.527	120	998	Lee Harvey Oswald was born in October nineteen thirty-nine in New Orleans, Louisiana, the son of a Insurance Salesmen whose early death
LJ042-0159	7.484	94	785	entering the US Marine corp at seventeen, this streak of independence was strengthened by exotic journeys to Japan,
LJ042-0161	8.947	112	937	Immediately after serving out his three years in the U.S. Marine Corps, he abandoned his American life to seek a new life in the USSR.
LJ042-0163	5.940	75	633	After, however, two years and a lot of growing up, I decided to return to the USA.
LJ042-0165	6.845	86	718	which appears to be more an expression of his own psychological condition than of a reasoned analysis.
LJ042-0167	5.859	74	620	There can be no mediation between those systems as they exist today, and that person
LJ042-0169	7.356	92	775	And yet, it is immature to take the sort of attitude which says, quote, a curse on both your houses! End quote.
LJ042-0171	8.622	108	898	simply expressed, the left and right, and their offspring factions and concerns. Any practical attempt at one alternative
LJ042-0173	6.335	80	668	Such an alternative was to be opposed both to capitalism and communism because, quote,
LJ042-0175	3.664	46	393	could possibly make a choice between them, there is no choice,
LJ042-0177	7.774	98	822	Oswald actually did attempt to formulate such an alternative which he planned to, quote, put forward, end quote, himself.
LJ042-0179	3.606	46	390	without defense or foundation of government, end quote,
LJ042-0181	6.602	83	698	Oswald realized that, quote, their thinking and education will be steeped in the traditions of those systems
LJ042-0183	9.028	113	946	As a result he thought it would be, quote, necessary to oppose the old systems but at the same time support their cherished traditions, end quote.
LJ042-0185	5.266	66	552	economic, political, or military crisis, internal or external,
LJ042-0187	7.472	94	784	preparation in a special party could safeguard an independent course of action after the debacle, end quote.
LJ042-0189	2.236	28	243	but one with union communes,
LJ042-0191	5.510	69	580	While, quote, resourcefulness and patient working towards the aforesaid goals
LJ042-0193	5.557	70	588	But these preferred tactics now may prove to be too limited in the near future,
LJ042-0195	9.016	113	940	and yet this doctrine requires the utmost, utmost restraint, a state of being in itself majestic in power, end quote.
LJ042-0197	8.239	103	863	seemed to place him in a situation in which he could not live with satisfaction either in the United States or in the Soviet Union.
LJ042-0199	5.545	70	590	He also expressed hatred of the Soviet Union and of the Communist Party, U.S.A.,
LJ042-0201	5.406	68	572	He wrote, quote, The Communist Party of the United States has betrayed itself!
LJ042-0203	2.944	37	318	not in the name of freedom or high ideals,
LJ042-0205	7.043	89	746	There can be no sympathy for those who have turned the idea of communism into a vile curse to Western man.
LJ042-0207	7.484	94	788	with the mass extermination so typical of Stalin, and the individual suppression and regimentation under Khrushchev.
LJ042-0209	5.116	64	539	the murder of history, the prostitution of art and culture, end quote.
LJ042-0211	9.539	120	1000	is provided by the following, which was apparently written either on the ship coming back, or after his return from the Soviet Union, quote,
LJ042-0213	9.133	115	954	always profess patriotism toward the land and the people, if not the government; although their ideals movements must surely lead
LJ042-0215	6.880	87	727	but our, the people, culture, traditions, heritage, and very people itself, and yet
LJ042-0217	7.960	100	840	I wonder what would happen it somebody was to stand up and say he was utterly opposed not only to the governments, but to the people,
LJ042-0221	7.472	94	783	With either great ambivalence, or cold calculation he prepared completely different answers to the same questions.
LJ042-0223	7.298	92	773	and to have stated in the second what he thought would be least harmful to him as he resumed life in the United States.
LJ042-0225	8.657	109	904	as a mark of discuss and protest against American political policies in foreign countries, my personal sign of discontent
LJ042-0229	5.475	69	585	To the question of, quote, Are you a Communist? End quote, he first answered "Yes,"
LJ042-0231	4.163	53	451	His second answer to this question was, quote, No of course not,
LJ042-0233	8.715	109	909	His first set of questions and answers indicated his belief that there were no outstanding differences between the Soviet Union and the United States,
LJ042-0235	7.507	94	791	Freedoms are about the same. Medical aid and the educational system in the USSR is better than in the USA, end quote.
LJ042-0237	3.420	43	367	He apparently concluded that the United States offered, quote,
LJ042-0239	5.917	74	619	Despite the hatred that Oswald expressed toward the Soviet Union after his residence there,
LJ042-0241	4.477	56	472	Soon after his arrival he wrote to the Soviet Embassy in Washington
LJ042-0244	4.314	54	455	Oswald subsequently did subscribe to several Soviet journals.
LJ042-0246	8.482	107	892	In July of nineteen sixty-three, Oswald also requested the Soviet Union to provide a visa for his return to that country.
LJ042-0248	8.819	111	932	that, quote, he hated America and he did not want them to become Americanized, and that his plans were to go back to Russia, end quote.
LJ042-0250	6.880	87	729	He sought an immediate grant of visa on his trip to Mexico City in late September of nineteen sixty-three.
LJ043-0001	3.769	48	410	Report of the President's Commission on the Assassination of President Kennedy.
LJ043-0003	3.223	41	349	Background and Possible Motives, Part four.
LJ043-0005	9.156	115	957	Apart from his relatives, Oswald had no friends or close associates in Texas when he returned there in June of nineteen sixty-two,
LJ043-0007	1.992	25	221	Somewhat of a nonconformist,
LJ043-0011	9.690	122	1015	and attempted to help Mrs. Oswald particularly, in various ways. In general, Oswald did not like the members of the Russian community.
LJ043-0013	5.441	69	584	Part of the problem resulted from the fact that, as Jeanne De Mohrenschildt testified,
LJ043-0015	7.089	89	742	He also expressed considerable resentment at the help given to his wife by her Russian-American friends.
LJ043-0017	8.181	103	863	Marina had a hundred dresses given to her, and he objected to that lavish help, because Marina was throwing it into his face.
LJ043-0019	8.041	101	849	He could never give her what the people were showering on her no matter how hard he worked -- and he worked very hard, end quote.
LJ043-0021	4.814	61	514	While the exact sequence of events is not clear because of conflicting testimony,
LJ043-0023	4.721	60	506	and helped to move the personal effects of Marina Oswald and the baby.
LJ043-0025	7.182	90	757	He even threatened to tear up his wife's dresses and break all the baby things. According to De Mohrenschildt,
LJ043-0029	2.283	29	254	De Mohrenschildt admitted that, quote,
LJ043-0031	3.966	50	426	I am surprised that he didn't do something worse, end quote.
LJ043-0035	6.218	78	653	Shortly after his return from the Soviet Union, Oswald severed all relations with his mother;
LJ043-0037	5.510	69	582	At the time of his defection, Oswald had said that neither his brother, Robert,
LJ043-0039	8.018	101	841	He also indicated to officials at the American Embassy in Moscow that his defection was motivated at least in part
LJ043-0041	1.923	25	217	Consistent with this attitude
LJ043-0043	6.718	84	704	When they arrived from the Soviet Union, Oswald and his family lived at first with his brother Robert.
LJ043-0045	7.403	93	777	He also said that he and his family got along well with Marina Oswald and enjoyed showing her American things.
LJ043-0047	8.657	109	910	Oswald and his family lived for a brief period with his mother at her urging, but Oswald soon decided to move out.
LJ043-0049	8.215	103	861	After she had bought some clothes for Marina Oswald and a highchair for the baby, Oswald emphatically told her to stop.
LJ043-0051	7.159	90	755	he strongly put me in my place about buying things for his wife that he himself could not buy, end quote.
LJ043-0053	7.449	94	789	and became quite incensed with his wife when she would open the door for her in spite of his instructions to the contrary.
LJ043-0055	7.379	93	777	He never saw or communicated with her in any way again until she came to see him after the assassination.
LJ043-0057	8.633	108	902	he attempted for the first time to learn something about his family background when he went to New Orleans in April of nineteen sixty-three.
LJ043-0059	8.448	106	887	While it does not appear that he established any new relationships as a result of his investigation, he did obtain a large picture of his father
LJ043-0061	7.983	100	837	at the time of his defection, when he evidenced no interest in his father and hardly mentioned him, even when questioned.
LJ043-0063	8.668	109	904	not only caused him difficulties in his employment relations, but they also provided him with excuses for employment failures
LJ043-0065	9.388	118	980	Oswald experienced some difficulty finding employment. Perhaps this was partially because of his lack of any specific skill or training.
LJ043-0067	7.356	92	769	that his employment difficulties were caused by his telling prospective employers that he had last been employed in Minsk.
LJ043-0071	2.886	37	316	His performance for that company was satisfactory.
LJ043-0073	6.811	86	718	On October nine, nineteen sixty-two he went to the Dallas office of the Texas Employment Commission
LJ043-0075	8.993	113	941	He indicated an interest in writing. An employment counselor testified, on the basis of a general aptitude test Oswald had taken,
LJ043-0077	5.638	71	596	While that counselor found that he was qualified to handle many different types of jobs,
LJ043-0081	6.358	80	668	The counselor testified that there was some indication that Oswald was capable of doing college work
LJ043-0083	6.172	78	653	Employment Commission records concerning Oswald stated, quote, Well-groomed and spoken,
LJ043-0085	7.020	88	733	Oswald said that he hoped eventually to develop qualifications for employment as a junior executive
LJ043-0087	7.937	100	834	He indicated, however, that he would have to delay that program because of his immediate financial needs and responsibilities.
LJ043-0089	9.156	115	957	to a commercial advertising photography firm in Dallas, where he was employed as a trainee starting October twelve, nineteen sixty-two.
LJ043-0091	2.840	36	308	He was not able to produce photographic work
LJ043-0093	3.699	47	399	He also had difficulty in working with the other employees.
LJ043-0095	8.030	101	842	He did not seem to be able to make the accommodations necessary when people work under such conditions and as a result
LJ043-0097	3.072	39	333	In February or March of nineteen sixty-three,
LJ043-0099	6.799	85	713	It appears that his discharge was hastened by the fact that he brought a Russian language newspaper to work.
LJ043-0101	6.706	84	703	or whether he brought the Russian language newspaper with him one day after his other difficulties became clear.
LJ043-0105	7.623	96	803	that while he did not fire Oswald because of the newspaper incident or even weigh it heavily in his decision, quote,
LJ043-0107	4.454	56	474	Upon moving to New Orleans on April twenty-four, nineteen sixty-three,
LJ043-0109	8.691	109	910	In New Orleans he obtained work as a greaser and oiler of coffee processing machines for the William B. Reily Co.,
LJ043-0111	5.696	72	604	After securing this job and an apartment, Oswald asked his wife to join him.
LJ043-0113	3.955	50	427	Refusing to admit that he could only get work as a greaser,
LJ043-0115	7.217	91	758	He lost his job on July nineteen, nineteen sixty-three, because his work was not satisfactory
LJ043-0117	8.122	102	848	Oswald apparently concluded that his Fair Play for Cuba Committee activities were not related to his discharge.
LJ043-0119	4.593	58	491	nineteen sixty-three, almost a month after he lost his job.
LJ043-0121	4.024	51	429	A placement interviewer of the Louisiana Department of Labor
LJ043-0123	9.481	119	991	He consulted with his supervisor and, quote, it was determined that we should not undertake to furnish employment references for him, end quote.
LJ043-0125	4.593	58	489	because the president of the photographic firm for which he had previously worked
LJ043-0127	7.786	98	828	and that he, quote, may be a damn Communist. I can't tell you. If I was you, I wouldn't hire him, end quote.
LJ043-0129	6.323	80	669	implied that Oswald's fellow employees did not like him because he was propagandizing
LJ043-0131	2.910	37	316	As a result Oswald was not hired.
LJ043-0133	1.772	23	200	Attack on General Walker
LJ043-0135	5.185	65	554	Oswald shot at Maj. Gen. Edwin A. Walker (Resigned, U.S. Army),
LJ043-0137	9.016	113	941	The shooting occurred two weeks before Oswald moved to New Orleans and a few days after he had been discharged by the photographic firm.
LJ043-0139	6.160	78	653	He outlined his plans in a notebook and studied them at considerable length before his attack.
LJ043-0141	7.786	98	818	Sometime after March twenty-seven, but according to Marina Oswald, prior to April ten, nineteen sixty-three,
LJ043-0143	8.192	103	861	with his recently acquired rifle and pistol, a copy of the March twenty-four, nineteen sixty-three, issue of the Worker,
LJ043-0145	8.703	109	916	He told his wife that he wanted to send the pictures to the Militant and he also asked her to keep one of the pictures for his daughter, June.
LJ043-0147	9.539	120	1006	He had left a note for his wife telling her what to do in case he were apprehended, as well as his notebook and the pictures of himself holding the rifle.
LJ043-0149	6.857	86	719	where she had gone, contrary to his instructions, after she became, worried about his absence.
LJ043-0151	8.308	104	871	that she became quite angry when Oswald told her what he had done, and that she made him promise never to repeat such a performance.
LJ043-0153	8.982	113	937	When asked if Oswald requested the note back she testified that, quote, He forgot about it. But apparently
LJ043-0155	3.734	47	397	She later gave the following testimony. Question:
LJ043-0157	7.705	97	812	Answer: Yes. Question: And you said it was not a good idea to keep this book? Answer: Yes.
LJ043-0159	1.400	18	160	Answer: Yes.
LJ043-0161	4.802	61	516	Answer: It never came to me, myself, to ask him that question.
LJ043-0163	8.053	101	843	If he had been successful and had been apprehended even for routine questioning, his apartment would undoubtedly have been searched,
LJ043-0165	6.927	87	730	Leaving the note and picture as he did would seem to indicate that he had considered the possibility of capture.
LJ043-0167	3.397	43	366	Even after his wife told him to destroy the notebook
LJ043-0169	5.301	67	562	His behavior was entirely consistent with his wife's testimony that, quote,
LJ043-0171	8.111	102	859	I am guessing that perhaps he did it to appear to be a brave man in case he were arrested, but that is my supposition, end quote.
LJ043-0173	3.328	42	361	and the trail of evidence he left behind him on that occasion.
LJ043-0175	7.693	97	812	The items which Oswald left at home when he made his attack on Walker suggest a strong concern for his place in history.
LJ043-0177	9.725	122	1014	and his Communist and Socialist Worker's Party newspapers would probably have appeared on the front pages of newspapers or magazines all over the country,
LJ043-0179	8.064	101	840	The circumstances of the attack on Walker coupled with other indications that Oswald was concerned about his place in history
LJ043-0181	6.857	86	717	that such concern is an important factor to consider in assessing possible motivation for the assassination.
LJ043-0183	4.280	54	456	Oswald did not lack the determination and other traits required
LJ043-0187	8.239	103	859	She testified that Oswald said that General Walker, quote, was a very bad man, that he was a fascist,
LJ044-0001	4.129	52	442	Report of the President's Commission on the Assassination of President Kennedy.
LJ044-0003	5.255	66	553	Lee Harvey Oswald: Background and Possible Motives, Part five.
LJ044-0007	8.668	109	905	that he was involved in any conspiracy, his political activities do provide insight into certain aspects of Oswald's character
LJ044-0009	9.609	121	1006	While it appears that he may have distributed Fair Play for Cuba Committee materials on one uneventful occasion in Dallas sometime during the period
LJ044-0011	7.020	88	735	There, in late May and early June of nineteen sixty-three, under the name Lee Osborne,
LJ044-0013	6.602	83	694	Hands Off Cuba, end quote, an application form for, and a membership card in,
LJ044-0015	7.159	90	757	He first distributed his handbills and other material uneventfully in the vicinity of the U.S.S. Wasp,
LJ044-0017	6.114	77	643	He distributed literature in downtown New Orleans on August nine, nineteen sixty-three,
LJ044-0019	8.018	101	844	Following his arrest, he was interviewed by the police, and at his own request, by an agent of the FBI.
LJ044-0021	6.462	81	678	he debated over radio station WDSU, New Orleans, with Carlos Bringuier,
LJ044-0023	6.764	85	711	Oswald had attempted to infiltrate an anti-Castro organization with which he was associated.
LJ044-0027	3.722	47	400	to her husband's membership card in the New Orleans chapter.
LJ044-0029	9.678	121	1010	It appears to have been a solitary operation on Oswald's part in spite of his misstatements to the New Orleans police that it had thirty-five members,
LJ044-0031	6.242	79	664	Oswald's Fair Play for Cuba activities may be viewed as a very shrewd political operation
LJ044-0033	4.674	59	496	It is also evidence of Oswald's reluctance to describe events accurately
LJ044-0035	7.739	97	812	This is suggested by his misleading and sometime untruthful statements in his letters to Mr. V. T. Lee,
LJ044-0037	7.983	100	836	Oswald wrote that an office which he had previously claimed to have rented for FPCC activities had been, quote,
LJ044-0039	5.359	67	565	they said something about remodeling, etc. I'm sure you understand, end quote.
LJ044-0041	9.249	116	972	and that he continued to receive inquiries through his post office box which he endeavored, quote, to keep answering to the best of my ability, end quote.
LJ044-0043	7.786	98	819	he stated that he was then alone in his efforts on behalf of FPCC, but he attributed his lack of support
LJ044-0045	5.441	69	583	events which, quote, robbed me of what support I had leaving me alone, end quote.
LJ044-0048	5.150	65	549	which occurred eight days after Oswald wrote the above letter to V. T. Lee.
LJ044-0050	8.250	104	865	Police reports also fail to reflect any activity on Oswald's part prior to August nine, nineteen sixty-three,
LJ044-0052	5.185	65	550	Furthermore, the general tenor of Oswald's next letter to V. T. Lee,
LJ044-0056	6.253	79	665	was stamped on some literature that Oswald had in his possession at the time of his arrest in New Orleans,
LJ044-0058	7.937	100	832	that an anti-Castro organization had maintained offices there for a period ending early in nineteen sixty-two.
LJ044-0060	7.159	90	753	In view of the limited amount of public activity on Oswald's part before August nine, nineteen sixty-three,
LJ044-0062	6.950	87	729	thousands, end quote, of circulars, especially since he had claimed to have printed only two thousand
LJ044-0064	6.927	87	728	In addition, there is no evidence that he received any substantial amount of materials from the national headquarters.
LJ044-0066	8.912	112	937	Oswald wrote that he had appeared on Mr. William Stuckey's fifteen-minute television program over WDSU-TV called, quote,
LJ044-0068	9.643	121	1013	as a result of which he was, quote, flooded with callers and invitations to debates, etc. as well as people interested in joining the F.P.C.C.
LJ044-0070	6.741	85	712	WDSU has no program of any kind called, quote, Latin American Focus, end quote.
LJ044-0072	6.277	79	662	on which Oswald was heard for less than five minutes on August seventeen, nineteen sixty-three.
LJ044-0074	4.500	57	483	an agent of Bringuier's attempting to learn more about the true nature
LJ044-0076	6.102	77	647	Oswald's statements suggest that he hoped to be flooded with callers and invitations to debate.
LJ044-0078	4.698	59	499	and as he was to some extent when he returned to the United States.
LJ044-0080	7.577	95	795	was apparently not enough to satisfy him. He exaggerated in his letters to V. T. Lee in an apparent attempt
LJ044-0082	4.907	62	523	His attempt to express himself through his Fair Play for Cuba activities, however,
LJ044-0084	3.502	44	378	brought out the history of his defection to the Soviet Union.
LJ044-0086	5.742	72	606	executive director of the Information Council of the Americas, who also appeared on the program.
LJ044-0088	9.342	117	978	Fair Play for Cuba was, quote, not at all Communist controlled regardless of the fact that I had the experience of living in Russia, end quote.
LJ044-0090	6.102	77	648	I think that we finished him on that program because we had publicly linked the Fair Play for Cuba Committee
LJ044-0092	7.391	93	779	The interesting thing, or rather the danger involved, was the fact that Oswald seemed like such a nice, bright boy
LJ044-0094	6.927	87	729	We figured after this broadcast of August twenty-one, why, that was no longer possible, end quote.
LJ044-0096	4.384	55	466	Mr. Oswald handled himself very well, as usual, end quote.
LJ044-0098	8.912	112	945	He did not think Oswald looked like the, quote, type, end quote, that he would have expected to find associating with a group such as the Fair Play for Cuba Committee.
LJ044-0100	9.446	119	992	Following the disclosure of his defection, Oswald sought advice from the Communist Party, U.S.A., concerning his Fair Play for Cuba activity.
LJ044-0102	5.684	72	604	samples of his photographic work, offering to contribute that sort of service without charge.
LJ044-0104	8.900	112	934	He later wrote to another official of the Worker, seeking employment, and mentioning the praise he had received for submitting his photographic work.
LJ044-0106	7.705	97	810	and Benjamin J. Davis honorary membership cards in his nonexistent New Orleans chapter of the Fair Play for Cuba Committee,
LJ044-0108	7.635	96	805	Arnold Johnson, director of the information and lecture bureau of the Communist Party, U.S.A., replied stating, quote,
LJ044-0110	7.739	97	815	We do not have any organizational ties with the Committee, and yet there is much material that we issue from time to time that is important
LJ044-0112	7.020	88	733	Marina Oswald said that such correspondence from people he considered important meant much to Oswald.
LJ044-0116	8.703	109	913	Since he seemed to feel that no one else understood his political views, the letter was of great value to him for it, quote, was proof
LJ044-0118	9.585	120	1003	He anticipated that the full disclosure of his defection would hinder him in, quote, the struggle for progress and freedom in the United States, end quote.
LJ044-0120	6.764	85	715	in a letter dated August twenty-eight, nineteen sixty-three, about whether he could, quote, continue to fight,
LJ044-0122	4.988	63	532	I should always remain in the background, i.e. underground, end quote.
LJ044-0124	9.516	119	992	Oswald wrote that he felt that he might have compromised the FPCC and expressed concern lest, quote, Our opponents could use my background
LJ044-0126	6.160	78	657	they could say the organization of which I am a member, is Russian controlled, etc, end quote.
LJ044-0128	6.172	78	656	there are a number of organizations, including possibly Fair Play, which are of a very broad character,
LJ044-0130	9.516	119	997	By August of nineteen sixty-three, after a short three months in New Orleans, the city in which he had been born and had lived most of his early life,
LJ044-0132	7.763	98	822	He had not liked his job as a greaser of coffee processing machinery and he held it for only a little over two months.
LJ044-0134	6.230	78	656	His brief foray on behalf of the Fair Play for Cuba Committee had failed to win any support.
LJ044-0136	8.297	104	875	an event which his wife thought upset him and as a result of which, quote, he became less active, he cooled off a little, end quote.
LJ044-0138	5.081	64	543	It would not have been possible to have followed Arnold Johnson's advice to remain in the background,
LJ044-0140	9.632	121	1005	Furthermore, he had apparently not received any letters from the national headquarters of FPCC since May twenty-nine, nineteen sixty-three,
LJ044-0142	2.271	29	253	of each of his changes of mailing address.
LJ044-0144	1.331	17	151	Interest in Cuba
LJ044-0146	5.057	64	539	On June twenty-four, nineteen sixty-three, he applied for a new passport
LJ044-0148	3.978	50	427	very unhappy, and that he actually wept when he told her that.
LJ044-0150	4.790	60	510	and that it would be better to have less and not have to be concerned about tomorrow.
LJ044-0152	8.262	104	865	on February seventeen, nineteen sixty-three, for permission for herself and June to return to the Soviet Union.
LJ044-0154	3.223	41	351	she wrote in her letter of July nineteen sixty-three,
LJ044-0156	3.931	50	426	Oswald apparently enclosed a note with her letter of July in which
LJ044-0158	5.208	66	554	As for my return entrance visa please consider it separately. End quote.
LJ044-0160	7.716	97	816	he may not have intended to go to the Soviet Union directly, if at all. It appears that he really wanted to go to Cuba.
LJ044-0162	9.446	119	997	I only know that his basic desire was to get to Cuba by any means, and that all the rest of it was window dressing for that purpose. End quote.
LJ044-0164	3.026	38	325	primarily for purposes of self-advertising.
LJ044-0166	4.825	61	517	According to Marina Oswald, he thought that would help him when he got to Cuba.
LJ044-0168	8.622	108	899	During this period Oswald may have practiced opening and closing the bolt on his rifle in a screened porch in his apartment.
LJ044-0170	6.532	82	690	He approved arrangements for his family to return to Irving, Texas, to live with Mrs. Ruth Paine.
LJ044-0172	6.996	88	737	and left for Irving with Marina Oswald and June and most of the Oswalds' effects three days later.
LJ044-0174	2.898	37	317	and possibly to Philadelphia to look for work.
LJ044-0176	7.298	92	768	He went almost directly to the Cuban Embassy and applied for a visa to Cuba in transit to Russia.
LJ044-0178	5.278	66	557	he stated his desire that he should be accepted as a friend of the Cuban Revolution.
LJ044-0180	7.519	94	785	on his previous residence, his work permit for that country, and several unidentified letters in the Russian language.
LJ044-0182	7.972	100	829	When faced with that situation Oswald became greatly agitated, and although he later unsuccessfully attempted
LJ044-0184	4.558	57	482	partisanship, and personal activities on behalf of the Cuban government.
LJ044-0186	3.920	49	420	he would not give him a visa, end quote, and that, quote,
LJ044-0188	7.124	90	754	Oswald must have been thoroughly disillusioned when he left Mexico City on October two, nineteen sixty-three.
LJ044-0190	4.767	60	506	by the officials of both Cuba and the Soviet Union in Mexico City.
LJ044-0192	8.424	106	888	and as far as the performance of the Cubans themselves was concerned, he was, quote, disappointed at not being able to get to Cuba
LJ044-0194	2.074	26	229	Oswald's attempt to go to Cuba
LJ044-0196	6.613	83	700	to a country in which he must have thought were embodied the political principles to which he had been committed for so long.
LJ044-0198	8.227	103	856	as he experienced successive failures in his jobs, in his political activity, and in his personal relationships.
LJ044-0200	7.879	99	828	his last gambit to extricate himself from the mediocrity and defeat which plagued him throughout most of his life.
LJ044-0202	6.439	81	677	by a desire to aid the Castro regime, which President Kennedy so outspokenly criticized.
LJ044-0204	9.086	114	950	prominently reported President Kennedy as having, quote, all but invited the Cuban people today to overthrow Fidel Castro's Communist regime
LJ044-0206	9.585	120	1001	The Castro regime severely attacked President Kennedy in connection with the Bay of Pigs affair, the Cuban missile crisis, the ban on travel to Cuba,
LJ044-0208	3.966	50	424	An examination of the Militant, to which Oswald subscribed,
LJ044-0210	9.655	121	1009	concerning Cuban policy in general as well as on the issues of automation and civil rights, issues which appeared to concern Oswald a great deal.
LJ044-0212	8.239	103	860	It also dealt with the fear of the Castro regime that such a policy might result in its abandonment by the Soviet Union.
LJ044-0217	7.670	96	803	was also reported in the October one, nineteen sixty-three, issue of the Worker, to which Oswald also subscribed.
LJ044-0219	9.376	118	986	you could tell what they wanted you to do by reading between the lines, reading the thing and doing a little reading between the lines, end quote.
LJ044-0221	8.924	112	930	that there can be no doubt that Oswald was aware generally of the critical attitude that Castro expressed about President Kennedy.
LJ044-0223	9.086	114	956	whether or not he agreed with Castro that President Kennedy was a, quote, ruffian and a thief, end quote. He replied that he, quote,
LJ044-0225	6.497	82	685	It should also be noted, however, that one witness testified that shortly before the assassination
LJ044-0227	6.242	79	661	Although Oswald could possibly have been motivated in part by his sympathy for the Castro government,
LJ044-0229	5.557	70	592	and had lost his desire to do so because of the bureaucracy and red tape which he had encountered.
LJ044-0231	8.657	109	909	While some of Castro's more severe criticisms of President Kennedy might have led Oswald to believe that he would be well received in Cuba
LJ044-0233	8.366	105	880	Oswald was carrying only thirteen dollars, eighty-seven cents at the time of his arrest, although he had left, apparently by design,
LJ044-0235	7.089	89	746	If there was no conspiracy which would help him escape, the possibility of which has been considered in chapter six,
LJ044-0237	6.277	79	660	with thirteen dollars, eighty-seven cents when considerably greater resources were available to him.
LJ044-0239	5.650	71	595	and raises serious questions as to whether or not he ever expected to escape.
LJ045-0002	6.718	84	700	Chapter seven. Lee Harvey Oswald: Background and Possible Motives, Part six.
LJ045-0004	8.366	105	875	It has been suggested that one of the motivating influences operating on Lee Oswald was the atmosphere in the city of Dallas,
LJ045-0006	3.827	48	406	and which received publicity there prior to the assassination.
LJ045-0008	5.800	73	612	in the treatment of Ambassador Adlai Stevenson late in October of nineteen sixty-three
LJ045-0010	5.557	70	586	The Commission has found no evidence that the extreme views expressed toward President Kennedy
LJ045-0014	6.474	81	681	His awareness is shown by a letter that he wrote to Arnold Johnson of the Communist Party U.S.A.,
LJ045-0016	8.413	106	885	On October twenty-third, I had attended a ultra-right meeting headed by General Edwin A. Walker, who lives in Dallas.
LJ045-0018	4.999	63	536	As you can see, political friction between "left" and "right" is very great here.
LJ045-0020	8.831	111	922	In any event, the Commission has been unable to find any credible evidence that Oswald had direct contact or association with
LJ045-0022	8.784	110	916	even though he did, as he told Johnson, attend a meeting at which General Walker spoke to approximately thirteen hundred persons.
LJ045-0024	1.470	19	169	to shoot General Walker.
LJ045-0026	8.122	102	849	The relations between Lee and Marina Oswald are of great importance in any attempt to understand Oswald's possible motivation.
LJ045-0028	9.423	118	987	he and his wife spent every weekend but one together at the Irving, Texas home of Mrs. Ruth Paine, who was then separated from her husband.
LJ045-0030	3.629	46	391	when his wife asked Oswald not to come to Irving.
LJ045-0032	6.753	85	709	She testified that after his return from Mexico Oswald, quote, changed for the better.
LJ045-0034	6.764	85	711	Marina Oswald attributed that to their living apart and to the imminent birth of their second child.
LJ045-0036	8.482	107	893	While those considerations no doubt had an effect on Oswald's attitude toward his family it would seem that the need for support and sympathy
LJ045-0038	8.482	107	897	might also have been important to him. It would not have been the first time that Oswald sought closer ties with his family in time of adversity.
LJ045-0040	6.869	86	724	They had been married after a courtship of only about six weeks, a part of which Oswald spent in the hospital.
LJ045-0042	9.678	121	1010	He stated that the other girl rejected him partly because he was an American, a fact that he said she had exploited. He stated that, quote,
LJ045-0046	9.458	119	992	Marina Oswald expressed one aspect of her husband's attitude toward her when she testified that, quote, Lee wanted me to go to Russia.
LJ045-0048	9.365	118	992	if he wanted me to go then that meant that he didn't love me, and that in that case what was the idea of coming to the United States in the first place.
LJ045-0050	6.869	86	733	He said he loved me but that it would be better for me if I went to Russia, and what he had in mind I don't know. End quote.
LJ045-0052	9.365	118	989	which Mrs. Paine had made in part to give her an alternative to returning to the Soviet Union. Marina Oswald wrote to Mrs. Paine that, quote,
LJ045-0054	7.391	93	780	It has been the cause of many of our arguments. End quote. Oswald claimed that his wife preferred others to him.
LJ045-0056	2.050	26	228	and also about Mrs. Paine.
LJ045-0058	1.412	18	162	nineteen sixty-three.
LJ045-0060	6.358	80	673	He apparently attempted to be "the Commander" by dictating many of the details of their married life.
LJ045-0062	6.160	78	659	he made no attempt to help her and there are other indications that he did not want her to learn that language.
LJ045-0064	6.985	88	739	that Oswald stated that he did not speak English in his family because he did not want them to become Americanized.
LJ045-0066	2.526	32	277	Oswald struck his wife on occasion,
LJ045-0068	8.285	104	867	The difficulties which Oswald's problems would have caused him in any relationship were probably not reduced by his wife's conduct.
LJ045-0070	8.227	103	861	thought that Marina Oswald was immature in her thinking and partly responsible for the difficulties that the Oswalds were having at that time.
LJ045-0072	3.072	39	335	There can be little doubt that some provocation existed.
LJ045-0074	8.204	103	861	In the letter Marina Oswald stated that her husband had changed a great deal and that she was very lonely in the United States.
LJ045-0076	4.918	62	524	The letter fell into Oswald's hands when it was returned to his post office box
LJ045-0078	7.879	99	831	Oswald read the letter, but refused to believe that it was sincere, even though his wife insisted to him that it was.
LJ045-0080	7.693	97	817	Generally, I think that was right, for such things that is the right thing to do. There was some grounds for it. End quote.
LJ045-0082	7.112	89	745	it appears that Marina Oswald also complained that her husband was not able to provide more material things for her.
LJ045-0084	3.537	45	384	said that, quote, She was annoying him all the time
LJ045-0090	8.796	110	919	He was very much interested in autobiographical works of outstanding statesmen of the United States, to whom his wife thought he compared himself.
LJ045-0092	3.420	43	370	as to the fact that he was an outstanding man, end quote.
LJ045-0094	6.973	88	745	Jeanne De Mohrenschildt, however, thought that Marina Oswald, quote, said things that will hurt men's pride, end quote.
LJ045-0096	2.619	33	287	Mrs. De Mohrenschildt thought that Oswald,
LJ045-0098	2.770	35	302	Nobody said anything good about him. End quote.
LJ045-0100	5.684	72	609	She thought that he might not have become involved in the assassination if people had been kinder to him.
LJ045-0102	9.539	120	997	things apparently went quite smoothly from the time Oswald returned from Mexico until the weekend of November sixteen to seventeen, nineteen sixty-three.
LJ045-0106	7.867	99	833	that he shouldn't come every week, that perhaps it is not convenient for Ruth that the whole family be there, live there, end quote.
LJ045-0108	6.102	77	645	Ruth Paine testified that she heard Marina Oswald tell Oswald about the birthday party.
LJ045-0112	9.005	113	944	When Oswald called the next day his wife became very angry about his use of the alias. He said that he used it because, quote,
LJ045-0114	7.983	100	841	Oswald also said that he did not want the FBI to know where he lived, quote, Because their visits were not very pleasant for him
LJ045-0116	6.961	88	741	While the facts of his defection had become known in New Orleans as a result of his radio debate with Bringuier,
LJ045-0118	6.602	83	695	would see anything in the newspaper about his defection, unless he engaged in activities similar to those
LJ045-0120	6.602	83	695	Furthermore, even though it appears that at times Oswald was really upset by visits of the FBI,
LJ045-0122	9.330	117	976	While Oswald's concern about the FBI had some basis in fact, in that FBI agents had interviewed him in the past and had renewed their interest
LJ045-0124	4.326	55	466	Marina Oswald thought he did so in order to emphasize his importance.
LJ045-0126	7.368	93	779	to the Soviet Embassy in Washington, he asked about the entrance visas for which he and his wife had previously applied.
LJ045-0128	9.295	117	979	that the FBI was, quote, not now, end quote, interested in his Fair Play for Cuba Committee activities, but noted that the FBI, quote,
LJ045-0130	9.167	115	964	warned me that if I engaged in F.P.C.C. activities in Texas the F.B.I. will again take an interest in me, end quote.
LJ045-0132	1.818	23	203	to the time of the assassination.
LJ045-0134	5.522	70	591	Hosty had come to the Paine residence on November one and five, nineteen sixty-three,
LJ045-0136	4.512	57	482	as Oswald went on to say. In Oswald's imagination, quote,
LJ045-0138	6.625	83	699	In fact, his wife testified that she only said that she would prefer not to receive any more visits from the Bureau
LJ045-0140	9.318	117	974	The arguments he used to justify his use of the alias suggest that Oswald may have come to think that the whole world was becoming involved
LJ045-0142	8.041	101	850	He may have felt he could never tell when the FBI was going to appear on the scene or who else was going to find out about his defection
LJ045-0144	8.784	110	920	On the other hand, the concern he expressed about the FBI may have been just another story to support the objective he sought in his letter.
LJ045-0146	5.882	74	629	to whom, quote, it was nothing terrible if people were to find out that he had been in Russia, end quote.
LJ045-0148	9.458	119	1001	After all, when will all your foolishness come to an end? All of these comedies. First one thing and then another. And now this fictitious name, end quote.
LJ045-0150	9.249	116	976	On Monday, November eighteen, nineteen sixty-three, he called several times, but after I hung up on him and didn't want to talk to him he did not call again.
LJ045-0152	4.988	63	530	The events of that evening can best be appreciated through Marina Oswald's testimony
LJ045-0154	6.950	87	735	Answer: He said that he was lonely because he hadn't come the preceding weekend, and he wanted to make his peace with me.
LJ045-0156	8.343	105	881	Answer: He tried to talk to me but I would not answer him, and he was very upset. Question: Were you upset with him?
LJ045-0158	4.558	57	487	He spent quite a bit of time putting away diapers and played with the children on the street.
LJ045-0160	3.397	43	368	Question: And how did he show that he was upset?
LJ045-0162	8.122	102	865	He tried to start a conversation with me several times, but I would not answer. And he said that he didn't want me to be angry at him because this upsets him.
LJ045-0164	6.683	84	712	He said that he was tired of living alone and perhaps the reason for my being so angry was the fact that we were not living together.
LJ045-0166	9.342	117	983	He repeated this not once but several times, but I refused. And he said that once again I was preferring my friends to him, and that I didn't need him.
LJ045-0168	7.414	93	784	Answer: I said it would be better if I remained with Ruth until the holidays, he would come, and we would all meet together.
LJ045-0170	2.573	33	285	it became too difficult to wash by hand.
LJ045-0172	2.759	35	304	Answer: He said he would buy me a washing machine.
LJ045-0174	9.678	121	1014	Thank you. That it would be better if he bought something for himself -- that I would manage. End quote. That night Oswald went to bed before his wife retired.
LJ045-0176	4.117	52	440	The next morning he left for work before anyone else arose.
LJ045-0178	8.761	110	924	he left his wedding ring in a cup on the dresser in his room. He also left one hundred seventy dollars in a wallet in one of the dresser drawers.
LJ045-0180	5.185	65	550	and which he was to take to the School Book Depository. The Unanswered Questions.
LJ045-0182	9.632	121	1009	Instead of returning to Irving on November fifteen for his customary weekend visit, he remained in Dallas at his wife's suggestion because of the birthday party.
LJ045-0184	3.281	42	357	Then on Thursday morning, November twenty-one,
LJ045-0186	6.811	86	721	He must have planned his attack at the very latest prior to Thursday morning when he spoke to Frazier.
LJ045-0188	5.394	68	575	While there is no way to tell when he first began to think specifically of assassinating the President
LJ045-0190	5.417	68	570	appeared in The Dallas Times Herald on November fifteen, nineteen sixty-three.
LJ045-0192	4.500	57	482	apparently will loop through the downtown area, probably on Main Street,
LJ045-0196	8.111	102	848	That fact was made precisely clear in subsequent news stories on November nineteen, twenty, and twenty-two.
LJ045-0198	3.804	48	411	that the Presidential motorcade would pass in front of his place of work.
LJ045-0202	8.459	106	881	He had great difficulty in establishing meaningful relations with other people. Except for his family he was completely alone.
LJ045-0204	4.152	52	442	he had never found anything to which he felt he could really belong.
LJ045-0206	5.301	67	567	it must have appeared to him that he was unable to command even the attention of his family.
LJ045-0208	6.915	87	730	His family lived with Mrs. Paine, ostensibly because Oswald could not afford to keep an apartment in Dallas,
LJ045-0210	2.956	37	322	Now it appeared that he was not welcome at the Paine home,
LJ045-0212	2.701	34	293	this time concerning his use of an alias.
LJ045-0214	8.784	110	919	ended when Marina Oswald hung up and refused to talk to him. Although he may long before have decided on the course he was to follow
LJ045-0216	6.091	77	646	nineteen sixty-three, merely to disarm her and to provide a justification of sorts,
LJ045-0218	9.678	121	1012	Thoughts of his personal difficulties must have been at least partly on his mind when he went to Irving on Thursday night and told his wife that he was lonely,
LJ045-0220	7.275	91	761	The Commission does not believe that the relations between Oswald and his wife caused him to assassinate the President.
LJ045-0222	6.694	84	704	The feelings of hostility and aggression which seem to have played such an important, part in Oswald's life
LJ045-0224	7.635	96	804	and such a favorable opportunity to strike at a figure as great as the President would probably never have come to him again.
LJ045-0226	9.156	115	964	The fact that he took so little money with him when he left Irving in the morning indicates that he did not expect to get very far from Dallas on his own
LJ045-0228	8.018	101	850	On the other hand, he could have traveled some distance with the money he did have and he did return to his room where he obtained his revolver.
LJ045-0230	7.240	91	764	when he was finally apprehended in the Texas Theatre. Although it is not fully corroborated by others who were present,
LJ045-0232	6.648	84	705	Oswald was overbearing and arrogant throughout much of the time between his arrest and his own death.
LJ045-0234	4.744	60	506	While he did become enraged at at least one point in his interrogation,
LJ045-0236	5.208	66	554	He admitted nothing that would damage him but discussed other matters quite freely.
LJ045-0238	3.258	41	350	and in the face of the overwhelming evidence against him
LJ045-0240	7.449	94	783	Many factors were undoubtedly involved in Oswald's motivation for the assassination, and the Commission does not believe
LJ045-0242	6.416	81	678	It is apparent, however, that Oswald was moved by an overriding hostility to his environment.
LJ045-0244	7.902	99	822	Long before the assassination he expressed his hatred for American society and acted in protest against it.
LJ045-0250	4.895	62	519	there emerged a man capable of assassinating President Kennedy.
LJ046-0002	7.623	96	804	The President's Commission on the Assassination of President Kennedy. Chapter eight. The Protection of the President. Part one.
LJ046-0004	3.479	44	374	four Presidents of the United States have been assassinated
LJ046-0006	4.988	63	532	During this same period there were three other attacks on the life of a President,
LJ046-0008	7.832	98	815	on Theodore Roosevelt while campaigning in October of nineteen twelve; on President-elect Franklin Delano Roosevelt,
LJ046-0010	6.044	76	636	when his temporary residence, Blair House, was attacked by Puerto Rican Nationalists.
LJ046-0012	3.606	46	394	there have been attempts on the lives of one out of every three.
LJ046-0014	2.805	36	309	at the time of President Kennedy's assassination.
LJ046-0016	5.383	68	571	The Commission has not undertaken a comprehensive examination of all facets of this subject;
LJ046-0018	3.061	39	334	to which the events of last November called attention.
LJ046-0020	7.310	92	770	prepared by the Secret Service for the Secretary of the Treasury following the assassination. As a result of this study,
LJ046-0022	7.705	97	805	which recommends additional personnel and facilities to enable the Secret Service to expand its protection capabilities.
LJ046-0024	3.095	39	335	to the Bureau of the Budget for review and approval.
LJ046-0026	8.552	107	888	since a disclosure of such detailed information relating to protective measures might undermine present methods of protecting the President.
LJ046-0028	5.406	68	573	The protection of the President of the United States is an immensely difficult and complex task.
LJ046-0030	4.129	52	440	particularly when the President is traveling in this country or abroad.
LJ046-0032	4.477	56	473	or their desire to have frequent and easy access to the people.
LJ046-0034	5.684	72	603	with particular attention to the diverse roles which the President is expected to fill.
LJ046-0036	7.739	97	808	regarding certain protective measures in force at the time of the Dallas trip and propose recommendations for improvements.
LJ046-0038	6.880	87	729	The President is Head of State, Chief Executive, Commander in Chief, and leader of a political party.
LJ046-0040	6.195	78	659	In this role he appears to the American people, in the words of William Howard Taft, as, quote,
LJ046-0044	9.597	120	1000	in accordance with George Washington's maxim that Americans have a government, quote, of accommodation as well as a government of laws, end quote,
LJ046-0046	3.420	43	369	In all of these roles the President must go to the people.
LJ046-0048	7.031	88	737	Desired by both the President and the public, it is an indispensable means of communication between the two.
LJ046-0050	2.039	26	225	administrative, political.
LJ046-0052	9.063	114	946	To promote nationwide acceptance of his administration Washington made grand tours that served also to excite interest in the Presidency.
LJ046-0054	6.799	85	715	partly because of the greater speed and comfort of travel and partly because of the greater demands made on the President.
LJ046-0056	7.252	91	760	in seventeen eighty-nine in less time than it took George Washington to travel from New York to Mount Vernon
LJ046-0058	9.353	117	971	During his Presidency, Franklin D. Roosevelt made almost four hundred journeys and traveled more than three hundred fifty thousand miles.
LJ046-0060	5.475	69	579	and their foreign journeys have come to be accepted as normal rather than extraordinary.
LJ046-0062	6.021	76	641	His friend and Special Assistant Kenneth O'Donnell, who accompanied him on his last visit to Dallas,
LJ046-0064	8.564	108	907	The President's views of his responsibilities as President of the United States were that he meet the people, that he go out to their homes and see them,
LJ046-0066	8.343	105	882	And he felt that leaving Washington for the President of the United States was a most necessary -- not only for the people, but for the President himself,
LJ046-0068	6.149	77	651	It helped him in his job here, he was able to come back here with a fresh view of many things.
LJ046-0070	7.995	100	829	Whatever their purposes Presidential journeys have greatly enlarged and complicated the task of protecting the President.
LJ046-0072	8.703	109	906	have been confronted in recent years with increasingly difficult problems, created by the greater exposure of the President during his travels
LJ046-0074	9.109	114	952	If the sole goal were to protect the life of the President, it could be accomplished with reasonable assurance despite the multiple roles he must play.
LJ046-0076	4.721	60	507	He cannot and will not take the precautions of a dictator or a sovereign.
LJ046-0078	8.018	101	844	The protection of the President must be thorough but inconspicuous to avoid even the suggestion of a garrison state.
LJ046-0080	7.983	100	836	If the protective job is well done, its performance will be evident only in the unexceptional fact of its success.
LJ046-0082	6.265	79	659	must depend upon the utmost cooperation and understanding from the public and the President.
LJ046-0084	3.873	49	414	for the President soon after the assassination, quote,
LJ046-0086	7.252	91	760	is dependent to a considerable extent upon the degree of contact with the general public desired by the President.
LJ046-0088	6.892	87	728	to operate in a sort of vacuum, isolated from the general public and behind impregnable barriers.
LJ046-0090	9.434	118	984	Any travel, any contact with the general public, involves a calculated risk on the part of the President and the men responsible for his protection.
LJ046-0092	5.824	73	614	has confidence in the dedicated Secret Service men who are ready to lay down their lives for him
LJ046-0094	8.343	105	868	Many Presidents have been understandably impatient with the security precautions which many years of experience dictate
LJ046-0096	7.287	92	765	Nevertheless the procedures and advice should be accepted if the President wishes to have any security.
LJ046-0098	9.539	120	994	The history of Presidential protection shows growing recognition over the years that the job must be done by able, dedicated,
LJ046-0100	7.229	91	757	The assassination of President Kennedy demands an examination of the protective measures employed to safe guard him
LJ046-0104	6.764	85	711	is set out and the reasons why this information was not furnished to the Secret Service appraised.
LJ046-0106	3.943	50	424	largely measures taken by the Secret Service, is considered.
LJ046-0108	5.023	63	531	Intelligence Functions Relating to Presidential Protection at the Time of the Dallas Trip
LJ046-0110	7.670	96	799	is the identification and elimination of possible sources of danger to the President before the danger becomes actual.
LJ046-0112	5.417	68	570	and requests to other agencies, Federal and local, for useful information.
LJ046-0114	6.242	79	660	the arrangements relied upon by the Secret Service to perform this function were seriously deficient.
LJ046-0116	4.013	51	431	The main job of the Protective Research Section (PRS)
LJ046-0118	4.709	59	497	In addition to this function, PRS is responsible for such tasks
LJ046-0120	7.670	96	798	the security processing of gifts sent to the President, and technical inspections against covert listening devices.
LJ046-0122	6.009	76	637	Many persons call themselves to the attention of PRS by attempting to visit, the President
LJ046-0124	2.167	28	241	or with undue persistence.
LJ046-0126	5.963	75	626	estimated that most of the material received by his office originated in this fashion
LJ046-0128	7.751	97	808	while the balance was furnished to PRS by other Federal agencies, with primary source being the FBI.
LJ046-0130	6.625	83	690	In nineteen forty-three PRS received approximately nine thousand items of information;
LJ046-0132	5.522	70	584	in nineteen sixty-three the total exceeded thirty-two thousand items.
LJ046-0134	5.568	70	586	In the period from November nineteen sixty-one to November nineteen sixty-three,
LJ046-0136	2.619	33	283	Before the assassination of President Kennedy,
LJ046-0138	5.243	66	556	PRS instructed the White House mailroom, a source of much PRS data,
LJ046-0140	8.041	101	843	any communication, quote, that in any way indicates anyone may have possible intention of harming the President, end quote.
LJ046-0142	2.701	34	292	but again the standards were very general.
LJ046-0144	8.599	108	899	When requested to provide a specific statement of the standards employed by PRS in deciding what information to seek and retain,
LJ046-0146	9.632	121	1006	The criteria in effect prior to November twenty-two, nineteen sixty-three, for determining whether to accept material for the PRS general files
LJ046-0148	6.277	79	666	that the safety of the President is or might be in danger, either at the present or in the future.
LJ046-0150	8.935	112	932	danger may be implied from others, such as membership or activity in an organization which believes in assassination as a political weapon.
LJ046-0152	5.824	73	613	and a determination made as to whether the information might indicate possible harm to the President.
LJ046-0154	8.076	101	843	as indicating some potential danger to the President -- no matter how small -- it was indexed in the general PRS files
LJ046-0156	7.194	90	749	The general files of PRS consist of folders on individuals, card indexed by name.
LJ046-0158	7.565	95	790	At the time of the assassination, the active PRS general files contained approximately fifty thousand cases
LJ046-0160	7.136	90	753	A case file was established if the information available suggested that the subject might be a danger to the President.
LJ046-0162	7.797	98	815	The case file served merely as a repository for information until enough had accumulated to warrant an investigation.
LJ046-0164	8.111	102	843	PRS investigated thirty-four newly established or reactivated cases concerning residents of Texas.
LJ046-0166	6.869	86	715	An additional one hundred fifteen cases concerning Texas residents were established but not investigated.
LJ046-0168	3.002	38	326	of which there are sixty-five throughout the country.
LJ046-0170	3.455	44	376	which requires a checkup at least, every six months.
LJ046-0172	6.694	84	704	the Secret Service arranges for the family and friends of the individual, and local law enforcement officials,
LJ046-0174	8.749	110	914	At the time of the assassination there were approximately four hundred persons throughout the country who were subject to periodic review.
LJ046-0176	8.018	101	845	that an individual presents a significant danger to the life of the President, his name is placed in a "trip index file"
LJ046-0178	9.191	115	961	At the time of the assassination the names of about one hundred persons were in this index, all of whom were included in the group of four hundred
LJ046-0182	3.548	45	382	Individuals who are regarded as dangerous to the President
LJ046-0184	9.701	122	1014	but there is a system for the immediate notification of the Secret Service by the confining institution when a subject is released or escapes.
LJ046-0186	5.290	67	563	the prosecution of persons who have committed an offense such as threatening the President.
LJ046-0188	3.095	39	333	In summary, at the time of the assassination
LJ046-0190	6.729	85	708	it had arrangements to be notified about release from confinement in roughly one thousand cases;
LJ046-0192	5.708	72	601	it regarded approximately one hundred of these four hundred cases as serious risks
LJ046-0194	8.958	112	931	Members of the White House detail were expected to familiarize themselves with the descriptions and photographs of the highest risk cases.
LJ046-0196	8.494	107	890	were filed on a geographic basis, and could conveniently be reviewed by a Secret Service agent preparing for a Presidential trip
LJ046-0198	6.114	77	646	at the request of Special Agent Lawson, advance agent for President Kennedy's trip to Dallas.
LJ046-0200	4.616	58	485	Secret Service requests to other agencies for intelligence information
LJ046-0202	6.218	78	654	The head of PRS testified that the Secret Service requested other agencies to provide, quote,
LJ046-0204	9.643	121	1004	These requests were communicated in writing by the Secret Service; rather, the Service depended on the personal liaison maintained by PRS
LJ046-0206	8.134	102	848	and at the working level with personnel of the field offices of the various agencies. The Service frequently participated
LJ046-0208	4.140	52	440	Presidential protection was an important topic in these training programs.
LJ046-0210	6.845	86	717	to relate principally to overt threats to harm the President or other specific manifestations of hostility.
LJ046-0212	2.782	35	303	Threats against the President of the U.S.,
LJ046-0214	8.796	110	920	members of his immediate family, the President-Elect, and the Vice-President is within the exclusive jurisdiction of the U.S. Secret Service.
LJ046-0216	5.359	67	565	members of the immediate family of the President, the President-Elect or the Vice-President
LJ046-0218	9.167	115	964	Advise the Bureau at the same time by teletype of the information so furnished to the Secret Service and the fact that it has been so disseminated.
LJ046-0220	7.948	100	838	When the threat is in the form of a written communication, give a copy to local Secret Service and forward the original to the Bureau
LJ046-0222	8.703	109	909	The referral of the copy to local Secret Service should not delay the immediate referral of the information by the fastest available means of communication
LJ046-0224	5.266	66	554	The State Department advised the Secret Service of all crank and threat letter mail
LJ046-0226	6.869	86	715	The several military intelligence agencies reported crank mail and similar threats involving the President.
LJ046-0228	9.701	122	1012	the Secret Service had no standard procedure for the systematic review of its requests for and receipt of information from other Federal agencies.
LJ046-0230	4.674	59	497	prior to November twenty-two, nineteen sixty-three, were inadequate.
LJ046-0232	7.681	97	806	Although the Service recognized that its advance preventive measures must encompass more than these most obvious dangers,
LJ046-0234	8.413	106	884	or an organized group, other than specific threats, which suggested a source of danger against which timely precautions could be taken.
LJ046-0236	9.376	118	983	none of the cases in the PRS general files was available for systematic review on a geographic basis when the President planned a particular trip.
LJ046-0238	5.162	65	548	it contained the names of no persons from the entire Dallas-Fort Worth area,
LJ046-0240	8.343	105	876	Bouck explained the failure to try to identify the individuals involved in the Stevenson incident after it occurred on the ground that
LJ046-0242	5.220	66	554	Such an approach seriously undermines the precautionary nature of PRS work;
LJ046-0244	4.384	55	464	PRS should have investigated and been prepared to guard against it.
LJ046-0246	9.272	116	972	This was done in the case of the Nationalist Party of Puerto Rico, for example, but only after members of the group had resorted to political violence.
LJ046-0248	7.275	91	757	to Federal intelligence and law enforcement agencies were not well designed to elicit information from them
LJ046-0250	9.539	120	994	The requests shifted the responsibility for evaluating difficult cases from the Service, the agency most responsible for performing that task,
LJ046-0252	9.655	121	1008	Although the CIA had on file requests from the Treasury Department for information on the counterfeiting of U.S. currency and certain smuggling matters,
LJ046-0254	4.140	52	438	in advance of Presidential trips outside the United States.
LJ047-0002	3.943	50	424	Chapter eight. The Protection of the President. Part two.
LJ047-0004	7.414	93	775	No information concerning Lee Harvey Oswald appeared in PRS files before the President's trip to Dallas.
LJ047-0006	8.122	102	855	The FBI had been interested in him, to some degree at least, since the time of his defection in October nineteen fifty-nine.
LJ047-0008	6.845	86	720	and was investigating him at the time of the assassination. The Commission has taken the testimony of Bureau agents
LJ047-0010	6.207	78	656	the agent who was assigned his case at the time of the assassination, the Director of the FBI,
LJ047-0012	9.283	117	971	the Director and Deputy Director for Plans of the CIA testified concerning that Agency's limited knowledge of Oswald before the assassination.
LJ047-0014	8.796	110	914	the Office of Naval Intelligence, the FBI and the CIA. The information known to the FBI is summarized below.
LJ047-0016	9.086	114	950	The FBI opened a file on Oswald in October nineteen fifty-nine, when news reports appeared of his defection to the Soviet Union.
LJ047-0018	8.819	111	930	for the purpose of correlating information inasmuch as he was considered a possible security risk in the event he returned to this country, end quote.
LJ047-0020	6.497	82	682	Until April nineteen sixty, FBI activity consisted of placing in Oswald's file
LJ047-0022	1.981	25	217	provided by other agencies.
LJ047-0024	8.122	102	853	in the course of a routine FBI investigation of transfers of small sums of money from Mrs. Oswald to her son in Russia.
LJ047-0026	8.633	108	897	and kept itself informed on Oswald's status by periodic reviews of State Department and Office of Naval Intelligence files.
LJ047-0028	5.278	66	557	he had attempted to renounce his U.S. citizenship and applied for Soviet citizenship,
LJ047-0030	7.414	93	776	as a marine radar technician and had displayed an arrogant and aggressive attitude at the U.S. Embassy;
LJ047-0032	8.204	103	862	In June nineteen sixty-two, the Bureau was advised by the Department of State of Oswald's plan to return to the United States.
LJ047-0034	9.202	116	965	and instructed the Dallas office to interview him when he got back to determine whether he had been recruited by a Soviet intelligence service.
LJ047-0036	6.915	87	728	It revealed his letter of January thirty, nineteen sixty-two, to Secretary of the Navy Connally,
LJ047-0038	5.928	75	628	The file reflected the Department's determination that Oswald had not expatriated himself.
LJ047-0040	9.400	118	984	Oswald was first interviewed by FBI Agents John W. Fain and B. Tom Carter on June twenty-six, nineteen sixty-two,
LJ047-0042	5.092	64	539	and unwilling to answer questions regarding his motive for going to the Soviet Union.
LJ047-0044	9.144	115	957	Oswald was, however, willing to discuss his contacts with Soviet authorities. He denied having any involvement with Soviet intelligence agencies
LJ047-0046	8.506	107	891	Agent Fain was not satisfied by this interview and arranged to see Oswald again on August sixteen, nineteen sixty-two.
LJ047-0048	8.308	104	867	while Oswald remained somewhat evasive at this interview, he was not antagonistic and seemed generally to be settling down.
LJ047-0050	9.492	119	991	Oswald again agreed to advise the FBI if he were approached under suspicious circumstances; however, he deprecated the possibility of this happening,
LJ047-0052	6.590	83	691	Having concluded that Oswald was not a security risk or potentially dangerous or violent,
LJ047-0054	5.475	69	578	This is an administrative classification indicating that no further work has been scheduled.
LJ047-0056	2.004	26	225	From August nineteen sixty-two
LJ047-0058	8.297	104	867	Agent Fain retired from the FBI in October nineteen sixty-two, and the closed Oswald case was not reassigned.
LJ047-0060	4.314	54	458	Fain had been assigned to see Marina Oswald at an appropriate time.
LJ047-0062	4.303	54	457	In March nineteen sixty-three, while attempting to locate Marina Oswald,
LJ047-0064	5.824	73	612	that other tenants had complained because Oswald was drinking to excess and beating his wife.
LJ047-0066	1.888	24	209	a Communist Party publication.
LJ047-0068	8.691	109	907	and his recommendation was accepted. He decided, however, not to interview Marina Oswald at that time, and merely determined
LJ047-0070	5.731	72	604	On April twenty-one, nineteen sixty-three, the FBI field office in New York
LJ047-0072	9.260	116	968	stating that he had distributed its pamphlets on the streets of Dallas. This information did not reach Agent Hosty in Dallas until June.
LJ047-0074	5.870	74	623	Under a general Bureau request to be on the alert for activities of the Fair Play for Cuba Committee
LJ047-0078	6.648	84	704	and Hosty asked the New Orleans FBI office to determine Oswald's address and what he was doing.
LJ047-0080	9.075	114	946	A confidential informant advised the FBI that Oswald was not known to be engaged in Communist Party activities in New Orleans.
LJ047-0082	6.880	87	726	for an extended tour of Western European countries, the Soviet Union, Finland, and Poland.
LJ047-0084	3.095	39	334	and his application was approved on the following day.
LJ047-0086	4.732	60	508	as it might have under existing procedures, and did not know of his application.
LJ047-0088	7.948	100	838	We did not request the State Department to include Oswald on a list which would have resulted in advising us of any application for a passport
LJ047-0090	7.449	94	783	Our investigation of Oswald had disclosed no evidence that Oswald was acting under the instructions or on behalf of
LJ047-0092	2.341	30	260	On August nine, nineteen sixty-three,
LJ047-0094	6.393	80	672	by anti-Castro Cubans while distributing leaflets on behalf of the Fair Play for Cuba Committee.
LJ047-0096	7.089	89	749	The police called the local FBI office and an agent, John L. Quigley, was sent to the police station.
LJ047-0098	5.127	65	553	inasmuch as the police had not given Oswald's name to the Bureau when they called the office.
LJ047-0100	6.671	84	702	but less than completely truthful or cooperative when interrogated about the Fair Play for Cuba Committee.
LJ047-0102	9.028	113	945	When I began asking him specific details with respect to his activities in the Fair Play for Cuba Committee in New Orleans as to where meetings were held,
LJ047-0104	6.218	78	658	reluctant and actually as far as I was concerned, was completely evasive on them. End quote.
LJ047-0106	9.516	119	996	Oswald, quote, was probably making a self-serving statement in attempting to explain to me why he was distributing this literature, and for no other reason,
LJ047-0108	9.028	113	939	During the interview Quigley obtained background information from Oswald which was inconsistent with information already in the Bureau's possession.
LJ047-0110	9.655	121	1009	that another Bureau agent, Milton R. Knack, had been conducting a background investigation of Oswald at the request of Agent Hosty in Dallas.
LJ047-0112	6.114	77	646	Knack was aware of the facts known to the FBI and recognized Oswald's false statements.
LJ047-0114	9.678	121	1014	and that they had been married in Fort Worth and lived there until coming to New Orleans. He had told the New Orleans arresting officers that he had been born in Cuba.
LJ047-0116	7.043	89	745	On August twenty-two, it learned that Oswald had appeared on a radio discussion program on August twenty-one.
LJ047-0118	4.790	60	509	that Oswald had told him that he had worked and been married in the Soviet Union.
LJ047-0120	9.016	113	939	was considered sufficiently unusual to necessitate another interview. Alan H. Belmont, Assistant to the Director of the FBI,
LJ047-0122	8.064	101	845	Our interest in this man at this point was to determine whether his activities constituted a threat to the internal security of the country.
LJ047-0124	8.958	112	939	and if we determined that the course of the investigation required us to clarify or face him down with this information, we would do it at the appropriate time.
LJ047-0126	5.545	70	593	we would handle it in due course, in accord with the whole context of the investigation. End quote.
LJ047-0128	5.951	75	631	to conduct an additional investigation of Oswald in view of the activities which had led to his arrest.
LJ047-0130	4.245	54	456	advised the Bureau that Oswald was unknown in such circles.
LJ047-0132	7.867	99	824	the FBI transferred the principal responsibility for the Oswald case from the Dallas office to the New Orleans office.
LJ047-0134	6.741	85	715	The FBI was advised by the rental agent for the Oswalds' apartment in New Orleans that they had moved again.
LJ047-0136	7.519	94	787	they had vacated their apartment, and Marina Oswald had departed with their child in a station wagon with Texas registration.
LJ047-0138	7.240	91	762	He checked in Oswald's old neighborhood and throughout the Dallas-Fort Worth area but was unable to locate Oswald.
LJ047-0140	7.786	98	818	advising that an individual tentatively identified as Oswald had been in touch with the Soviet Embassy in Mexico City
LJ047-0142	5.313	67	563	The Bureau had no earlier information suggesting that Oswald had left the United States.
LJ047-0146	5.127	65	549	that he had sought and obtained a passport on June twenty-five, nineteen sixty-three.
LJ047-0148	1.667	21	185	On October twenty-five,
LJ047-0152	9.574	120	999	He conducted a limited background investigation of the Paines, intending to interview Mrs. Paine and ask her particularly about Oswald's whereabouts.
LJ047-0154	7.379	93	781	The interview lasted about twenty to twenty-five minutes. In response to Hosty's inquiries, Mrs. Paine, quote,
LJ047-0158	7.496	94	790	After a moment's hesitation, she told me that he worked at the Texas School Book Depository near the downtown area of Dallas.
LJ047-0160	4.105	52	442	found it to be four one one Elm  Street. End quote.
LJ047-0162	8.912	112	939	that Oswald was living alone in Dallas because she did not want him staying at her house, although she was willing to let Oswald visit his wife and children.
LJ047-0164	6.811	86	726	At this point in the interview, Hosty gave Mrs. Paine his name and office telephone number on a piece of paper.
LJ047-0166	6.253	79	667	Hosty assured her, through Mrs. Paine as interpreter, that the FBI would not harm or harass her.
LJ047-0168	4.419	56	477	and that he had given as his address Mrs. Paine's residence in Irving.
LJ047-0170	9.028	113	947	On November five, Hosty was traveling near Mrs. Paine's home and took the occasion to stop by to ask whether she had any further information.
LJ047-0172	4.965	63	535	Oswald had said that he was a, quote, Trotskyite Communist, end quote.
LJ047-0174	3.664	46	390	During neither interview did Hosty learn Oswald's address
LJ047-0176	3.885	49	415	shortly after Oswald rented the room on October fourteen.
LJ047-0178	8.331	105	880	because she thought the FBI was in possession of a great deal of information and certainly would find it very easy to learn where Oswald was living.
LJ047-0180	9.527	120	1005	he had received a copy of the report of the New Orleans office which contained Agent Quigley's memorandum of the interview in the New Orleans jail on August ten,
LJ047-0182	7.136	90	753	was quite interested in determining the nature of his contact with the Soviet Embassy in Mexico City, end quote.
LJ047-0184	9.353	117	981	Well, as I had previously stated, I have between twenty-five and forty cases assigned to me at any one time. I had other matters to take care of.
LJ047-0186	6.927	87	733	I can now afford to wait until New Orleans forwarded the necessary papers to me to show me I now had all the information.
LJ047-0188	2.585	33	285	Had you planned any steps beyond that point?
LJ047-0190	7.124	90	756	Question: Did you take any action on this case between November five and November twenty-two? Answer: No, sir.
LJ047-0192	7.600	96	799	On November eighteen the FBI learned that Oswald recently had been in communication with the Soviet Embassy in Washington
LJ047-0194	6.184	78	653	Hosty received this information on the afternoon of November twenty-two, nineteen sixty-three.
LJ047-0196	4.361	55	463	The Commission has considered carefully the question whether the FBI,
LJ047-0198	2.213	28	243	prior to President Kennedy's visit.
LJ047-0200	8.146	102	856	as to whether Oswald fell within the category of, quote, threats against the President, end quote, which should be referred to the Service.
LJ047-0202	8.796	110	915	testified that the information available to the Federal Government about Oswald before the assassination would, if known to PRS,
LJ047-0204	8.726	110	919	Bouck pointed to a number of characteristics besides Oswald's defection the cumulative effect of which would have been to alert the Secret Service
LJ047-0206	4.442	56	474	I would think his continued association with the Russian Embassy after his return,
LJ047-0208	4.953	62	527	been courtmartialed for illegal possession of a gun, of a handgun in the Marines,
LJ047-0210	2.596	33	289	I think all of those, if we had them all together,
LJ047-0212	5.882	74	626	would have seemed somewhat serious to us, even though I must admit, that none of these in themselves would be
LJ047-0214	9.504	119	995	End quote. Mr. Bouck pointed out, however, that he had no reason to believe that any one Federal agency had access to all this information,
LJ047-0216	5.394	68	573	Agent Hosty testified that he was fully aware of the pending Presidential visit to Dallas.
LJ047-0218	7.914	99	827	had discussed the President's visit on several occasions, including the regular biweekly conference on the morning of November twenty-two
LJ047-0220	9.551	120	1004	that in view of the President's visit to Dallas, that if anyone had any indication of any possibility of any acts of violence or any demonstrations against the President,
LJ047-0222	5.475	69	583	He had made the same statement about a week prior at another special conference which we had held.
LJ047-0224	7.565	95	793	In fact, Hosty participated in transmitting to the Secret Service two pieces of information pertaining to the visit.
LJ047-0226	5.057	64	541	and never realized that the motorcade would pass the Texas School Book Depository Building.
LJ047-0228	5.824	73	623	that the motorcade was coming up Main Street, quote, where maybe I could watch it if I had a chance, end quote.
LJ047-0232	9.307	117	976	In his opinion, none of the information in the FBI files -- Oswald's defection, his Fair Play for Cuba activities in New Orleans,
LJ047-0234	6.451	81	681	Hosty's initial reaction on hearing that Oswald was a suspect in the assassination, was, quote, shock
LJ047-0236	4.790	60	509	was capable or potentially an assassin of the President of the United States, end quote.
LJ047-0238	9.016	113	944	Hosty parked his car in the basement of police headquarters and there met an acquaintance, Lt. Jack Revill of the Dallas police force.
LJ047-0240	2.143	27	236	They agree that Hosty told Revill
LJ047-0242	9.400	118	984	Revill testified that Hosty said also that the FBI had information that Oswald was, quote, capable of committing this assassination, end quote.
LJ047-0244	5.499	69	580	Revill promptly made a memorandum of this conversation in which the quoted statement appears.
LJ047-0246	5.789	73	613	and District Attorney Henry M. Wade both testified that they saw it later that day.
LJ047-0248	6.602	83	696	that he ever said that Oswald was capable of violence, or that he had any information suggesting this.
LJ047-0250	6.172	78	653	Brian did not hear Hosty make any statement concerning Oswald's capacity to be an assassin
LJ048-0002	3.850	49	416	Chapter eight. The Protection of the President. Part three.
LJ048-0004	8.866	111	924	After summarizing the Bureau's investigative interest in Oswald prior to the assassination, J. Edgar Hoover concluded that, quote,
LJ048-0006	2.480	32	277	or to the Vice President, end quote.
LJ048-0008	7.240	91	762	was his attempt on General Walker's life, which did not become known to the FBI until after the assassination.
LJ048-0010	7.008	88	738	stressed also the decision by the Department of State that Oswald should be permitted to return to the United States.
LJ048-0012	4.616	58	490	According to Belmont, when Oswald returned from the Soviet Union, quote,
LJ048-0014	8.796	110	920	was disenchanted with Russia, and had a renewed concept -- I am paraphrasing, a renewed concept -- of the American free society.
LJ048-0016	3.629	46	391	He likewise indicated he was disenchanted with Russia.
LJ048-0018	8.308	104	870	We again exhibited interest on the basis of these contacts with The Worker, Fair Play for Cuba Committee, which are relatively inconsequential.
LJ048-0020	6.462	81	681	The interview with him in jail is not significant from the standpoint of whether he had a propensity for violence.
LJ048-0022	8.030	101	847	Answer: Yes. It was a self-serving interview. The visits with the Soviet Embassy were evidently for the purpose of securing a visa,
LJ048-0024	6.009	76	641	He had come back to Dallas. Hosty had established that he had a job, he was working,
LJ048-0026	2.016	26	227	He gave evidence of settling down.
LJ048-0028	7.960	100	837	Consequently, there was no basis for Hosty to go to Secret Service and advise them of Oswald's presence. End quote
LJ048-0030	8.506	107	896	the officials of the FBI believed that there was no data in its files which gave warning that Oswald was a source of danger to President Kennedy.
LJ048-0032	4.825	61	515	so far as the FBI knew he had not shown any potential for violence.
LJ048-0034	7.182	90	750	no law enforcement agency had any information to connect Oswald with the attempted shooting of General Walker.
LJ048-0036	7.043	89	745	that agents of the FBI in Dallas did not consider Oswald's presence in the Texas School Book Depository Building
LJ048-0038	1.574	20	178	The Commission believes, however,
LJ048-0040	4.732	60	505	The Commission appreciates the large volume of cases handled by the FBI
LJ048-0042	7.484	94	784	There were no Secret Service criteria which specifically required the referral of Oswald's case to the Secret Service;
LJ048-0044	5.162	65	548	the knowledge of his defection, his arrogance and hostility to the United States,
LJ048-0046	4.222	53	449	his trip to Mexico where he was in contact with Soviet authorities,
LJ048-0048	6.068	76	640	All this does seem to amount to enough to have induced an alert agency, such as the FBI,
LJ048-0050	3.095	39	334	This conclusion may be tinged with hindsight, but
LJ048-0052	3.397	43	364	and less narrow interpretation of their responsibilities.
LJ048-0054	5.487	69	581	which specifically required the referral of such a case as Oswald's to the Secret Service,
LJ048-0056	3.153	40	342	Had such a review been undertaken by the FBI,
LJ048-0058	1.841	24	208	Agent Hosty testified
LJ048-0060	1.772	23	200	required further attention.
LJ048-0062	9.202	116	965	to have made more vigorous efforts to locate Oswald's roominghouse address in Dallas and to interview him regarding these unresolved matters.
LJ048-0064	4.407	56	472	While the Secret Service bears the principal responsibility for this failure,
LJ048-0066	7.705	97	813	The handbook referred thus to, quote, the possibility of an attempt against the person or safety of the President, end quote.
LJ048-0068	4.721	60	506	as requiring evidence of a plan or conspiracy to injure the President.
LJ048-0070	7.217	91	759	reflect keen awareness of the necessity of communicating a much wider range of intelligence information to the Service.
LJ048-0072	9.539	120	1000	the Commission does not believe that the liaison between the FBI and the Secret Service prior to the assassination was as effective as it should have been.
LJ048-0074	3.420	43	364	To insure adequate and effective liaison arrangements,
LJ048-0076	6.903	87	722	and maintaining liaison with other Federal Agencies. This liaison should take into consideration
LJ048-0078	6.729	85	708	In each instance, liaison contacts should be developed to include a close friendly relationship,
LJ048-0080	4.976	63	527	to coordinate activities and to discuss problems of mutual interest.
LJ048-0082	5.742	72	601	The testimony reveals that liaison responsibilities in connection with the President's visit
LJ048-0084	9.423	118	981	some limited information was made available to the Secret Service. But there was no fully adequate liaison between the two agencies. Indeed,
LJ048-0086	4.187	53	446	Other Protective Measures and Aspects of Secret Service Performance
LJ048-0088	9.690	122	1013	Examination of these procedures shows that in most respects they were well conceived and ably executed by the personnel of the Service.
LJ048-0090	8.703	109	909	certain shortcomings and lapses from the high standards which the Commission believes should prevail in the field of Presidential protection are evident.
LJ048-0092	8.877	111	923	The advance preparations in Dallas by Agent Winston G. Lawson of the White House detail have been described in chapter two.
LJ048-0094	5.034	63	533	Lawson was responsible for working out a great many arrangements for the President's trip.
LJ048-0096	5.963	75	628	In the case of Dallas, because President Kennedy had scheduled visits to five Texas cities
LJ048-0098	5.417	68	575	there were not enough men available to permit two agents to be assigned to all the advance work.
LJ048-0100	3.908	49	418	who had just completed advance work on the President's trip to Tampa.
LJ048-0102	8.842	111	925	In particular, the Commission believes that the motorcade route selected by Agent Lawson, upon the advice of Agent in Charge Sorrels
LJ048-0104	4.465	56	474	There were far safer routes via freeways directly to the Trade Mart,
LJ048-0106	8.784	110	919	Much of Lawson's time was taken with establishing adequate security over the motorcade route and at the two places where the President would stop,
LJ048-0109	8.575	108	899	by these Secret Service agents with the cooperation of the Dallas police and other local law enforcement agents, were carefully executed.
LJ048-0111	6.753	85	707	the Secret Service correctly gave particular attention in the advance preparations to those arrangements.
LJ048-0113	1.644	21	186	The Commission believes, however,
LJ048-0115	7.229	91	758	to determine what matters require attention in making advance preparations and to decide what action to take.
LJ048-0117	4.779	60	503	all instructions from higher authority were communicated to him orally.
LJ048-0119	4.500	57	479	The only systematic supervision of the activities of the advance agent
LJ048-0121	6.903	87	728	The interim report must be in the hands of the agent supervising the protective group traveling with the President
LJ048-0123	9.040	113	941	Agent Lawson's interim report was received by Agent Kellerman on November twenty, the day before departure on the Texas trip.
LJ048-0125	9.492	119	994	the precautions taken for the President's trip were the usual safeguards employed on trips of this kind in the United States during the previous year, end quote.
LJ048-0127	5.359	67	564	as those followed in nineteen thirty-six during a trip to Dallas by President Roosevelt,
LJ048-0131	8.703	109	906	There is, for example, no Secret Service arrangement for evaluating before a trip particular difficulties that might be anticipated,
LJ048-0133	8.749	110	912	Constant reevaluation of procedures, with attention to special problems and the development of instructions specific to particular trips
LJ048-0135	3.165	40	341	Liaison with local law enforcement authorities.
LJ048-0137	7.182	90	750	there have been references to the numerous discussions between Secret Service representatives and the Dallas Police Department.
LJ048-0139	4.105	52	440	The Service had twenty-eight agents participating in the Dallas visit.
LJ048-0141	5.847	74	620	Fire Department, County Sheriff's Department, and the Texas Department of Public Safety.
LJ048-0143	7.287	92	769	the Secret Service did not at the time of the assassination have any established procedure governing its relationships with them.
LJ048-0145	4.535	57	483	and no written description of the role the local police were expected to perform.
LJ048-0147	1.307	17	151	The Commission believes
LJ048-0151	8.970	113	946	asked the police to station guards at each overpass to keep, quote, unauthorized personnel, end quote, off, this term was not defined.
LJ048-0153	8.877	111	923	while on the overpass overlooking the assassination scene railroad and yard terminal workmen were permitted to remain under police supervision,
LJ048-0155	9.609	121	1006	Assistant Chief Batchelor of the Dallas police noted the absence of any formal statement by the Secret Service of specific work assigned to the police
LJ048-0157	7.925	100	833	Agent Lawson agreed that such a procedure would assist him and other agents in fulfilling their responsibilities as advance agents.
LJ048-0159	5.777	73	613	Agent Lawson did not arrange for a prior inspection of buildings along the motorcade route,
LJ048-0161	6.741	85	710	The Chief of the Service has provided the Commission a detailed explanation of this policy, quote,
LJ048-0163	7.832	98	822	it has not been the practice of the Secret Service to make surveys or checks of buildings along the route of a Presidential motorcade.
LJ048-0165	8.471	106	886	buildings along the route can be checked by teams of law enforcement officers, and armed guards are posted along the route as appropriate.
LJ048-0167	8.494	107	893	buildings are not checked either by Secret Service agents or by any other law enforcement officers at the request of the Secret Service.
LJ048-0169	7.600	96	797	In Dallas the route selected necessarily involved passing through the principal downtown section between tall buildings.
LJ048-0171	6.811	86	722	it was not practical to select a route where the President could not be seen from roofs or windows of buildings.
LJ048-0173	6.323	80	669	arrangements were made for building and roof security by posting police officers where appropriate.
LJ048-0175	8.448	106	887	Nor is it practical to prevent people from entering such buildings, or to limit access in every building to those employed or having business there.
LJ048-0177	9.527	120	1004	that such a procedure would not be consistent with the nature and purpose of the motorcade to let the people see their President and to welcome him to their city.
LJ048-0179	8.088	102	852	of the Texas School Book Depository Building or those employed there prior to the time the President was shot. End quote.
LJ048-0181	6.613	83	697	The danger from a concealed sniper on the Dallas trip was of concern to those who had considered the problem.
LJ048-0183	7.275	91	761	Admittedly, protective measures cannot ordinarily be taken with regard to all buildings along a motorcade route.
LJ048-0187	9.597	120	1000	In addition, Secret Service agents riding in the motorcade were trained to scan buildings as part of their general observation of the crowd of spectators.
LJ048-0189	7.263	91	764	the Dallas police to scan windows of buildings lining the motorcade route, although it was his usual practice to do so.
LJ048-0191	4.930	62	523	Television films taken of parts of the motorcade by a Dallas television station
LJ048-0193	6.729	85	708	Three officers from the Dallas Police Department were assigned to the intersection of Elm and Houston
LJ048-0195	7.159	90	753	All received their instructions early in the morning from Capt. P. W. Lawrence of the traffic division.
LJ048-0197	8.993	113	945	I then told the officers that their primary duty was traffic and crowd control and that they should be alert for any persons who might attempt to throw anything
LJ048-0199	6.404	81	681	and arrest any person who might attempt to throw anything or try to get at the President and his party;
LJ048-0203	5.324	67	562	The three officers confirm that their primary concern was crowd and traffic control,
LJ048-0207	7.612	96	800	there were several Secret Service agents in it who shared the responsibility of scanning the windows of nearby buildings.
LJ048-0209	8.122	102	856	at least for a sufficient number of seconds to gain a, quote, general impression, end quote, of the lack of any unusual activity.
LJ048-0213	7.542	95	793	watching his car, watching the sides, watching the crowds, giving advice or asking advice from the Chief
LJ048-0215	4.814	61	518	Agent Roy H. Kellerman, riding in the front seat of the Presidential car,
LJ048-0217	5.081	64	539	The agents in the follow-up car also were expected to scan adjacent buildings.
LJ048-0221	4.303	54	458	In the early morning hours on November twenty-two, nineteen sixty-three,
LJ048-0223	2.886	37	317	After the President had retired at his hotel,
LJ048-0225	6.126	77	647	they had little opportunity to eat during the day. No food was available at the Press Club.
LJ048-0227	8.448	106	888	According to their affidavits, the drinking in no case amounted to more than three glasses of beer or one and a half mixed drinks,
LJ048-0229	7.960	100	834	The statements of the agents involved are supported by statements of members of the Fort Worth press who accompanied or observed them
LJ048-0231	8.146	102	853	According to their statements, the agents remained at the Press Club for periods varying from thirty minutes to an hour and a half,
LJ048-0233	8.250	104	868	Two of the nine agents returned to their rooms. The seven others proceeded to an establishment called the Cellar Coffee House,
LJ048-0235	5.383	68	574	serving only coffee, fruit juices and no hard liquors or beer, end quote.
LJ048-0237	8.331	105	885	Most of the agents were there from about one:thirty or one:forty-five a.m. to about two:forty-five or three a.m.;
LJ048-0239	6.323	80	672	The lobby of the hotel and the areas adjacent to the quarters of the President were guarded during the night
LJ048-0241	4.175	53	450	These agents were each relieved for a half hour break during the night.
LJ048-0243	4.965	63	533	Only one stayed as long as a half hour, and none had any beverage there.
LJ048-0245	6.648	84	708	but that their visits to the Cellar were, quote, neither consistent nor inconsistent, end quote, with their duty.
LJ048-0247	3.885	49	418	had duty assignments beginning no later than eight a.m. that morning.
LJ048-0249	4.860	61	516	and then at a breakfast, after which the entourage would proceed to Dallas.
LJ048-0251	6.741	85	713	The remaining four had key responsibilities as members of the complement of the follow-up car in the motorcade.
LJ048-0253	6.172	78	656	The supervisor of each of the off-duty agents who visited the Press Club or the Cellar Coffee House
LJ048-0255	9.481	119	990	with full possession of his mental and physical capabilities and entirely ready for the performance of his assigned duties. Chief Rowley testified that,
LJ048-0257	5.081	64	539	and that their conduct the night before did not impede their actions on duty
LJ048-0259	9.051	114	952	However, Chief Rowley did not condone the action of the off-duty agents, particularly since it violated a regulation of the Secret Service,
LJ048-0261	6.160	78	652	a. Employees are strictly enjoined to refrain from the use of intoxicating liquor
LJ048-0263	2.735	35	299	During entire periods of travel status,
LJ048-0265	9.144	115	957	after which time a very moderate use of liquor will not be considered a violation. However, all members of the White House Detail
LJ048-0267	2.677	34	292	at any time while in travel status.
LJ048-0271	2.817	36	312	will be cause for removal from the Service, end quote.
LJ048-0273	9.167	115	956	that under ordinary circumstances he would have taken disciplinary action against those agents who had been drinking in clear violation of the regulation.
LJ048-0275	6.845	86	720	to an inference that the violation of the regulation had contributed to the tragic events of November twenty-two.
LJ048-0277	7.252	91	762	He felt that each agent recognized the seriousness of the infraction and that there was no danger of a repetition.
LJ048-0279	6.021	76	637	They work long, hard hours, under very great strain, and must travel frequently.
LJ048-0281	5.266	66	557	Yet their role of protecting the President is so important to the well-being of the country
LJ048-0283	7.960	100	834	so that nothing can interfere with their bringing to their task the finest qualities and maximum resources of mind and body.
LJ048-0285	5.557	70	588	when it absolutely forbids drinking by any agent accompanying the President on a trip.
LJ048-0287	8.239	103	859	It is conceivable that those men who had little sleep, and who had consumed alcoholic beverages, even in limited quantities,
LJ049-0002	6.218	78	654	The Warren Commission Report. By The President's Commission on the Assassination of President Kennedy.
LJ049-0004	1.818	23	202	The motorcade in Dallas.
LJ049-0006	5.371	68	569	These precautions included reserving a ceremonial area for the Presidential party,
LJ049-0008	5.928	75	626	and detailing police in civilian clothes to be scattered throughout the sizable crowd.
LJ049-0010	3.374	43	366	who responded to the unplanned event with dispatch.
LJ049-0012	6.509	82	687	At these stops, agents from the Presidential follow-up car stood between the President and the public,
LJ049-0014	5.475	69	578	The Commission regards such impromptu stops as presenting an unnecessary danger,
LJ049-0016	1.493	19	170	The Presidential limousine.
LJ049-0018	3.142	40	341	which was neither bulletproof nor bullet resistant.
LJ049-0020	8.413	106	885	It was not then replaced because the state of the art did not permit the development of a bulletproof top of sufficiently light weight
LJ049-0022	9.434	118	983	The Secret Service believed that it was very doubtful that any President would ride regularly in a vehicle with a fixed top, even though transparent.
LJ049-0024	3.490	44	376	has developed a vehicle for the better protection of the President.
LJ049-0026	7.519	94	785	On occasion the Secret Service has been permitted to have an agent riding in the passenger compartment with the President.
LJ049-0028	5.522	70	585	The Secret Service has therefore suggested this practice only on extraordinary occasions.
LJ049-0030	8.703	109	908	the Commission does believe that there are aspects of the protective measures employed in the motorcade at Dallas which deserve special comment.
LJ049-0032	6.927	87	728	had no special design or equipment which would have permitted the Secret Service agent riding in the driver's compartment
LJ049-0034	6.335	80	673	could have reached the President in time to protect him from the second and fatal shot to hit the President.
LJ049-0036	2.677	34	293	and by the passengers in the jump seats.
LJ049-0038	8.390	105	875	had no passenger in a jump seat between Agent Youngblood and Vice President Johnson to interfere with Agent Youngblood's ability
LJ049-0040	4.129	52	439	The assassination suggests that it would have been of prime importance
LJ049-0042	6.950	87	730	At that time the agents on the framing boards of the follow-up car were expected to perform such a function.
LJ049-0044	6.242	79	664	Even if the car is traveling more slowly, the delay involved in reaching the President may be crucial.
LJ049-0046	6.160	78	652	Even so, analysis of the motion picture films taken by amateur photographer Zapruder
LJ049-0048	5.452	69	580	and therefore approximately one point six seconds after the President was shot in the head.
LJ049-0050	6.137	77	648	Hill had both feet on the car and was climbing aboard to assist President and Mrs. Kennedy.
LJ049-0052	5.208	66	556	In response to inquiry by the Commission regarding the instructions to agents in a motorcade
LJ049-0054	6.079	76	635	The Secret Service has consistently followed two general principles in emergencies involving the President.
LJ049-0056	7.043	89	748	The first duty of the agents in the motorcade is to attempt to cover the President as closely as possible and practicable
LJ049-0058	7.519	94	784	Secondly, agents are instructed to remove the President as quickly as possible from known or impending danger.
LJ049-0060	7.960	100	832	but to consider any untoward circumstances as serious and to afford the President maximum protection at all times.
LJ049-0062	4.825	61	512	Their primary responsibility is to stay with and protect the President.
LJ049-0064	3.618	46	389	because the variations possible preclude effective planning.
LJ049-0066	8.297	104	868	For instance, the lead car always is manned by Secret Service agents familiar with the area and with local law enforcement officials;
LJ049-0068	1.969	25	220	A doctor is in the motorcade.
LJ049-0070	8.645	109	905	Any effort to prepare detailed contingency plans might well have the undesirable effect of inhibiting quick and imaginative responses.
LJ049-0072	8.982	113	943	those in command should be able to direct the response appropriate to the emergency. The Commission finds that the Secret Service agents in the motorcade
LJ049-0074	8.610	108	900	Their actions demonstrate that the President and the Nation can expect courage and devotion to duty from the agents of the Secret Service.
LJ049-0076	9.551	120	999	The Commission's review of the provisions for Presidential protection at the time of President Kennedy's trip to Dallas demonstrates the need for substantial improvements.
LJ049-0078	5.882	74	619	have properly taken the initiative in reexamining major aspects of Presidential protection.
LJ049-0080	2.155	27	234	Assassination a Federal Crime
LJ049-0082	7.797	98	819	Had there been reason to believe that the assassination was the result of a conspiracy, Federal jurisdiction could have been asserted;
LJ049-0084	9.133	115	965	Murder of the President has never been covered by Federal law, however, so that once it became reasonably clear that the killing was the act of a single person,
LJ049-0086	8.006	101	845	It is anomalous that Congress has legislated in other ways touching upon the safety of the Chief Executive or other Federal officers,
LJ049-0088	5.557	70	590	as is advocacy of the overthrow of the Government by the assassination of any of its officers.
LJ049-0090	3.595	45	381	Federal law enforcement officers is a Federal crime.
LJ049-0092	7.728	97	809	without authorizing it to arrest anyone who harms him. The same provisions authorize the Service to arrest without warrant
LJ049-0094	6.068	76	637	The Commission agrees with the Secret Service that it should be authorized to make arrests without warrant
LJ049-0096	7.914	99	826	There have been a number of efforts to make assassination a Federal crime, particularly after the assassination of President McKinley
LJ049-0098	9.597	120	996	In nineteen oh two bills passed both Houses of Congress but failed of enactment when the Senate refused to accept the conference report.
LJ049-0100	5.127	65	545	The Commission recommends to the Congress that it adopt legislation which would:
LJ049-0104	8.715	109	912	Such a statute would cover the President and Vice President or, in the absence of a Vice President, the person next in order of succession.
LJ049-0106	9.295	117	975	Restricting the coverage in this way would avoid unnecessary controversy over the inclusion or exclusion of other officials who are in the order of succession
LJ049-0108	8.958	112	934	In addition, the restriction would probably eliminate a need for the requirement which has been urged as necessary for the exercise of Federal power,
LJ049-0110	9.121	115	956	The governmental consequences of assassination of one of the specified officials give the United States ample power to act for its own protection.
LJ049-0112	5.278	66	556	bear no relationship to the injury to the United States which follows from the act.
LJ049-0116	9.481	119	992	of such persons as have been constitutionally and lawfully provided to succeed thereto in case of a vacancy. It is important to this country
LJ049-0118	7.832	98	821	Enactment of this statute would mean that the investigation of any of the acts covered and of the possibility of a further attempt
LJ049-0120	6.358	80	668	At present, Federal agencies participate only upon the sufferance of the local authorities.
LJ049-0122	9.167	115	954	FBI Director J. Edgar Hoover, who strongly supports such legislation, testified that the absence of clear Federal jurisdiction
LJ049-0124	3.444	44	372	In addition, the proposed legislation will insure
LJ049-0126	5.278	66	554	Committee of Cabinet Officers. As our Government has become more complex,
LJ049-0128	5.208	66	553	The FBI is the major domestic investigating agency of the United States,
LJ049-0130	2.677	34	292	The Secret Service must rely in large part
LJ049-0133	5.789	73	612	and to emphasize that the task of Presidential protection is one of broad national concern.
LJ049-0135	4.222	53	446	(which is responsible for advising the President respecting the coordination
LJ049-0137	9.411	118	983	and the other Federal agencies that assist in safeguarding the President. The Committee should include the Secretary of the Treasury and the Attorney General,
LJ049-0139	4.709	59	498	and the Attorney General at any meetings which are concerned with Presidential protection.
LJ049-0141	9.283	117	977	The foremost assignment of the Committee would be to insure that the maximum resources of the Federal Government are fully engaged in the job of protecting the President,
LJ049-0143	7.565	95	795	Major needs of personnel or other resources might be met more easily on its recommendation than they have been in the past.
LJ049-0145	7.170	90	756	As improvements are recommended for the advance detection of potential threats to the President, it could act as a final review board.
LJ049-0147	8.738	110	913	This arrangement would provide a continuing high-level contact for agencies that may wish to consult respecting particular protective measures.
LJ049-0149	9.005	113	940	that it has been unable, as a practical matter, to exercise sufficient influence over the security precautions which surround Presidential activities.
LJ049-0151	2.608	33	281	Responsibilities for Presidential Protection
LJ049-0153	7.902	99	830	The Secret Service was organized as a division of the Department of the Treasury in eighteen sixty-five, to deal with counterfeiting.
LJ049-0155	8.157	102	852	while investigating a plot to assassinate President Cleveland, the Service assigned a small protective detail of agents to the White House.
LJ049-0157	5.499	69	580	and special details protected him in Washington, on trips, and at special functions.
LJ049-0159	8.146	102	850	the Secret Service, then the only Federal investigative agency, assumed full-time responsibility for the safety of the President.
LJ049-0161	4.918	62	521	and also for the preventive investigation of potential threats against the President.
LJ049-0165	9.191	115	958	which first appeared in the appropriation of the Department of Justice in nineteen ten under the heading, quote, Miscellaneous Objects, end quote.
LJ049-0167	4.372	55	466	in the field of preventive investigation in regard to the President's security.
LJ049-0169	5.301	67	564	the procedures which its agents are to follow in connection with information received, quote,
LJ049-0171	5.545	70	586	With two Federal agencies operating in the same general field of preventive investigation,
LJ049-0173	8.912	112	933	As the testimony of J. Edgar Hoover and other Bureau officials revealed, the FBI did not believe that its directive required the Bureau
LJ049-0175	2.410	31	266	before the President reached Dallas.
LJ049-0179	8.006	101	839	The Commission believes that both the FBI and the Secret Service have too narrowly construed their respective responsibilities.
LJ049-0181	9.736	122	1013	that too much emphasis is placed by both on the investigation of specific threats by individuals and not enough on dangers from other sources.
LJ049-0183	6.973	88	733	regarding such threats and that its Protective Research Section is not adequately staffed or equipped
LJ049-0185	3.606	46	392	During the period the Commission was giving thought to this situation,
LJ049-0187	6.706	84	698	These proposals included suggestions to locate exclusive responsibility for all phases of the work
LJ049-0189	8.773	110	915	but expand both the scope and the operations of the existing agencies, particularly those of the Secret Service and the FBI.
LJ049-0191	7.020	88	733	is properly manned and equipped to carry on extensive information gathering functions within the United States.
LJ049-0193	8.831	111	925	Consequently the suggestion has been made, on the one hand, that all preventive investigative functions relating to the security of the President
LJ049-0195	8.529	107	893	leaving with the Secret Service only the responsibility for the physical protection of the President, that is, the guarding function alone.
LJ049-0197	6.404	81	679	It is also contended that the agents should be intimately associated with the life of the Presidential family
LJ049-0199	7.438	93	775	and ready at any instant to hazard great danger to themselves in the performance of their tremendous responsibility.
LJ049-0201	9.342	117	971	and becoming merely the recipient of information gathered by others would become limited solely to acts of physical alertness and personal courage
LJ049-0203	8.691	109	910	So circumscribed, it could not maintain the esprit de corps or the necessary alertness for this unique and challenging responsibility.
LJ049-0207	8.587	108	901	that it was not within the Commission's responsibility to make specific recommendations as to the long-range organization of the President's protection,
LJ049-0209	5.510	69	582	The Commission was not asked to apply itself as did the Hoover Commission in nineteen forty-nine,
LJ049-0211	8.610	108	904	It would have been necessary for the Commission to take considerable testimony, much of it extraneous to the facts of the assassination of President Kennedy,
LJ049-0213	3.281	42	356	There are always dangers of divided responsibility,
LJ049-0215	9.527	120	996	the protection of the President is in a real sense a Government-wide responsibility which must necessarily assumed by the Department of State,
LJ049-0217	7.565	95	794	Moreover, a number of imponderable questions have to be weighed if any change in the intimate association now established
LJ049-0219	3.420	43	364	These considerations have induced the Commission to believe
LJ049-0221	8.784	110	912	perhaps upon recommendations based on further studies by the Cabinet-level committee recommended above or the National Security Council.
LJ049-0223	7.600	96	802	and direction of the activities of all existing agencies of Government which are in a position to and do, furnish information
LJ049-0225	7.867	99	829	The Commission feels the Secret Service and the FBI, as well as the State Department and the CIA when the President travels abroad,
LJ049-0227	6.393	80	671	Without, therefore, coming to final conclusions respecting the long-range organization of the President's security,
LJ049-0229	3.815	48	404	while assuming no radical relocation of responsibilities,
LJ050-0001	9.469	119	994	For more information, or to volunteer, please visit librivox dot org. Report of the President's Commission on the Assassination of President Kennedy.
LJ050-0003	8.343	105	877	By The President's Commission on the Assassination of President Kennedy. Chapter eight. The Protection of the President. Part five.
LJ050-0005	4.291	54	456	The intimacy of the Secret Service's relationship to the White House
LJ050-0007	5.278	66	554	have made it difficult for the Treasury to maintain close and continuing supervision.
LJ050-0009	9.307	117	973	disclosed by the Commission's investigation. Other measures should be taken as well to improve the overall operation of the Secret Service.
LJ050-0011	3.908	49	417	The Chief of the Service now reports to the Secretary of the Treasury
LJ050-0013	9.191	115	955	and the Department's Employment Policy Program, and who also represents the Secretary of the Treasury on various committees and groups.
LJ050-0015	8.947	112	930	The Commission recommends that the Secretary of the Treasury appoint a special assistant with the responsibility of supervising the Service.
LJ050-0017	3.397	43	364	to be able to provide effective continuing supervision
LJ050-0019	3.629	46	388	This report has already pointed out several respects
LJ050-0021	8.575	108	896	Actions by the Service since the assassination indicate its awareness of the necessity for substantial improvement in its administration.
LJ050-0023	1.482	19	168	Work is going forward
LJ050-0025	2.991	38	325	or from which it derives assistance and support.
LJ050-0027	4.581	58	488	While manuals and memoranda are no guarantee of effective operations,
LJ050-0029	4.732	60	502	that is reflected in definite and comprehensive operating procedures.
LJ050-0033	5.533	70	584	The Commission emphasizes that it finds no causal connection between the assassination
LJ050-0035	4.918	62	521	Nevertheless, such a breach, in which so many agents participated,
LJ050-0037	1.540	20	176	Preventive Intelligence
LJ050-0039	6.323	80	667	the Secret Service has largely been the passive recipient of threatening communications to the President
LJ050-0041	5.046	64	539	This was the consequence of the Service's lack of an adequate investigative staff,
LJ050-0043	9.214	116	964	The Secret Service has embarked upon a complete overhaul of its research activities. The staff of the Protective Research Section (PRS)
LJ050-0045	4.431	56	473	and of the Advanced Research Projects Agency of the Department of Defense,
LJ050-0047	6.903	87	722	International Business Machines Corporation, and a panel of psychiatric and psychological experts.
LJ050-0049	4.744	60	506	and from a specialist in psychiatric prognostication at Walter Reed Hospital.
LJ050-0051	4.999	63	530	nineteen sixty-four, makes several significant recommendations in this field.
LJ050-0053	2.573	33	282	Broader and more selective criteria
LJ050-0055	6.985	88	736	that the PRS files can no longer be limited largely to persons communicating actual threats to the President.
LJ050-0057	7.855	99	826	specifying criteria for information to be furnished to the Secret Service in addition to that covered by the former standard,
LJ050-0059	6.625	83	690	he new instructions require FBI agents to report immediately information concerning, quote,
LJ050-0063	9.342	117	971	and who have been involved in bombing or bomb-making or whose past conduct indicates tendencies toward violence, and (d)
LJ050-0065	9.237	116	964	Alan H. Belmont, Assistant to the Director of the FBI, testified that this revision was initiated by the FBI itself.
LJ050-0067	6.741	85	713	more than five thousand names were referred to the Secret Service in the first four months of nineteen sixty-four.
LJ050-0069	6.950	87	727	the Secret Service had received from the FBI some nine thousand reports on members of the Communist Party.
LJ050-0071	8.970	113	940	Both Director Hoover and Belmont expressed to the Commission the great concern of the FBI, which is shared by the Secret Service,
LJ050-0073	4.848	61	514	result in some degree of interference with the personal liberty of those involved.
LJ050-0075	1.969	25	218	The Commission shares this concern.
LJ050-0077	2.248	29	250	and in taking preventive steps.
LJ050-0079	4.965	63	528	guidelines for an experimental program to develop more detailed criteria.
LJ050-0081	3.943	50	422	The new tentative criteria are useful in making clear that
LJ050-0083	7.240	91	756	Information is requested also concerning individuals or groups who have demonstrated an interest in the President
LJ050-0085	5.557	70	588	other than legal or peaceful, to satisfy any grievance, real or imagined.
LJ050-0087	9.121	115	955	propensity toward violent action, or some similar characteristic, coupled with some evaluation of the capability of the individual or group
LJ050-0089	3.815	48	408	While these tentative criteria are a step in the right direction,
LJ050-0091	7.078	89	743	It is questionable whether such criteria would have resulted in the referral of Oswald to the Secret Service.
LJ050-0093	9.156	115	957	because of Oswald's demonstrated hostility toward the Secretary of the Navy in his letter of January thirty, nineteen sixty-two. Quote,
LJ050-0095	3.409	43	369	The U.S. government has no charges or complaints against me.
LJ050-0097	6.474	81	681	Even with the advantage of hindsight, this letter does not appear to express or imply Oswald's, quote,
LJ050-0099	9.005	113	938	It is apparent that a good deal of further consideration and experimentation will be required before adequate criteria can be framed.
LJ050-0101	1.992	25	221	Leon F. Czolgosz,
LJ050-0103	7.623	96	803	were all men who acted alone in their criminal acts against our leaders. None had a serious record of prior violence.
LJ050-0105	7.310	92	768	that society and its leaders had combined to thwart him. It will require every available resource of our Government
LJ050-0107	3.362	43	365	Liaison with other agencies regarding intelligence.
LJ050-0109	6.567	83	692	Since the assassination, the Service has recognized that these relationships must be far more formal
LJ050-0111	8.761	110	916	Once the Secret Service has formulated its new standards for collection of information, it should enter into written agreements with each Federal agency
LJ050-0113	7.763	98	821	Such agreements should describe in detail the information which is sought, the manner in which it will be provided to the Secret Service,
LJ050-0115	4.686	59	496	This is especially necessary with regard to the FBI and CIA,
LJ050-0117	5.522	70	584	particularly those arising from organized groups, within their special jurisdiction.
LJ050-0119	8.181	103	855	they should be responsible for advising the Secret Service if information develops indicating the existence of an assassination plot
LJ050-0121	8.599	108	897	Detailed formal agreements embodying these arrangements should be worked out between the Secret Service and both of these agencies.
LJ050-0123	6.242	79	658	and investigative capabilities of the agencies now operating in this field but will continue
LJ050-0125	7.739	97	807	Once experience has been gained in implementing such agreements with the Federal and leading State and local agencies,
LJ050-0127	8.308	104	863	should negotiate similar arrangements with such other State and local law enforcement agencies as may provide meaningful assistance.
LJ050-0129	7.496	94	781	and this source should not be neglected by undue concentration on relationships with other Federal agencies.
LJ050-0131	7.658	96	798	unless a system is established for the frequent formal review of activities thereunder. In this regard
LJ050-0133	6.729	85	706	In his testimony Secretary of the Treasury C. Douglas Dillon informed the Commission
LJ050-0135	1.876	24	209	According to Secretary Dillon,
LJ050-0137	2.852	36	308	FBI, and the Secret Service.
LJ050-0139	9.574	120	998	to serve as liaison officers with law enforcement and intelligence agencies. On the basis of the Department's review during the past several months,
LJ050-0141	9.028	113	941	As a beginning step to improve liaison with local law enforcement officials, the Secret Service on August twenty-six, nineteen sixty-four,
LJ050-0143	4.001	51	431	county, and State law enforcement agencies in their districts.
LJ050-0145	8.390	105	873	and the Commission recommends that these and the other measures suggested by the Commission be pursued vigorously by Secret Service.
LJ050-0147	5.742	72	606	Unless the Secret Service is able to deal rapidly and accurately with a growing body of data,
LJ050-0149	8.842	111	920	PRS must develop the capacity to classify its subjects on a more sophisticated basis than the present geographic breakdown.
LJ050-0151	9.272	116	966	it makes no use of the recent developments in automatic data processing which are widely used in the business world and in other Government offices.
LJ050-0153	9.400	118	985	In the planning document currently under review by the Bureau of the Budget, the Department recommends that it be permitted to hire five qualified persons, quote,
LJ050-0155	7.031	88	734	Also the Department requests the sum of one hundred thousand dollars to conduct a detailed feasibility study;
LJ050-0157	2.445	31	269	On the basis of such a feasibility study,
LJ050-0159	5.081	64	538	The Commission recommends that prompt and favorable consideration be given to this request.
LJ050-0163	8.633	108	902	the Secret Service should attempt to develop a system compatible with those of the agencies from which most of its data will come. Note:
LJ050-0165	9.423	118	983	the Commission had occasion to become informed, to a limited extent, about the data processing techniques of other Federal intelligence and law enforcement agencies.
LJ050-0167	7.786	98	812	to develop coordinated and mutually compatible systems, even where such coordination would not seem inconsistent
LJ050-0169	8.320	104	869	and that many strongly held views are advanced in resistance to any suggestion that an effort be made to impose any degree of coordination.
LJ050-0171	6.253	79	664	but it seems to warrant further study before each agency becomes irrevocably committed to separate action.
LJ050-0175	9.307	117	971	Since the assassination, Secret Service procedures have been changed to require that a member of PRS accompany each advance survey team
LJ050-0177	6.462	81	675	This PRS agent will also be responsible for establishing an informal local liaison committee
LJ050-0179	8.540	107	890	Based on its experience during this period, the Secret Service now recommends that additional personnel be made available to PRS
LJ050-0181	5.731	72	605	The Commission regards this as a most useful innovation and urges that the practice be continued.
LJ050-0183	8.192	103	858	Advice by the Secret Service to local police in metropolitan areas relating to the assistance expected in connection with a Presidential visit
LJ050-0185	7.658	96	799	The Service should consider preparing formal explanations of the cooperation anticipated during a Presidential visit to a city,
LJ050-0187	9.202	116	970	Thus, the local chief of police could be given a master plan, prepared for the occasion, of all protective measures to be taken during the visit;
LJ050-0189	7.066	89	744	that written instructions might come into the hands of local newspapers, to the prejudice of the precautions described.
LJ050-0191	7.124	90	749	More importantly, the lack of carefully prepared and carefully transmitted instructions for typical visits to cities
LJ050-0193	3.792	48	407	Such instructions will not fit all circumstances, of course,
LJ050-0195	1.574	20	176	Inspection of Buildings
LJ050-0197	2.050	26	225	According to Secretary Dillon,
LJ050-0199	5.917	74	619	The Commission strongly encourages these efforts to improve protection along a motorcade route.
LJ050-0201	5.336	67	565	in the locality to assure adequate manpower for this task, as it is now doing.
LJ050-0203	3.037	38	324	in this crucial area of Presidential protection.
LJ050-0205	2.782	35	300	Testimony and other evidence before the Commission
LJ050-0207	4.895	62	524	Although Chief Rowley does not complain about the pay scale for Secret Service agents,
LJ050-0209	3.432	43	366	The assistant to the Director of the FBI testified that
LJ050-0211	8.088	102	849	Chief Rowley testified that the present workload of each Secret Service agent averages one hundred ten point one cases.
LJ050-0213	5.359	67	563	field agents supplement those on the detail, particularly when the President is traveling.
LJ050-0215	5.905	74	619	these figures suggest that the agents of the Secret Service are substantially overworked.
LJ050-0217	9.516	119	989	the Secret Service sought funds for twenty-five new positions, primarily in field offices. This increase has been approved by the Congress.
LJ050-0219	6.753	85	710	However, the nineteen sixty-four to sixty-five budget request was submitted in November nineteen sixty-three
LJ050-0221	6.950	87	729	The Secret Service has now presented its recommendations to the Bureau of the Budget. The plan proposed by the Service
LJ050-0223	9.551	120	1000	The plan provides for an additional two hundred five agents for the Secret Service. Seventeen of this number are proposed for the Protective Research Section;
LJ050-0225	4.291	54	458	and be available to protect the President or Vice President when they travel;
LJ050-0227	7.890	99	825	in case of unexpected need; and twenty-five additional agents are recommended to provide the Vice President full protection.
LJ050-0229	9.411	118	985	as soon as it can be justified. The Congress has often stressed that it will support any reasonable request for funds for the protection of the President.
LJ050-0231	7.983	100	829	Before the assassination the Secret Service infrequently requested other Federal law enforcement agencies to provide personnel
LJ050-0233	7.844	99	825	Since the assassination, the Service has experimented with the use of agents borrowed for short periods from such agencies.
LJ050-0235	7.995	100	833	It has also used other Federal law enforcement agents during Presidential visits to cities in which such agents are stationed.
LJ050-0239	5.034	63	527	From February eleven through June thirty, nineteen sixty-four,
LJ050-0241	5.174	65	548	The FBI has indicated that it is willing to continue to make such assistance available,
LJ050-0243	7.020	88	738	The Commission endorses these efforts to supplement the Service's own personnel by obtaining, for short periods of time,
LJ050-0247	8.924	112	929	The Commission recommends that the agencies involved determine how much periodic assistance they can provide, and that each such agency
LJ050-0249	5.185	65	547	It may eventually be desirable to codify the practice in an Executive order.
LJ050-0251	3.420	43	368	the amount of assistance that it can expect from other agencies.
LJ050-0253	7.600	96	801	that the job of protecting the President has not been and cannot be exclusively the responsibility of the Secret Service.
LJ050-0255	2.294	29	253	This no longer appears to be the case.
LJ050-0257	6.253	79	660	Recognition that the responsibility must be shared increases the likelihood that it will be met.
LJ050-0261	6.822	86	719	from many Government agencies including the Department of Defense and the President's Office of Science and Technology.
LJ050-0263	8.355	105	875	it will continue to rely in many respects upon the greater resources of the Office of Science and Technology and other agencies.
LJ050-0265	9.272	116	970	with the Office of Science and Technology and the other Federal agencies that have been so helpful to the Secret Service be placed on a permanent and formal basis.
LJ050-0269	5.174	65	548	The essential terms of such memoranda might well be embodied in an Executive order.
LJ050-0271	7.472	94	784	The demands on the President in the execution of His responsibilities in today's world are so varied and complex
LJ050-0273	5.452	69	581	The Commission has, however, from its examination of the facts of President Kennedy's assassination
LJ050-0275	9.121	115	959	materially improve upon the procedures in effect at the time of President Kennedy's assassination and result in a substantial lessening of the danger.
LJ050-0277	8.715	109	910	with the active cooperation of the responsible agencies and with the understanding of the people of the United States in their demands upon their President,
